step,loss,loss_num,loss_order,loss_grammar,grad_norm,logit_max,weight_norm,lr
10,7.843035697937012,7.813614845275879,7.987646102905273,7.823508262634277,1.9843533039093018,2.790642499923706,1274.060677885479,2.2e-06
20,7.776120185852051,7.829091548919678,7.796533584594727,7.693474292755127,2.2505276203155518,2.8373453617095947,1274.060040147344,4.2000000000000004e-06
30,7.674618721008301,7.788403511047363,7.6661553382873535,7.523828029632568,2.0439701080322266,2.8516385555267334,1274.0587641630277,6.2e-06
40,7.565761566162109,7.798308372497559,7.360597133636475,7.2877020835876465,1.86197030544281,2.864108085632324,1274.0571544255304,8.200000000000001e-06
50,7.382210731506348,7.771800518035889,7.033905029296875,7.0001220703125,1.9566015005111694,2.9770641326904297,1274.0545245652752,1.02e-05
60,7.266024589538574,7.7578206062316895,6.721888542175293,6.718460559844971,1.7147903442382812,3.0333642959594727,1274.0508363018857,1.22e-05
70,7.060011386871338,7.745055675506592,6.426319599151611,6.416416168212891,1.7574619054794312,3.3284823894500732,1274.0462929431867,1.42e-05
80,7.029234886169434,7.717239856719971,6.147899150848389,6.1935343742370605,1.4602041244506836,3.6464154720306396,1274.040271299972,1.62e-05
90,6.794789791107178,7.695267200469971,5.950214862823486,5.877277374267578,1.6380565166473389,3.966474771499634,1274.0334864852514,1.8200000000000002e-05
100,6.727280139923096,7.678526878356934,5.721461772918701,5.743148326873779,1.4757078886032104,4.34022855758667,1274.0266888979027,2.0200000000000003e-05
110,6.5642876625061035,7.6670122146606445,5.716865539550781,5.448561191558838,1.525232195854187,4.764350414276123,1274.0193713218391,2.22e-05
120,6.4920477867126465,7.66109561920166,5.287652492523193,5.257960796356201,1.4326211214065552,5.307479381561279,1274.0117347204618,2.4200000000000002e-05
130,6.328203201293945,7.60938835144043,5.1500773429870605,4.964271545410156,1.4397858381271362,5.995319366455078,1274.0041648997717,2.6200000000000003e-05
140,6.2711310386657715,7.569601058959961,5.307419776916504,4.787483215332031,1.3459813594818115,6.679821491241455,1273.995638646437,2.8199999999999998e-05
150,6.087685585021973,7.552608489990234,4.976123809814453,4.483692646026611,1.3570191860198975,7.297435760498047,1273.9863725930468,3.02e-05
160,6.050962924957275,7.4673590660095215,4.732927322387695,4.3376898765563965,1.2413952350616455,7.717250347137451,1273.9765034080756,3.2200000000000003e-05
170,6.019087314605713,7.541410446166992,4.542705059051514,4.280223369598389,1.1090079545974731,8.178385734558105,1273.964919892097,3.4200000000000005e-05
180,5.596034526824951,7.471552848815918,4.230350494384766,3.752502679824829,1.2839457988739014,8.439659118652344,1273.9522904564826,3.62e-05
190,5.571003437042236,7.441030502319336,3.847672462463379,3.613269090652466,1.1001291275024414,8.698027610778809,1273.9381844689717,3.82e-05
200,5.43510627746582,7.305708885192871,3.9514999389648438,3.2376725673675537,1.0863791704177856,8.84445571899414,1273.9222273394678,4.02e-05
210,5.49263334274292,7.387939929962158,3.844355583190918,3.2674989700317383,0.9161072969436646,9.007248878479004,1273.905200593156,4.22e-05
220,5.341247081756592,7.31156587600708,3.8443541526794434,3.0882182121276855,0.9508647918701172,9.156457901000977,1273.887802266951,4.4200000000000004e-05
230,5.159101486206055,7.3551201820373535,3.610701084136963,2.892165184020996,0.9595862627029419,9.19470500946045,1273.8693307054846,4.6200000000000005e-05
240,5.1927995681762695,7.29133939743042,3.4173696041107178,2.7788407802581787,0.796779453754425,9.451745986938477,1273.8498536737993,4.82e-05
250,5.190706253051758,7.2772417068481445,3.383286476135254,2.7271621227264404,0.7242488265037537,9.453851699829102,1273.8296031583372,5.02e-05
260,4.971130847930908,7.335509300231934,3.493375539779663,2.4790475368499756,0.7794609069824219,9.526924133300781,1273.8085949500592,5.22e-05
270,4.862882614135742,7.14436674118042,3.0056369304656982,2.204296827316284,0.7888398766517639,9.665698051452637,1273.7866847163964,5.420000000000001e-05
280,4.730145454406738,7.189163684844971,3.095492362976074,2.1175997257232666,0.7602900862693787,9.654667854309082,1273.7643886599133,5.620000000000001e-05
290,4.69214391708374,7.069460391998291,2.717233180999756,1.996579885482788,0.7138280868530273,9.703431129455566,1273.7410646144504,5.82e-05
300,4.7416157722473145,7.006349086761475,3.2381227016448975,2.008652687072754,0.6624722480773926,9.846110343933105,1273.7170067693273,6.02e-05
310,4.702968120574951,7.045992851257324,3.2100608348846436,1.9105490446090698,0.6697676777839661,9.847670555114746,1273.6927429990135,6.220000000000001e-05
320,4.398346424102783,6.919600486755371,2.6676723957061768,1.5821561813354492,0.6994478106498718,9.949378967285156,1273.6682219092204,6.42e-05
330,4.339392185211182,7.007409572601318,2.768249034881592,1.591281533241272,0.7242538332939148,9.966775894165039,1273.6437190217705,6.620000000000001e-05
340,4.432499408721924,6.910635948181152,2.7958881855010986,1.6443575620651245,0.6308632493019104,10.025094032287598,1273.6192286897729,6.82e-05
350,4.389404296875,6.702240943908691,2.8346076011657715,1.5971770286560059,0.5612992644309998,10.105554580688477,1273.5942491434726,7.02e-05
360,4.260426998138428,6.777895927429199,2.5769083499908447,1.510296106338501,0.6205082535743713,10.123457908630371,1273.5697592820907,7.22e-05
370,4.053898334503174,6.634265899658203,2.1895596981048584,1.3085330724716187,0.6278074979782104,10.255266189575195,1273.5453049777177,7.42e-05
380,4.113831043243408,6.554813861846924,2.18786358833313,1.2272347211837769,0.5435017347335815,10.239190101623535,1273.519924014213,7.620000000000001e-05
390,3.880019187927246,6.698089122772217,2.1621155738830566,1.0824882984161377,0.6122182011604309,10.288220405578613,1273.4942915548659,7.82e-05
400,3.8978703022003174,6.468515872955322,2.157111406326294,1.0441703796386719,0.5391156673431396,10.392805099487305,1273.4689792559545,8.020000000000001e-05
410,3.9461307525634766,6.6512579917907715,2.447591543197632,1.0862356424331665,0.5383349657058716,10.456306457519531,1273.4431936312249,8.22e-05
420,3.9707369804382324,6.553701400756836,2.4856956005096436,1.090927243232727,0.5182993412017822,10.493401527404785,1273.417259255583,8.42e-05
430,4.0858073234558105,6.677879333496094,2.4095349311828613,1.1524605751037598,0.4369473457336426,10.56002140045166,1273.391761937493,8.620000000000001e-05
440,3.9117119312286377,6.345400810241699,2.3406624794006348,0.9834180474281311,0.4613724946975708,10.657308578491211,1273.3651002850042,8.82e-05
450,3.8470451831817627,6.465816974639893,2.28934383392334,0.8123332858085632,0.4982399642467499,10.662248611450195,1273.338451011368,9.020000000000001e-05
460,3.8149313926696777,6.3784966468811035,2.3202710151672363,0.9091399908065796,0.5321372151374817,10.715259552001953,1273.3122342247407,9.22e-05
470,3.694002151489258,6.252904415130615,1.966715931892395,0.8531097173690796,0.541929304599762,10.770560264587402,1273.2844379992698,9.42e-05
480,3.7510037422180176,6.269390106201172,2.053473711013794,0.8449276089668274,0.435710072517395,10.829546928405762,1273.2557126456118,9.620000000000001e-05
490,3.6756932735443115,6.329843044281006,1.8760818243026733,0.7890139222145081,0.450855016708374,10.864965438842773,1273.226969433536,9.82e-05
500,3.821911334991455,6.453510761260986,2.127049446105957,0.9047412872314453,0.4182063341140747,10.949358940124512,1273.1969371392345,0.0001
510,3.650876998901367,5.956636428833008,1.9320465326309204,0.6968593001365662,0.5223180651664734,10.960967063903809,1273.1664442628062,9.99999415999866e-05
520,3.566204071044922,6.183957099914551,2.182615280151367,0.7103957533836365,0.6172453165054321,10.996297836303711,1273.1374836236828,9.999976640009794e-05
530,3.694003105163574,6.31805419921875,2.1124255657196045,0.7060490846633911,0.41233739256858826,11.094761848449707,1273.1106461805,9.99994744007888e-05
540,3.554499864578247,6.243307113647461,2.1277031898498535,0.6654840707778931,0.4712067246437073,11.173401832580566,1273.0841481172708,9.999906560281705e-05
550,3.586517572402954,6.275935173034668,2.0548923015594482,0.6258494257926941,0.45470455288887024,11.231457710266113,1273.0591645963073,9.999854000724376e-05
560,3.611841917037964,6.206981658935547,1.6701334714889526,0.7040342688560486,0.37500354647636414,11.220355987548828,1273.0333987329184,9.999789761543314e-05
570,3.577761650085449,6.150636196136475,1.9006882905960083,0.6666731834411621,0.5789006948471069,11.278446197509766,1273.0064072770601,9.999713842905256e-05
580,3.613224983215332,5.996913909912109,2.162975549697876,0.6661539673805237,0.3783312439918518,11.32634449005127,1272.9818834565056,9.999626245007253e-05
590,3.610875129699707,6.226820468902588,1.8839737176895142,0.6618074178695679,0.48887765407562256,11.384749412536621,1272.9546494849924,9.999526968076671e-05
600,3.524202346801758,6.073299884796143,1.5347340106964111,0.6139066219329834,0.5868109464645386,11.431171417236328,1272.927177436456,9.999416012371186e-05
610,3.3919272422790527,6.005008220672607,1.8144701719284058,0.5661897659301758,0.5060433745384216,11.478282928466797,1272.897771212181,9.999293378178792e-05
620,3.407362699508667,5.883915424346924,1.759146809577942,0.5213286876678467,0.6046387553215027,11.523383140563965,1272.8731393611708,9.999159065817795e-05
630,3.554628372192383,6.0286383628845215,1.6624553203582764,0.6650227308273315,0.7112298607826233,11.521708488464355,1272.8491978381703,9.999013075636805e-05
640,3.534296751022339,5.975198268890381,1.9663445949554443,0.5675148367881775,0.4116615355014801,11.56363296508789,1272.8241132041176,9.99885540801475e-05
650,3.4760324954986572,5.979336261749268,1.889623761177063,0.545474112033844,0.3688156008720398,11.572919845581055,1272.7982046975765,9.998686063360869e-05
660,3.357762575149536,5.983637809753418,1.5942620038986206,0.5045834183692932,0.5535181760787964,11.67650318145752,1272.7731873497246,9.9985050421147e-05
670,3.317817211151123,5.978435039520264,1.5529435873031616,0.4878526031970978,0.8156877756118774,11.709144592285156,1272.749412205547,9.998312344746097e-05
680,3.313241720199585,5.699947357177734,1.782008171081543,0.5090211629867554,0.8440626263618469,11.690547943115234,1272.724335425482,9.998107971755216e-05
690,3.426861524581909,5.825134754180908,1.9709056615829468,0.5208337903022766,0.636224091053009,11.747676849365234,1272.7004538659464,9.997891923672517e-05
700,3.3866894245147705,5.85725212097168,1.8299297094345093,0.5161920785903931,0.5608217716217041,11.752195358276367,1272.6762319015231,9.997664201058768e-05
710,3.393404722213745,6.02017068862915,2.117002248764038,0.49546268582344055,0.5066570043563843,11.871225357055664,1272.6527285676723,9.997424804505034e-05
720,3.448158025741577,5.8978590965271,1.908077359199524,0.4581969976425171,0.4981119930744171,11.879303932189941,1272.6294257403486,9.997173734632681e-05
730,3.304405927658081,5.934892177581787,1.9334537982940674,0.4827066659927368,0.5155337452888489,11.88701057434082,1272.606601865032,9.996910992093378e-05
740,3.336130142211914,5.9157514572143555,1.6967706680297852,0.4669337570667267,0.5856406092643738,11.869403839111328,1272.5834028550232,9.996636577569086e-05
750,3.426372528076172,5.869370460510254,1.9433625936508179,0.512119472026825,0.7204594612121582,11.958041191101074,1272.5606987477515,9.996350491772064e-05
760,3.575793504714966,6.1164069175720215,1.9467144012451172,0.5020421147346497,0.6163785457611084,12.0577392578125,1272.538241534459,9.996052735444863e-05
770,3.360746145248413,5.706940174102783,1.7919930219650269,0.4738510847091675,0.7899314761161804,11.96811580657959,1272.515489950072,9.995743309360326e-05
780,3.4904472827911377,5.982049465179443,1.7080961465835571,0.4746060371398926,0.592789351940155,11.992379188537598,1272.493364188113,9.995422214321588e-05
790,3.2665019035339355,5.848161220550537,1.7728303670883179,0.45152387022972107,0.4697779715061188,12.017553329467773,1272.4713037177362,9.995089451162068e-05
800,3.363065004348755,5.826221942901611,1.8648021221160889,0.45063427090644836,0.6512517333030701,12.126157760620117,1272.4492728581224,9.99474502074547e-05
810,3.094792604446411,5.700929641723633,1.6740739345550537,0.3859066069126129,0.6226198673248291,12.122703552246094,1272.4282902105779,9.994388923965784e-05
820,3.3950934410095215,5.924659252166748,1.694545030593872,0.45753130316734314,0.6792708039283752,12.134271621704102,1272.408163947885,9.99402116174728e-05
830,3.1759226322174072,5.891929626464844,1.673134684562683,0.40618467330932617,1.1918243169784546,12.216717720031738,1272.3863998317674,9.993641735044503e-05
840,3.2926182746887207,5.639315605163574,1.7686512470245361,0.4386577606201172,1.0450234413146973,12.2413330078125,1272.3657972713231,9.993250644842278e-05
850,3.3316638469696045,5.5577921867370605,1.6686526536941528,0.44869619607925415,0.4639703035354614,12.224242210388184,1272.3447072848146,9.9928478921557e-05
860,3.082892894744873,5.831448078155518,1.5864980220794678,0.3981856405735016,0.6375105977058411,12.227509498596191,1272.3237497105474,9.992433478030138e-05
870,3.201277017593384,5.650525093078613,1.521918773651123,0.42110568284988403,0.7448545098304749,12.36858081817627,1272.3028933791516,9.992007403541229e-05
880,3.3519744873046875,5.87286901473999,1.7433280944824219,0.4327860176563263,1.2852554321289062,12.288530349731445,1272.2824883395936,9.991569669794869e-05
890,3.0579121112823486,5.557790756225586,1.493679165840149,0.3983311951160431,1.0080726146697998,12.333788871765137,1272.2614014336807,9.991120277927223e-05
900,3.323314666748047,5.841949462890625,1.6774100065231323,0.38974589109420776,0.9566879868507385,12.448221206665039,1272.2415055048361,9.990659229104712e-05
910,3.180189371109009,5.732133865356445,1.7478687763214111,0.43884551525115967,0.5441911220550537,12.404991149902344,1272.22274382621,9.990186524524014e-05
920,3.3096258640289307,5.68220329284668,1.5646440982818604,0.3920751214027405,0.6245978474617004,12.52601432800293,1272.2033772823427,9.98970216541206e-05
930,3.241893768310547,5.700422286987305,1.7899394035339355,0.3882254660129547,0.5855201482772827,12.455890655517578,1272.1837705816995,9.989206153026032e-05
940,3.1899478435516357,5.635275840759277,1.8959355354309082,0.38457444310188293,0.7864309549331665,12.447211265563965,1272.1630303359577,9.988698488653359e-05
950,3.2975661754608154,5.68997049331665,1.7337616682052612,0.37357622385025024,0.533344566822052,12.566902160644531,1272.1428735259328,9.988179173611711e-05
960,3.1109819412231445,5.571221828460693,1.7032233476638794,0.39720648527145386,0.8527970910072327,12.500821113586426,1272.1244792271227,9.987648209248997e-05
970,3.3270537853240967,5.757205963134766,1.6391404867172241,0.41348087787628174,1.2438119649887085,12.695572853088379,1272.1060399055937,9.98710559694337e-05
980,3.3504247665405273,5.674442768096924,1.8666871786117554,0.3698709309101105,0.7622014284133911,12.507246017456055,1272.087389022964,9.986551338103208e-05
990,3.146291732788086,5.740635871887207,1.7190771102905273,0.3738050162792206,0.5426403880119324,12.662418365478516,1272.0683607285462,9.985985434167123e-05
1000,3.2440011501312256,5.830690860748291,1.297143816947937,0.3736799359321594,2.0373497009277344,12.55473804473877,1272.0493056288017,9.985407886603945e-05
1010,3.139674663543701,5.626603126525879,1.5432312488555908,0.37979811429977417,0.8613988161087036,12.60213851928711,1272.0306490231649,9.984818696912737e-05
1020,3.26861572265625,5.642554759979248,1.448625922203064,0.4077197015285492,2.2674176692962646,12.5472993850708,1272.0116141977285,9.98421786662277e-05
1030,3.1956722736358643,5.806746959686279,1.5844156742095947,0.36003661155700684,0.5585566163063049,12.766020774841309,1271.9915331006346,9.983605397293534e-05
1040,3.3156981468200684,5.86395788192749,1.7368215322494507,0.3618830144405365,0.6713297367095947,12.61196517944336,1271.972305132847,9.98298129051473e-05
1050,3.2143638134002686,5.6958208084106445,1.6554663181304932,0.34905359148979187,0.6902015209197998,12.768074035644531,1271.9521804183794,9.982345547906258e-05
1060,3.105614185333252,5.623123645782471,1.8692036867141724,0.3451044261455536,1.4264944791793823,12.736218452453613,1271.932781836897,9.981698171118227e-05
1070,3.0240578651428223,5.445372104644775,1.6581960916519165,0.34018081426620483,0.7340502142906189,12.67409610748291,1271.9137267017277,9.981039161830939e-05
1080,3.083714485168457,5.483093738555908,1.7326610088348389,0.35021162033081055,0.7374731302261353,12.85855770111084,1271.8944468390803,9.980368521754887e-05
1090,3.207803964614868,5.73459529876709,1.5442602634429932,0.3912957012653351,3.3853964805603027,12.718952178955078,1271.8751133315511,9.979686252630758e-05
1100,3.1313700675964355,5.4888386726379395,1.892573595046997,0.3231709897518158,1.2817862033843994,12.91855525970459,1271.856072353048,9.978992356229419e-05
1110,3.081897497177124,5.4701619148254395,1.4008225202560425,0.3480450212955475,0.9011136293411255,12.829538345336914,1271.8378588434061,9.978286834351917e-05
1120,3.262502670288086,5.625272750854492,1.4733065366744995,0.3715417981147766,1.5454039573669434,12.945541381835938,1271.819856947014,9.977569688829475e-05
1130,3.1574149131774902,5.527699947357178,1.708385705947876,0.3416604995727539,0.6856415867805481,12.835641860961914,1271.8003172984763,9.97684092152348e-05
1140,2.9774818420410156,5.397774696350098,1.397153377532959,0.33360931277275085,1.6320600509643555,12.87015151977539,1271.7815192170112,9.976100534325493e-05
1150,3.1513164043426514,5.448619365692139,1.643069863319397,0.34189730882644653,2.078371047973633,12.890324592590332,1271.763755093046,9.97534852915723e-05
1160,3.1782031059265137,5.5200514793396,1.7322406768798828,0.33819812536239624,0.7913347482681274,12.862747192382812,1271.745114497199,9.974584907970562e-05
1170,3.163053274154663,5.409372329711914,1.7694700956344604,0.3445185720920563,0.5913708209991455,12.885551452636719,1271.7257256385717,9.97380967274751e-05
1180,3.1794605255126953,5.502170085906982,1.7161824703216553,0.3689424693584442,2.235805034637451,12.994380950927734,1271.7075047213114,9.973022825500239e-05
1190,3.135653495788574,5.465078830718994,1.7541279792785645,0.3354196548461914,1.371405005455017,12.992654800415039,1271.6897333100615,9.97222436827106e-05
1200,3.044879198074341,5.485093593597412,1.725054144859314,0.30966952443122864,1.0602129697799683,13.028100967407227,1271.6716112107529,9.971414303132409e-05
1210,3.1054959297180176,5.542648792266846,1.685981273651123,0.35018983483314514,1.1813383102416992,12.8452787399292,1271.6532422270266,9.970592632186858e-05
1220,3.1253702640533447,5.453714847564697,1.9953268766403198,0.34281274676322937,0.974746584892273,13.125402450561523,1271.6338810900033,9.969759357567099e-05
1230,3.249615430831909,5.659857273101807,1.8319511413574219,0.32772672176361084,2.24812912940979,12.976458549499512,1271.6157284882133,9.968914481435942e-05
1240,3.0995876789093018,5.460376739501953,1.564642310142517,0.32523348927497864,1.3527328968048096,13.17151927947998,1271.5965810687821,9.968058005986315e-05
1250,3.071072578430176,5.359031677246094,1.694271445274353,0.3172721862792969,0.8233157396316528,13.102494239807129,1271.578481964706,9.967189933441243e-05
1260,3.0372655391693115,5.439955711364746,1.62357759475708,0.297880619764328,0.6680213212966919,13.065417289733887,1271.5596574328724,9.966310266053861e-05
1270,3.0605742931365967,5.495521545410156,1.6087385416030884,0.3270474672317505,1.4202630519866943,13.036378860473633,1271.5413220550558,9.96541900610739e-05
1280,3.057621717453003,5.426894664764404,1.6268073320388794,0.2938253581523895,1.5046136379241943,13.167713165283203,1271.5242678103302,9.964516155915151e-05
1290,2.8957595825195312,5.251021862030029,1.7018094062805176,0.3033253252506256,0.9017603397369385,13.124380111694336,1271.5058809012367,9.963601717820538e-05
1300,3.096961736679077,5.3429059982299805,1.7746083736419678,0.2906753718852997,0.8734108805656433,13.132489204406738,1271.4877352439717,9.96267569419703e-05
1310,3.0491154193878174,5.301185131072998,1.8557264804840088,0.31308552622795105,1.143499493598938,13.350313186645508,1271.468928210459,9.96173808744817e-05
1320,3.006803274154663,5.313965797424316,1.8696465492248535,0.3156585395336151,1.0697346925735474,13.252754211425781,1271.4506153614886,9.96078890000757e-05
1330,3.150540351867676,5.406113147735596,1.6409462690353394,0.3037334978580475,0.7429566383361816,13.222541809082031,1271.4331369386136,9.9598281343389e-05
1340,2.937030792236328,5.186841011047363,1.4646772146224976,0.30183467268943787,0.7719396352767944,13.310158729553223,1271.4171237679616,9.958855792935884e-05
1350,3.1307387351989746,5.474093437194824,1.8222030401229858,0.31052741408348083,0.7312929630279541,13.272383689880371,1271.399081146227,9.957871878322283e-05
1360,2.8846535682678223,5.2292399406433105,1.4377293586730957,0.3370852768421173,1.6849465370178223,13.257705688476562,1271.3816666612825,9.956876393051906e-05
1370,3.0424628257751465,5.3585920333862305,1.4461756944656372,0.26449692249298096,1.3366094827651978,13.291884422302246,1271.364217041767,9.95586933970859e-05
1380,3.0485103130340576,5.305831432342529,1.5348354578018188,0.29232949018478394,1.331771969795227,13.33423137664795,1271.347140883347,9.954850720906197e-05
1390,3.0804314613342285,5.325138092041016,1.5665991306304932,0.3254639208316803,0.6345676779747009,13.212242126464844,1271.3302228128123,9.953820539288612e-05
1400,3.02905535697937,5.255456924438477,1.4056318998336792,0.29032108187675476,1.0393356084823608,13.350427627563477,1271.3125459678613,9.95277879752973e-05
1410,3.034541606903076,5.218371391296387,1.6354243755340576,0.2848125696182251,0.9917711019515991,13.257993698120117,1271.2940034068185,9.951725498333448e-05
1420,3.0457847118377686,5.3177876472473145,1.4842863082885742,0.31728702783584595,1.3340972661972046,13.25157642364502,1271.2757767955482,9.950660644433664e-05
1430,3.1461219787597656,5.334742546081543,1.790037751197815,0.29206764698028564,2.1436173915863037,13.345852851867676,1271.2583149437535,9.949584238594264e-05
1440,3.192265272140503,5.438748359680176,1.5565040111541748,0.32119020819664,1.6149916648864746,13.496217727661133,1271.2402904173384,9.948496283609122e-05
1450,2.9932942390441895,5.407507419586182,1.6116929054260254,0.301184743642807,1.349887490272522,13.305781364440918,1271.2225061453353,9.947396782302088e-05
1460,2.876102924346924,5.114497661590576,1.626389741897583,0.26973357796669006,1.1044269800186157,13.409128189086914,1271.2046109675866,9.946285737526974e-05
1470,2.829320192337036,4.987708568572998,1.467491865158081,0.2959922254085541,0.6508181095123291,13.391341209411621,1271.1864771804062,9.945163152167565e-05
1480,2.8911209106445312,5.187459945678711,1.5343272686004639,0.27387264370918274,1.1830170154571533,13.500696182250977,1271.1682262386796,9.944029029137591e-05
1490,3.004671573638916,5.324928283691406,1.8112297058105469,0.30114683508872986,1.825872540473938,13.41049575805664,1271.1499873762116,9.942883371380733e-05
1500,2.920227289199829,5.1438069343566895,1.5677359104156494,0.24504046142101288,0.9126236438751221,13.435553550720215,1271.1327318218378,9.941726181870608e-05
1510,3.007246732711792,5.222651958465576,1.645162582397461,0.27743369340896606,0.8094743490219116,13.447418212890625,1271.1146254899575,9.94055746361077e-05
1520,2.925860643386841,5.187317371368408,1.5733461380004883,0.31383368372917175,1.257992148399353,13.47407054901123,1271.09713455051,9.939377219634689e-05
1530,3.04036808013916,5.255798816680908,1.844122290611267,0.27570968866348267,1.7042096853256226,13.556053161621094,1271.0796544933196,9.938185453005758e-05
1540,3.0002424716949463,5.174105644226074,1.559312105178833,0.28622081875801086,1.4881395101547241,13.489444732666016,1271.0624830396698,9.936982166817273e-05
1550,2.9177238941192627,5.019822597503662,1.5184887647628784,0.2858430743217468,1.1086032390594482,13.52742862701416,1271.0461929700614,9.935767364192428e-05
1560,2.948530673980713,5.161775588989258,1.71494722366333,0.2806127965450287,0.8314213752746582,13.68842601776123,1271.0293279202804,9.934541048284317e-05
1570,2.9527292251586914,5.178043365478516,1.1747314929962158,0.2796761691570282,2.1515510082244873,13.5382080078125,1271.0124986585702,9.933303222275907e-05
1580,2.99295973777771,5.318831443786621,1.810987114906311,0.28028032183647156,1.3396923542022705,13.678241729736328,1270.994911001004,9.932053889380048e-05
1590,2.944377899169922,5.148796081542969,1.6567625999450684,0.314278244972229,1.9913322925567627,13.62089729309082,1270.9781085593606,9.930793052839452e-05
1600,2.854707717895508,5.061515808105469,1.5243844985961914,0.3082602322101593,0.8963043093681335,13.960240364074707,1270.9614487173515,9.92952071592669e-05
1610,2.7505342960357666,4.995662689208984,1.557521939277649,0.2887059450149536,0.7642682790756226,13.689815521240234,1270.945163802641,9.928236881944187e-05
1620,2.6747493743896484,5.073983669281006,1.4308775663375854,0.25839921832084656,1.0099207162857056,13.632104873657227,1270.9288827140392,9.926941554224203e-05
1630,2.73740816116333,4.868633270263672,1.5774158239364624,0.28179407119750977,0.8897106051445007,13.515290260314941,1270.9119588078017,9.925634736128836e-05
1640,2.8851430416107178,5.201897621154785,1.6304994821548462,0.28785696625709534,1.1377288103103638,13.510226249694824,1270.8952285044702,9.924316431050005e-05
1650,2.790297746658325,5.0042619705200195,1.4167084693908691,0.27758127450942993,1.008784294128418,13.681192398071289,1270.878802838473,9.922986642409447e-05
1660,3.014787435531616,5.038603782653809,1.7153832912445068,0.2759467661380768,0.793341875076294,13.720908164978027,1270.8632110397,9.921645373658697e-05
1670,2.872668504714966,5.046842575073242,1.831666111946106,0.26032358407974243,1.290151596069336,13.653617858886719,1270.847248187147,9.920292628279099e-05
1680,2.8804666996002197,5.193688869476318,1.8262147903442383,0.2632897198200226,3.036691904067993,13.721601486206055,1270.831325772981,9.91892840978178e-05
1690,3.0749258995056152,5.231787204742432,1.9300200939178467,0.2974071502685547,2.8974409103393555,13.697453498840332,1270.8145085914043,9.917552721707642e-05
1700,2.9940202236175537,5.0076117515563965,1.7373888492584229,0.2894956171512604,1.9869650602340698,13.706337928771973,1270.7992541229626,9.916165567627362e-05
1710,2.8954641819000244,5.0350661277771,1.6378216743469238,0.2573055624961853,1.2835536003112793,13.680496215820312,1270.7837299148675,9.914766951141376e-05
1720,2.7363080978393555,4.886076927185059,1.553386926651001,0.24538007378578186,0.9990328550338745,13.660099029541016,1270.76740642438,9.913356875879873e-05
1730,2.758084535598755,4.893170356750488,1.545095443725586,0.24267815053462982,1.4736599922180176,13.751224517822266,1270.7507848476525,9.911935345502782e-05
1740,2.950035810470581,5.19170618057251,1.5283092260360718,0.28342780470848083,2.0428555011749268,13.617391586303711,1270.735132114159,9.910502363699764e-05
1750,2.592294454574585,4.935190200805664,1.549509048461914,0.2605031132698059,1.0615439414978027,13.715542793273926,1270.7188507026212,9.909057934190205e-05
1760,2.8554391860961914,4.93758487701416,1.7680633068084717,0.265503853559494,0.8732032179832458,13.905169486999512,1270.7023394896987,9.907602060723202e-05
1770,2.7676706314086914,5.002803325653076,1.4510982036590576,0.2676560878753662,1.090942621231079,13.91113567352295,1270.6863260801447,9.906134747077557e-05
1780,2.7795255184173584,4.86595344543457,1.4464924335479736,0.279443621635437,1.926379919052124,14.433347702026367,1270.6689722196247,9.904655997061765e-05
1790,2.7236621379852295,4.823233604431152,1.328263282775879,0.2581024467945099,1.5353446006774902,13.76784610748291,1270.6528571543633,9.903165814514004e-05
1800,2.8105363845825195,4.909642696380615,1.6715567111968994,0.29105737805366516,1.3419034481048584,13.786905288696289,1270.6355986768428,9.901664203302126e-05
1810,2.7537569999694824,4.898727893829346,1.4923244714736938,0.2486187219619751,0.8559933304786682,13.850048065185547,1270.6185560851918,9.900151167323648e-05
1820,2.789778470993042,4.967717170715332,1.6316866874694824,0.24526441097259521,1.1762099266052246,13.87417984008789,1270.6022451709348,9.898626710505741e-05
1830,2.718052625656128,4.716470718383789,1.5152366161346436,0.2795938551425934,1.4312362670898438,14.111611366271973,1270.586872864267,9.897090836805216e-05
1840,2.9002115726470947,5.2807230949401855,1.9065355062484741,0.2216208577156067,1.7956302165985107,13.916733741760254,1270.5711145040766,9.89554355020852e-05
1850,2.7037267684936523,4.896470546722412,1.496273398399353,0.2503855526447296,1.1815766096115112,13.780502319335938,1270.5549940220849,9.893984854731725e-05
1860,2.7359957695007324,4.7793684005737305,1.131860375404358,0.28419166803359985,1.6687244176864624,14.019025802612305,1270.53917417645,9.892414754420509e-05
1870,2.81221342086792,4.887863636016846,1.7155519723892212,0.27041950821876526,1.1657495498657227,14.065403938293457,1270.522565194979,9.890833253350157e-05
1880,2.8327972888946533,4.940418243408203,1.4741967916488647,0.2563072443008423,0.8378297686576843,14.032614707946777,1270.5057423245225,9.889240355625543e-05
1890,2.687755823135376,4.88617467880249,1.7674452066421509,0.2935331165790558,0.7956246137619019,14.312325477600098,1270.4887967687278,9.887636065381125e-05
1900,2.6803464889526367,4.725870132446289,1.5754741430282593,0.2239045798778534,0.8965930938720703,14.215231895446777,1270.473035630153,9.886020386780927e-05
1910,2.7896461486816406,4.959262371063232,1.7671566009521484,0.2517186999320984,0.9741299152374268,14.0404052734375,1270.4565661141562,9.88439332401853e-05
1920,2.5938827991485596,4.809556484222412,1.388026475906372,0.22674240171909332,1.5507980585098267,14.097790718078613,1270.4409667830776,9.882754881317072e-05
1930,2.670672655105591,4.70590353012085,1.3774309158325195,0.27035361528396606,0.8680626749992371,14.237897872924805,1270.4257900610921,9.881105062929221e-05
1940,2.754531145095825,4.865625381469727,1.5081199407577515,0.2427815943956375,1.2160552740097046,14.017372131347656,1270.4105961625755,9.879443873137174e-05
1950,2.679961681365967,4.68916654586792,1.6106641292572021,0.2652009427547455,0.8890834450721741,14.192526817321777,1270.3960953199492,9.87777131625264e-05
1960,2.740964412689209,4.8567728996276855,1.7398202419281006,0.25936901569366455,1.7089334726333618,14.114497184753418,1270.3792001950171,9.876087396616837e-05
1970,2.7996749877929688,4.917724132537842,1.7765870094299316,0.28631293773651123,1.8591728210449219,14.104755401611328,1270.3632031221591,9.874392118600471e-05
1980,2.7366576194763184,4.832965850830078,1.9164648056030273,0.2350553572177887,0.8407453298568726,14.789710998535156,1270.3489003323657,9.872685486603735e-05
1990,2.645801067352295,4.804666042327881,1.6844109296798706,0.2559630274772644,1.56437087059021,14.034351348876953,1270.3337275442161,9.870967505056283e-05
2000,2.6716349124908447,4.742979049682617,1.738126516342163,0.2537538707256317,1.3313127756118774,14.173999786376953,1270.3180853858057,9.869238178417235e-05
2010,2.7627012729644775,4.859406471252441,1.7767897844314575,0.25651729106903076,1.8347649574279785,14.66740894317627,1270.3017252836428,9.867497511175156e-05
2020,2.6696183681488037,4.6572089195251465,1.544670581817627,0.2606295347213745,0.7802755236625671,14.163768768310547,1270.2862411291326,9.865745507848045e-05
2030,2.6850063800811768,4.669353485107422,1.5442253351211548,0.27106648683547974,2.2823657989501953,14.251582145690918,1270.271502029219,9.863982172983323e-05
2040,2.701620578765869,4.746100902557373,1.5579988956451416,0.26298272609710693,1.9359118938446045,14.207352638244629,1270.2555826096925,9.862207511157829e-05
2050,2.6913955211639404,4.77963924407959,1.5581251382827759,0.24785825610160828,1.802761435508728,14.258284568786621,1270.2402314769492,9.860421526977794e-05
2060,2.7954630851745605,4.760466575622559,1.577275037765503,0.26997795701026917,2.6639020442962646,14.185423851013184,1270.225211380781,9.858624225078841e-05
2070,2.5754685401916504,4.619369983673096,1.6541543006896973,0.27027422189712524,1.9600300788879395,14.132704734802246,1270.2107948537337,9.856815610125968e-05
2080,2.6798970699310303,4.613163471221924,1.7278108596801758,0.2521035075187683,1.1496392488479614,14.368937492370605,1270.1961326193425,9.854995686813538e-05
2090,2.7453603744506836,4.938220500946045,1.4293441772460938,0.2504067122936249,0.921396017074585,14.233745574951172,1270.1807192679603,9.853164459865262e-05
2100,2.676203966140747,4.738446235656738,1.5077627897262573,0.2672100067138672,0.7777606248855591,14.350032806396484,1270.165256494717,9.851321934034195e-05
2110,2.7315382957458496,4.715835094451904,1.3680120706558228,0.2570424973964691,0.9632893204689026,14.322413444519043,1270.1497270921798,9.849468114102712e-05
2120,2.824216365814209,4.705998420715332,1.6949200630187988,0.2455378919839859,0.9958490133285522,14.475239753723145,1270.1342498134302,9.84760300488251e-05
2130,2.600541591644287,4.664693832397461,1.6725605726242065,0.28226423263549805,2.426138162612915,14.380363464355469,1270.1181323892952,9.845726611214586e-05
2140,2.6550984382629395,4.678012847900391,1.60438871383667,0.2574467957019806,1.8220791816711426,14.338046073913574,1270.102730053943,9.843838937969223e-05
2150,2.622309684753418,4.566814422607422,1.583743691444397,0.21888987720012665,1.3882827758789062,14.420516967773438,1270.0873464241356,9.841939990045983e-05
2160,2.7627429962158203,4.793484210968018,1.850937008857727,0.265030175447464,2.1722874641418457,14.30012321472168,1270.0724421614052,9.84002977237369e-05
2170,2.6817996501922607,4.790240287780762,1.727527141571045,0.2288028448820114,1.3755077123641968,14.381437301635742,1270.0570893225433,9.838108289910425e-05
2180,2.7913424968719482,4.658430099487305,1.6167892217636108,0.23804904520511627,1.7889978885650635,14.498888969421387,1270.04196375425,9.836175547643502e-05
2190,2.7109439373016357,4.726535797119141,1.5403144359588623,0.24436724185943604,1.5285980701446533,14.396919250488281,1270.027527401718,9.834231550589462e-05
2200,2.8006300926208496,4.722846031188965,1.8408310413360596,0.2455894500017166,2.6577656269073486,14.467944145202637,1270.0132401148726,9.832276303794058e-05
2210,2.7154040336608887,4.823485374450684,1.6396968364715576,0.260440468788147,3.9259629249572754,14.654295921325684,1269.9990476026605,9.830309812332244e-05
2220,2.5866646766662598,4.670623302459717,1.7862629890441895,0.25112593173980713,2.175539016723633,14.386756896972656,1269.9850643652771,9.828332081308159e-05
2230,2.8039894104003906,4.74579381942749,1.4457495212554932,0.25507208704948425,1.098101019859314,14.455012321472168,1269.9702896770482,9.826343115855113e-05
2240,2.60422945022583,4.554874897003174,1.600530743598938,0.23779326677322388,0.9258909225463867,14.50847339630127,1269.9571947757206,9.82434292113558e-05
2250,2.7304694652557373,4.839734077453613,1.675459384918213,0.2801452577114105,2.2266812324523926,14.578746795654297,1269.9429441924156,9.822331502341176e-05
2260,2.6184322834014893,4.558120250701904,1.6816105842590332,0.22549885511398315,1.925533413887024,14.703429222106934,1269.9291398423165,9.820308864692652e-05
2270,2.7051258087158203,4.791982650756836,1.484331727027893,0.21676981449127197,3.292961835861206,14.670079231262207,1269.9147572116474,9.818275013439877e-05
2280,2.7577850818634033,4.627552509307861,1.6720584630966187,0.24400663375854492,1.2640091180801392,14.69694995880127,1269.9011404054345,9.816229953861829e-05
2290,2.5628387928009033,4.534388542175293,1.613593578338623,0.2326599508523941,1.0727016925811768,14.583918571472168,1269.886684272011,9.814173691266569e-05
2300,2.512951135635376,4.5648112297058105,1.6600825786590576,0.21093244850635529,0.9721626043319702,14.482072830200195,1269.873516254242,9.812106230991248e-05
2310,2.602795362472534,4.5755157470703125,1.4297131299972534,0.22691130638122559,1.951084852218628,14.600594520568848,1269.8583582339288,9.810027578402073e-05
2320,2.6594600677490234,4.561183929443359,1.790116548538208,0.24163341522216797,1.0022445917129517,14.520036697387695,1269.8444445601176,9.807937738894303e-05
2330,2.6690895557403564,4.555476188659668,1.5248626470565796,0.22196759283542633,1.282304048538208,14.9475736618042,1269.8303390995814,9.805836717892233e-05
2340,2.6939315795898438,4.577914714813232,1.773983120918274,0.22820459306240082,2.3377819061279297,14.811821937561035,1269.8158070337608,9.803724520849184e-05
2350,2.6311137676239014,4.649940490722656,1.4751760959625244,0.23304323852062225,1.137296438217163,14.732518196105957,1269.8018717229347,9.801601153247482e-05
2360,2.5800509452819824,4.564243316650391,1.74849534034729,0.26404184103012085,1.537011981010437,14.710890769958496,1269.787765596926,9.799466620598442e-05
2370,2.6984238624572754,4.700102806091309,1.4774595499038696,0.2208881676197052,2.4320614337921143,14.764631271362305,1269.7742934356643,9.797320928442366e-05
2380,2.621377944946289,4.483639240264893,1.6617298126220703,0.24549642205238342,1.098920464515686,14.710622787475586,1269.7598619041235,9.795164082348522e-05
2390,2.59658145904541,4.607898235321045,1.3097636699676514,0.2211131900548935,1.1997400522232056,14.827205657958984,1269.745720959459,9.79299608791512e-05
2400,2.4798758029937744,4.354946613311768,1.4538158178329468,0.2060145139694214,2.1188318729400635,15.448735237121582,1269.7321094211766,9.790816950769313e-05
2410,2.6974964141845703,4.672062397003174,1.606887698173523,0.23293253779411316,1.3199347257614136,14.780845642089844,1269.7178927843747,9.788626676567176e-05
2420,2.6232223510742188,4.456661224365234,1.595755934715271,0.2393130213022232,1.977008581161499,14.673887252807617,1269.7032035339282,9.786425270993685e-05
2430,2.615267276763916,4.5352396965026855,1.2844246625900269,0.2609809935092926,2.7398815155029297,14.651715278625488,1269.688987054585,9.784212739762715e-05
2440,2.527597188949585,4.542699813842773,1.4542208909988403,0.23415468633174896,1.8655917644500732,14.757511138916016,1269.674694519091,9.781989088617014e-05
2450,2.5387887954711914,4.46095609664917,1.6020760536193848,0.2237236499786377,1.0109692811965942,15.785920143127441,1269.6603539915216,9.779754323328192e-05
2460,2.4217681884765625,4.306210517883301,1.5431299209594727,0.21097443997859955,1.6634767055511475,14.855229377746582,1269.6451855063315,9.777508449696709e-05
2470,2.5762650966644287,4.473177433013916,1.5207716226577759,0.23854222893714905,0.8409713506698608,14.975227355957031,1269.6309850989871,9.775251473551855e-05
2480,2.3583602905273438,4.205451965332031,1.5202935934066772,0.23815418779850006,1.5506681203842163,15.0089111328125,1269.6172396017905,9.772983400751741e-05
2490,2.5624799728393555,4.412947654724121,1.665884017944336,0.2541094124317169,1.2094805240631104,14.901854515075684,1269.6040306006635,9.770704237183276e-05
2500,2.4113929271698,4.248897552490234,1.4007295370101929,0.23768316209316254,1.2481882572174072,15.084919929504395,1269.5907502075456,9.768413988762156e-05
2510,2.5631697177886963,4.583818435668945,1.5143747329711914,0.23786883056163788,2.1436591148376465,14.836684226989746,1269.5768631656247,9.766112661432849e-05
2520,2.4403319358825684,4.391597270965576,1.2543967962265015,0.2029172033071518,1.4874261617660522,14.957808494567871,1269.5634361280006,9.763800261168581e-05
2530,2.54189133644104,4.445296764373779,1.7329264879226685,0.2373180389404297,2.037048101425171,14.881704330444336,1269.5488562693058,9.761476793971315e-05
2540,2.607048511505127,4.619823932647705,1.6839901208877563,0.213579460978508,2.511983871459961,15.140178680419922,1269.5349956578884,9.759142265871744e-05
2550,2.320685625076294,4.11276388168335,1.6789190769195557,0.24634328484535217,1.403286337852478,15.093461036682129,1269.5214595404657,9.756796682929263e-05
2560,2.53615665435791,4.5305304527282715,1.2651110887527466,0.20289923250675201,1.069718360900879,15.006513595581055,1269.5082782897243,9.754440051231967e-05
2570,2.4337925910949707,4.39583158493042,1.3242900371551514,0.19340768456459045,1.1194407939910889,15.108263969421387,1269.4944781570393,9.752072376896624e-05
2580,2.424281120300293,4.2986273765563965,1.4852663278579712,0.22923551499843597,1.1927310228347778,15.131877899169922,1269.48108251385,9.749693666068664e-05
2590,2.5478429794311523,4.345953941345215,1.5702989101409912,0.24111957848072052,1.3019890785217285,15.157936096191406,1269.4667795702821,9.74730392492217e-05
2600,2.6074957847595215,4.5566911697387695,1.7273513078689575,0.22618183493614197,1.0830693244934082,15.028428077697754,1269.4533593201195,9.744903159659843e-05
2610,2.6071839332580566,4.577129364013672,1.490918755531311,0.22576826810836792,2.5541934967041016,15.039130210876465,1269.4396155792438,9.74249137651301e-05
2620,2.494460344314575,4.412413597106934,1.6074364185333252,0.24253761768341064,1.2109853029251099,14.983468055725098,1269.4266373525477,9.740068581741586e-05
2630,2.311702251434326,4.130024433135986,1.6462666988372803,0.18822358548641205,1.4543536901474,15.021878242492676,1269.4126556216902,9.737634781634071e-05
2640,2.5168631076812744,4.289836406707764,1.8522891998291016,0.23145079612731934,1.7783361673355103,15.021347999572754,1269.3997961767475,9.735189982507531e-05
2650,2.5637922286987305,4.387434482574463,1.6892759799957275,0.2177325338125229,1.18995201587677,14.985395431518555,1269.3870688316701,9.732734190707577e-05
2660,2.409839391708374,4.2169623374938965,1.5780773162841797,0.22830595076084137,1.2137383222579956,15.148797988891602,1269.374176947443,9.73026741260836e-05
2670,2.4879114627838135,4.25488805770874,1.508204460144043,0.2889837920665741,1.4962462186813354,15.164154052734375,1269.3609390912895,9.727789654612534e-05
2680,2.3923263549804688,4.284262657165527,1.5083295106887817,0.19002194702625275,1.294211983680725,15.164105415344238,1269.347117909091,9.725300923151262e-05
2690,2.647899627685547,4.4453325271606445,1.9281262159347534,0.2451496422290802,1.3350614309310913,14.957759857177734,1269.3333542181722,9.72280122468419e-05
2700,2.4299683570861816,4.179984092712402,1.5833821296691895,0.22638729214668274,1.4567322731018066,14.98979377746582,1269.3196175538376,9.72029056569942e-05
2710,2.5924575328826904,4.496038436889648,1.6938623189926147,0.2257118970155716,1.1189934015274048,15.079865455627441,1269.3070278650177,9.717768952713513e-05
2720,2.584714651107788,4.3963623046875,1.6120176315307617,0.2271765023469925,2.987761974334717,15.294892311096191,1269.2931933278792,9.715236392271454e-05
2730,2.4173059463500977,4.219120025634766,1.666688084602356,0.233548104763031,2.5141241550445557,15.358611106872559,1269.2797573192408,9.712692890946645e-05
2740,2.452425956726074,4.380970001220703,1.5466282367706299,0.20317871868610382,1.5961641073226929,15.4270601272583,1269.2657379013303,9.71013845534089e-05
2750,2.3978872299194336,4.244255542755127,1.640018343925476,0.18794938921928406,1.08892822265625,15.17207145690918,1269.2524580841382,9.707573092084368e-05
2760,2.452688694000244,4.221081733703613,1.4369773864746094,0.23003003001213074,1.9608564376831055,15.144211769104004,1269.239562451799,9.704996807835622e-05
2770,2.4445409774780273,4.32895565032959,1.6087814569473267,0.2132197618484497,1.7690225839614868,15.26460075378418,1269.2259128801443,9.702409609281545e-05
2780,2.4704999923706055,4.264832973480225,1.7522914409637451,0.22010564804077148,1.4405896663665771,15.194183349609375,1269.2133659401336,9.699811503137357e-05
2790,2.5128276348114014,4.5071120262146,1.5986063480377197,0.2025124430656433,1.055161714553833,15.18323040008545,1269.1997777023093,9.697202496146584e-05
2800,2.3976571559906006,4.140609264373779,1.4621397256851196,0.2311290204524994,1.4726060628890991,15.591841697692871,1269.187443390531,9.694582595081057e-05
2810,2.459317445755005,4.290940761566162,1.5275205373764038,0.24137021601200104,1.8820762634277344,15.190006256103516,1269.173659548912,9.691951806740867e-05
2820,2.4709529876708984,4.246578693389893,1.6553593873977661,0.18462687730789185,1.1711779832839966,15.310930252075195,1269.1601938744463,9.689310137954382e-05
2830,2.282057046890259,3.9747321605682373,1.677215814590454,0.20197778940200806,1.784033179283142,15.33029842376709,1269.146708706613,9.686657595578195e-05
2840,2.3365988731384277,4.0236334800720215,1.6663466691970825,0.20039187371730804,2.3276500701904297,15.293815612792969,1269.1333294112342,9.683994186497132e-05
2850,2.3546297550201416,4.143159866333008,1.574431300163269,0.2364138960838318,1.2777677774429321,15.26638412475586,1269.1202057626506,9.68131991762422e-05
2860,2.4299254417419434,4.207016468048096,1.6931071281433105,0.22690808773040771,1.6157419681549072,15.169556617736816,1269.106609722745,9.678634795900675e-05
2870,2.196892023086548,3.987046480178833,1.2808271646499634,0.23385249078273773,2.5777571201324463,15.266459465026855,1269.0937421707117,9.675938828295879e-05
2880,2.4662365913391113,4.15861701965332,1.8383314609527588,0.21531127393245697,1.2206720113754272,15.394015312194824,1269.080667203345,9.673232021807369e-05
2890,2.216233730316162,3.8218307495117188,1.641478180885315,0.240421861410141,1.0382578372955322,15.51943302154541,1269.067993672247,9.670514383460814e-05
2900,2.2831614017486572,3.961744785308838,1.4760228395462036,0.21121035516262054,1.6647623777389526,15.494460105895996,1269.0550244409396,9.667785920309994e-05
2910,2.447640895843506,4.388129711151123,1.4399871826171875,0.22579260170459747,2.7291462421417236,15.399508476257324,1269.0416787398228,9.665046639436793e-05
2920,2.4024159908294678,4.056402683258057,1.7816798686981201,0.22930724918842316,2.1559555530548096,15.363602638244629,1269.0278148152797,9.662296547951163e-05
2930,2.235229015350342,3.9560487270355225,1.4334397315979004,0.2072896957397461,3.301873207092285,15.706202507019043,1269.0142422837018,9.659535652991123e-05
2940,2.4257614612579346,4.094637393951416,1.8200370073318481,0.22238971292972565,1.221680998802185,15.508712768554688,1269.0015232710748,9.656763961722732e-05
2950,2.466426134109497,4.167941093444824,1.5988613367080688,0.2160230576992035,1.3864444494247437,15.523499488830566,1268.9887074861938,9.65398148134007e-05
2960,2.438668727874756,4.202021598815918,1.3517926931381226,0.22021907567977905,1.2641874551773071,15.459752082824707,1268.9754972585515,9.65118821906522e-05
2970,2.1526522636413574,3.8646814823150635,1.4297356605529785,0.23576119542121887,1.235304594039917,15.669271469116211,1268.9620692800963,9.648384182148252e-05
2980,2.4745397567749023,4.154162406921387,1.5568299293518066,0.23621827363967896,1.3041257858276367,15.549772262573242,1268.948951669752,9.645569377867201e-05
2990,2.500925302505493,4.1659979820251465,1.5315595865249634,0.21780812740325928,1.9038785696029663,15.792559623718262,1268.9353146610517,9.64274381352805e-05
3000,2.395839214324951,4.2335686683654785,1.5441532135009766,0.20997479557991028,2.3986151218414307,15.39504337310791,1268.9219344532662,9.639907496464709e-05
3010,2.3980722427368164,4.091677665710449,1.4580237865447998,0.19569611549377441,1.4717910289764404,15.517834663391113,1268.9083240614968,9.637060434038999e-05
3020,2.3094167709350586,3.990363597869873,1.622976541519165,0.20286011695861816,1.8198471069335938,15.443636894226074,1268.8955946035596,9.63420263364063e-05
3030,2.442000389099121,4.257286071777344,1.5510810613632202,0.21672382950782776,2.0167298316955566,15.535741806030273,1268.8831808518034,9.631334102687183e-05
3040,2.473094940185547,4.322301864624023,1.4804775714874268,0.19181926548480988,2.6480753421783447,15.582956314086914,1268.87035417809,9.628454848624091e-05
3050,2.2226598262786865,3.962392807006836,1.6598628759384155,0.20841999351978302,1.525829792022705,15.739662170410156,1268.8575199842053,9.625564878924622e-05
3060,2.2847917079925537,4.0533366203308105,1.463502287864685,0.20672902464866638,1.448999285697937,15.666415214538574,1268.844923471464,9.62266420108985e-05
3070,2.438772678375244,4.1506452560424805,1.7576662302017212,0.22249910235404968,1.834972620010376,15.591179847717285,1268.8324066561788,9.619752822648652e-05
3080,2.2790281772613525,4.056418418884277,1.5129574537277222,0.18955360352993011,1.5194090604782104,15.550167083740234,1268.819205678608,9.616830751157673e-05
3090,2.387922763824463,4.146294593811035,1.5531840324401855,0.252370148897171,1.7123550176620483,15.475313186645508,1268.8065008513001,9.613897994201312e-05
3100,2.3723745346069336,4.086888790130615,1.5138487815856934,0.18722036480903625,1.2539855241775513,15.542800903320312,1268.7930812654824,9.610954559391703e-05
3110,2.2716448307037354,3.933619499206543,1.6340597867965698,0.22565163671970367,1.764024019241333,15.706587791442871,1268.7795641826433,9.608000454368702e-05
3120,2.2975387573242188,4.140422344207764,1.4963992834091187,0.21811453998088837,1.245802402496338,15.851852416992188,1268.7668684843454,9.605035686799851e-05
3130,2.383341073989868,4.106674671173096,1.6404179334640503,0.22832007706165314,1.517045021057129,15.608536720275879,1268.7544512334948,9.602060264380368e-05
3140,2.38741135597229,4.171016693115234,1.9150952100753784,0.2266734540462494,2.560140609741211,15.540812492370605,1268.7416871951593,9.599074194833133e-05
3150,2.360109567642212,4.199572563171387,1.2501589059829712,0.2327730655670166,1.5569796562194824,15.783011436462402,1268.7284688343418,9.596077485908656e-05
3160,2.3018627166748047,3.915418863296509,1.5958061218261719,0.20786741375923157,2.061412811279297,15.682453155517578,1268.71519579322,9.593070145385064e-05
3170,2.326667070388794,3.9744246006011963,1.58184814453125,0.21387669444084167,1.5244050025939941,15.5855712890625,1268.702020738866,9.590052181068075e-05
3180,2.085949659347534,3.941349506378174,1.5264954566955566,0.17013123631477356,1.4604634046554565,15.607532501220703,1268.6891004176534,9.58702360079099e-05
3190,2.205026388168335,3.897552013397217,1.5014441013336182,0.21213115751743317,1.406948208808899,15.995806694030762,1268.675590941068,9.583984412414655e-05
3200,2.450282096862793,4.162214279174805,1.680448293685913,0.21750250458717346,3.853543519973755,15.594120979309082,1268.6619664155544,9.580934623827455e-05
3210,2.4540629386901855,4.186365604400635,1.829755187034607,0.22326931357383728,3.4753432273864746,15.645814895629883,1268.648509637735,9.577874242945288e-05
3220,2.3475937843322754,3.9212207794189453,1.5142544507980347,0.24858194589614868,2.394768238067627,15.665279388427734,1268.6354871906626,9.574803277711545e-05
3230,2.3171634674072266,3.9828543663024902,1.744269609451294,0.20799268782138824,2.4620962142944336,15.601125717163086,1268.6227956366677,9.571721736097089e-05
3240,2.2555480003356934,4.000356674194336,1.4001049995422363,0.22287754714488983,2.3158233165740967,15.686729431152344,1268.6101114815922,9.568629626100231e-05
3250,2.456573724746704,4.157240867614746,1.6201058626174927,0.2615189254283905,1.6288877725601196,15.614676475524902,1268.5974003345648,9.565526955746721e-05
3260,2.443537473678589,4.07423734664917,1.7039376497268677,0.20649245381355286,1.3881795406341553,15.740513801574707,1268.5842301401283,9.56241373308971e-05
3270,2.272596597671509,3.96142578125,1.6184146404266357,0.22601135075092316,3.8459670543670654,15.534639358520508,1268.5715764844433,9.559289966209744e-05
3280,2.389220714569092,4.099241733551025,1.7878824472427368,0.22004298865795135,2.1122517585754395,15.959529876708984,1268.5586354973336,9.556155663214736e-05
3290,2.343003034591675,4.103669166564941,1.5461554527282715,0.2261200249195099,1.9589061737060547,16.14060401916504,1268.5457911473547,9.553010832239945e-05
3300,2.4313344955444336,4.139889717102051,1.79916250705719,0.22490742802619934,1.46986722946167,15.916322708129883,1268.533250209757,9.549855481447954e-05
3310,2.355752944946289,3.8336150646209717,1.5054783821105957,0.2230719029903412,1.9684158563613892,15.760746002197266,1268.5203106939769,9.546689619028658e-05
3320,2.103055715560913,3.7180778980255127,1.366534948348999,0.21207697689533234,1.7513824701309204,15.747495651245117,1268.507394050095,9.543513253199225e-05
3330,2.280550956726074,3.978343963623047,1.6916687488555908,0.20709598064422607,4.467782497406006,15.85356616973877,1268.4937571703288,9.540326392204097e-05
3340,2.3998162746429443,4.048295497894287,1.7769883871078491,0.22118067741394043,1.9410066604614258,15.920245170593262,1268.4809508650449,9.537129044314944e-05
3350,2.203829288482666,3.802844762802124,1.5560667514801025,0.2329757958650589,1.3621821403503418,15.926393508911133,1268.4677412491733,9.533921217830667e-05
3360,2.2725841999053955,3.9631736278533936,1.5434085130691528,0.21739250421524048,3.848874807357788,15.984987258911133,1268.4550001337348,9.530702921077358e-05
3370,2.301992654800415,3.9294419288635254,1.484800934791565,0.22847191989421844,2.957859754562378,15.940004348754883,1268.4425669105194,9.527474162408287e-05
3380,2.171226978302002,3.712845802307129,1.457985281944275,0.23639164865016937,1.824318766593933,15.801511764526367,1268.429465072701,9.524234950203878e-05
3390,2.2480461597442627,3.955904722213745,1.3138750791549683,0.22845248878002167,1.3915663957595825,15.79630184173584,1268.4170637454522,9.520985292871689e-05
3400,2.2409231662750244,3.8212625980377197,1.635735034942627,0.2396993339061737,1.3673666715621948,15.925800323486328,1268.4034421536958,9.51772519884639e-05
3410,2.3411452770233154,4.056770324707031,1.5364371538162231,0.2351519763469696,3.2018959522247314,15.956171035766602,1268.390250536738,9.514454676589732e-05
3420,2.288357973098755,3.9441001415252686,1.5944815874099731,0.25557827949523926,2.2837533950805664,16.20397186279297,1268.3782844334398,9.511173734590545e-05
3430,2.4252092838287354,4.124201774597168,1.7470530271530151,0.21678031980991364,1.667225956916809,16.12099838256836,1268.3655179041139,9.507882381364697e-05
3440,2.2323780059814453,3.843398094177246,1.4421364068984985,0.21789002418518066,1.4888529777526855,16.17193603515625,1268.3532089088726,9.504580625455079e-05
3450,2.297213077545166,3.915637254714966,1.6156680583953857,0.2138146013021469,1.942513108253479,16.006099700927734,1268.340621629142,9.501268475431582e-05
3460,2.3442699909210205,3.9956252574920654,1.6188163757324219,0.20888882875442505,1.1950533390045166,16.061756134033203,1268.3271106661539,9.497945939891081e-05
3470,2.1821343898773193,3.932823419570923,1.449844479560852,0.19360435009002686,2.231576681137085,16.10681915283203,1268.3140206760413,9.494613027457401e-05
3480,2.310938835144043,3.8822216987609863,1.5869419574737549,0.21558822691440582,1.6842312812805176,16.266132354736328,1268.3012016686766,9.491269746781307e-05
3490,2.189570903778076,3.7525670528411865,1.5590859651565552,0.2552897334098816,1.0808316469192505,16.150585174560547,1268.288045680988,9.487916106540466e-05
3500,2.262789726257324,3.9215307235717773,1.5362627506256104,0.18606652319431305,1.387487530708313,16.101415634155273,1268.2753228961017,9.484552115439445e-05
3510,2.2592053413391113,3.844792604446411,1.6916686296463013,0.20631521940231323,2.648897886276245,16.13204574584961,1268.2629175466313,9.481177782209669e-05
3520,2.2753396034240723,3.864408493041992,1.887319564819336,0.20946826040744781,1.8819301128387451,16.44937515258789,1268.250276180291,9.477793115609409e-05
3530,2.2747228145599365,3.995866060256958,1.3988949060440063,0.22828169167041779,1.8695526123046875,16.317060470581055,1268.237662799912,9.47439812442376e-05
3540,2.2214062213897705,3.8460428714752197,1.4705145359039307,0.23659728467464447,1.643593192100525,16.35614776611328,1268.2252341319484,9.47099281746461e-05
3550,2.211292028427124,3.753880500793457,1.3664112091064453,0.20513902604579926,2.1598730087280273,16.081539154052734,1268.2122074695421,9.467577203570624e-05
3560,2.2782585620880127,3.8155155181884766,1.8578999042510986,0.23004743456840515,3.3208541870117188,16.17375946044922,1268.1999035983445,9.464151291607221e-05
3570,2.169696807861328,3.7895607948303223,1.540619969367981,0.22583968937397003,1.8037080764770508,16.070520401000977,1268.187013403922,9.460715090466546e-05
3580,2.1969218254089355,3.790097236633301,1.3859833478927612,0.17770850658416748,1.4395204782485962,16.100004196166992,1268.1737218832511,9.457268609067454e-05
3590,2.209940195083618,3.8344969749450684,1.427220106124878,0.21432346105575562,1.4893819093704224,16.234371185302734,1268.1609146804171,9.453811856355482e-05
3600,2.2755889892578125,3.908755302429199,1.773627519607544,0.24055324494838715,2.0887932777404785,16.48261260986328,1268.148844836398,9.450344841302821e-05
3610,2.2664194107055664,3.8637702465057373,1.7579246759414673,0.235129252076149,2.0685904026031494,16.388153076171875,1268.1362581931064,9.446867572908308e-05
3620,2.0808300971984863,3.6036698818206787,1.4478859901428223,0.19438722729682922,1.1140068769454956,16.406103134155273,1268.12396429361,9.443380060197387e-05
3630,2.135424852371216,3.8060719966888428,1.5899335145950317,0.21383818984031677,1.7033449411392212,16.509605407714844,1268.1116176481828,9.439882312222091e-05
3640,2.0499908924102783,3.5695395469665527,1.5996111631393433,0.2267284095287323,1.1424721479415894,16.250106811523438,1268.0987071934387,9.436374338061026e-05
3650,2.144561290740967,3.776998519897461,1.3297902345657349,0.19265851378440857,1.6848207712173462,16.409460067749023,1268.0857651739445,9.43285614681933e-05
3660,2.170527219772339,3.7773022651672363,1.647398591041565,0.22818207740783691,1.3306994438171387,16.165813446044922,1268.0729933833957,9.429327747628671e-05
3670,2.053114891052246,3.544567823410034,1.5222433805465698,0.20560961961746216,1.7722947597503662,16.401592254638672,1268.0599278445914,9.425789149647205e-05
3680,2.2211925983428955,3.7547590732574463,1.533820390701294,0.23136170208454132,1.4610283374786377,16.43274688720703,1268.0477086474348,9.422240362059561e-05
3690,2.1834771633148193,3.771705150604248,1.4646674394607544,0.20939673483371735,2.689840316772461,16.30288314819336,1268.0350934405185,9.418681394076819e-05
3700,2.222792387008667,3.7555296421051025,1.5838978290557861,0.212118461728096,1.6318516731262207,16.184194564819336,1268.022498705809,9.415112254936477e-05
3710,2.171825885772705,3.8726792335510254,1.2707325220108032,0.19867368042469025,1.812874436378479,16.295692443847656,1268.01058001764,9.411532953902438e-05
3720,2.3110904693603516,3.8609635829925537,1.831442952156067,0.1986624002456665,2.277224540710449,16.330652236938477,1267.9978233745294,9.407943500264979e-05
3730,2.0666720867156982,3.6449058055877686,1.5873744487762451,0.21968211233615875,2.957458019256592,16.21876335144043,1267.9860197923335,9.404343903340727e-05
3740,2.250084400177002,3.8161113262176514,1.343692660331726,0.2102632224559784,2.4029133319854736,16.378934860229492,1267.9739088501465,9.400734172472638e-05
3750,2.1729624271392822,3.834590435028076,1.4675647020339966,0.2091144323348999,1.6999591588974,16.506738662719727,1267.961328670872,9.397114317029975e-05
3760,2.185443639755249,3.7858078479766846,1.3862124681472778,0.19697941839694977,2.4541983604431152,16.381322860717773,1267.9487239292546,9.393484346408272e-05
3770,1.973206877708435,3.540416717529297,1.4438966512680054,0.18427833914756775,1.4001725912094116,16.335939407348633,1267.9366143157229,9.38984427002932e-05
3780,2.095411777496338,3.6796035766601562,1.5201325416564941,0.20378683507442474,2.0946991443634033,16.18538475036621,1267.923889463944,9.386194097341147e-05
3790,2.1494009494781494,3.7730565071105957,1.517095685005188,0.22248302400112152,2.035367965698242,16.249134063720703,1267.9115325353287,9.382533837817977e-05
3800,2.1659083366394043,3.738020420074463,1.491118311882019,0.21735556423664093,3.6444132328033447,16.481605529785156,1267.8997007788032,9.378863500960222e-05
3810,2.2279868125915527,3.8006885051727295,1.769083023071289,0.18907122313976288,1.6275439262390137,16.54351806640625,1267.8868814020154,9.375183096294444e-05
3820,2.212369441986084,3.6379735469818115,1.5706257820129395,0.22653630375862122,1.5919415950775146,16.45633316040039,1267.8750905263696,9.371492633373345e-05
3830,2.159379720687866,3.760470151901245,1.752370834350586,0.21800437569618225,2.00419545173645,16.492250442504883,1267.862633276078,9.367792121775723e-05
3840,2.165872812271118,3.6865122318267822,1.5155960321426392,0.19668211042881012,3.0334107875823975,16.358198165893555,1267.8502445469608,9.364081571106467e-05
3850,1.9108812808990479,3.3693947792053223,1.537689208984375,0.1851004958152771,1.1193677186965942,16.764406204223633,1267.8374748291194,9.360360990996519e-05
3860,2.174832344055176,3.7164556980133057,1.5343934297561646,0.23325306177139282,1.8577786684036255,16.4354248046875,1267.8254249604734,9.356630391102855e-05
3870,2.1764516830444336,3.7634940147399902,1.6225669384002686,0.20430627465248108,2.737161636352539,16.67840003967285,1267.8129716235135,9.352889781108454e-05
3880,2.1196939945220947,3.678715467453003,1.486021876335144,0.21694420278072357,3.3863165378570557,16.605974197387695,1267.799995065425,9.349139170722281e-05
3890,2.0730538368225098,3.524592399597168,1.7025176286697388,0.18033312261104584,2.148775815963745,16.406076431274414,1267.7871803229557,9.345378569679254e-05
3900,2.126814126968384,3.5729222297668457,1.521568775177002,0.17769670486450195,1.9647574424743652,16.51896858215332,1267.7750460243383,9.341607987740226e-05
3910,2.028021812438965,3.528782844543457,1.4645535945892334,0.23185348510742188,1.6393370628356934,16.32679557800293,1267.7626474016515,9.337827434691953e-05
3920,2.1912949085235596,3.7765514850616455,1.5943472385406494,0.23058533668518066,1.3632323741912842,16.48577880859375,1267.7501575864258,9.334036920347073e-05
3930,2.145719289779663,3.508082389831543,1.6889150142669678,0.2513665556907654,1.4312833547592163,16.627695083618164,1267.7377193366494,9.33023645454408e-05
3940,2.2627718448638916,3.760584592819214,1.855542778968811,0.19065125286579132,1.8850265741348267,16.49935531616211,1267.7252422276695,9.326426047147296e-05
3950,1.9823713302612305,3.534445285797119,1.2411308288574219,0.17890286445617676,2.126103639602661,16.648710250854492,1267.7125560668878,9.322605708046845e-05
3960,2.0577585697174072,3.634817361831665,1.5099055767059326,0.18491941690444946,1.6389843225479126,16.49525260925293,1267.7000357364402,9.318775447158634e-05
3970,2.1760473251342773,3.7983922958374023,1.4861716032028198,0.1731526106595993,1.519126057624817,16.664260864257812,1267.6875583924507,9.31493527442432e-05
3980,2.0643563270568848,3.5939502716064453,1.4954184293746948,0.21434596180915833,1.7373590469360352,16.645854949951172,1267.6751008838346,9.311085199811287e-05
3990,2.117172956466675,3.7215516567230225,1.5279474258422852,0.19607430696487427,3.4855144023895264,16.50339698791504,1267.662956127446,9.30722523331262e-05
4000,2.066852331161499,3.5114240646362305,1.7378783226013184,0.20867183804512024,1.6515932083129883,16.5401554107666,1267.6502955212384,9.303355384947076e-05
4010,1.921448826789856,3.4097273349761963,1.2772177457809448,0.17357371747493744,3.037604331970215,17.010831832885742,1267.6380954974836,9.299475664759069e-05
4020,2.1124107837677,3.614774703979492,1.7165172100067139,0.1959175169467926,2.729254961013794,16.6556453704834,1267.625446244643,9.295586082818625e-05
4030,2.1587939262390137,3.582822799682617,1.4578766822814941,0.24267466366291046,2.963083028793335,16.34518814086914,1267.6133168644471,9.291686649221376e-05
4040,2.1941726207733154,3.6538000106811523,1.4323335886001587,0.22013509273529053,2.806797504425049,16.85105323791504,1267.6010629260068,9.28777737408852e-05
4050,1.9535119533538818,3.4544055461883545,1.5371277332305908,0.19563183188438416,2.0472123622894287,16.725704193115234,1267.5890730713022,9.2838582675668e-05
4060,2.1937096118927,3.796952486038208,1.62953519821167,0.2002066671848297,2.3650147914886475,16.683500289916992,1267.5771836097704,9.279929339828477e-05
4070,2.226048707962036,3.7646875381469727,1.6874115467071533,0.167536199092865,1.2151916027069092,16.5733642578125,1267.564837866206,9.275990601071302e-05
4080,2.1191134452819824,3.5291781425476074,1.6062312126159668,0.1862887591123581,1.7417279481887817,16.591617584228516,1267.5526210323346,9.272042061518495e-05
4090,2.128352165222168,3.6337640285491943,1.7202115058898926,0.18035678565502167,3.297733783721924,16.937986373901367,1267.539191139003,9.268083731418714e-05
4100,2.0895936489105225,3.606952667236328,1.5521920919418335,0.21633940935134888,1.396263837814331,16.64663314819336,1267.5272446693214,9.26411562104602e-05
4110,2.093860626220703,3.5584909915924072,1.7249497175216675,0.19737213850021362,2.0869832038879395,16.922054290771484,1267.5150371693067,9.260137740699874e-05
4120,2.070732593536377,3.5823426246643066,1.401743769645691,0.20584070682525635,1.7234718799591064,16.885128021240234,1267.5030948443737,9.256150100705083e-05
4130,2.062365770339966,3.59029221534729,1.4696404933929443,0.2044484168291092,2.6822407245635986,16.777172088623047,1267.490704144044,9.252152711411792e-05
4140,2.109840154647827,3.5067224502563477,1.6097209453582764,0.21218794584274292,1.7943017482757568,16.694339752197266,1267.4782101162193,9.248145583195448e-05
4150,2.1919312477111816,3.5981297492980957,1.824675440788269,0.19228346645832062,1.437592625617981,16.719453811645508,1267.465662848336,9.24412872645678e-05
4160,2.0815083980560303,3.516380548477173,1.649337649345398,0.2123284786939621,1.4635381698608398,16.746217727661133,1267.4538634125731,9.240102151621764e-05
4170,2.158254861831665,3.697126626968384,1.695124864578247,0.20321519672870636,1.3378087282180786,16.669605255126953,1267.442012232496,9.236065869141599e-05
4180,1.9575989246368408,3.443286657333374,1.4588655233383179,0.2182176113128662,1.5286247730255127,16.772436141967773,1267.4302419116195,9.232019889492685e-05
4190,2.124537229537964,3.594332695007324,1.55435049533844,0.19865456223487854,2.183654308319092,17.023284912109375,1267.4183407475314,9.227964223176591e-05
4200,1.9999524354934692,3.444511890411377,1.350700855255127,0.20058584213256836,1.2431235313415527,16.611133575439453,1267.406262759452,9.223898880720026e-05
4210,1.9923518896102905,3.3683788776397705,1.7822966575622559,0.19414623081684113,1.3192520141601562,16.76970100402832,1267.3946328743439,9.21982387267481e-05
4220,2.145416736602783,3.6233651638031006,1.6864264011383057,0.19331733882427216,2.694612741470337,17.042940139770508,1267.382580821112,9.215739209617858e-05
4230,2.031198740005493,3.5411922931671143,1.551759958267212,0.18593987822532654,1.6297177076339722,16.600231170654297,1267.3711187892957,9.211644902151146e-05
4240,2.0376837253570557,3.572324514389038,1.5582245588302612,0.20038776099681854,1.7067947387695312,16.702205657958984,1267.359287903314,9.207540960901674e-05
4250,2.1639487743377686,3.6513583660125732,1.4542874097824097,0.20956265926361084,2.071035861968994,16.737201690673828,1267.3477192040646,9.203427396521454e-05
4260,1.999729037284851,3.339543342590332,1.7322814464569092,0.2209303230047226,1.3208556175231934,16.710588455200195,1267.3355126698343,9.199304219687474e-05
4270,2.0847818851470947,3.487109422683716,1.4300503730773926,0.2013484388589859,1.6217013597488403,16.8833065032959,1267.324115614711,9.195171441101669e-05
4280,2.1207234859466553,3.6279456615448,1.6327300071716309,0.20137745141983032,2.3801770210266113,16.81969451904297,1267.312537632152,9.191029071490898e-05
4290,2.029545307159424,3.3435001373291016,1.7354495525360107,0.2170325070619583,1.5864536762237549,16.8552303314209,1267.3010787370715,9.186877121606918e-05
4300,2.150193929672241,3.6316959857940674,1.5819611549377441,0.20182350277900696,1.4530409574508667,16.94142723083496,1267.289948733313,9.182715602226341e-05
4310,2.0956428050994873,3.493682861328125,1.7951730489730835,0.20131218433380127,1.8948984146118164,16.95183563232422,1267.27828075661,9.17854452415063e-05
4320,2.0515074729919434,3.5711257457733154,1.312638282775879,0.19603238999843597,2.8415451049804688,17.06793975830078,1267.2669520879917,9.174363898206052e-05
4330,2.141402006149292,3.5448572635650635,1.8335760831832886,0.1907041072845459,1.3358010053634644,16.777902603149414,1267.2554273429205,9.170173735243655e-05
4340,2.1184136867523193,3.530463457107544,1.6001911163330078,0.19819988310337067,1.3341822624206543,17.17296028137207,1267.244227970213,9.16597404613924e-05
4350,2.091127634048462,3.4514846801757812,1.7367534637451172,0.20324057340621948,1.6397236585617065,16.747377395629883,1267.2323706656036,9.161764841793339e-05
4360,2.0219314098358154,3.4693336486816406,1.4847204685211182,0.1833338737487793,1.5937670469284058,16.795778274536133,1267.2207121734734,9.157546133131176e-05
4370,2.043318748474121,3.5823192596435547,1.5050241947174072,0.18983298540115356,1.6635408401489258,17.116559982299805,1267.2093604471786,9.153317931102648e-05
4380,1.9489140510559082,3.5486042499542236,1.5081173181533813,0.17923356592655182,2.4974312782287598,16.947425842285156,1267.1972798396166,9.149080246682292e-05
4390,2.0535476207733154,3.4337024688720703,1.650341510772705,0.21763840317726135,2.4939937591552734,16.704973220825195,1267.1861494578434,9.144833090869252e-05
4400,1.9057419300079346,3.314913272857666,1.2739605903625488,0.21600297093391418,1.825473666191101,17.097389221191406,1267.174744075225,9.140576474687264e-05
4410,2.0375468730926514,3.4362590312957764,1.5280765295028687,0.1983209252357483,1.5296943187713623,17.281259536743164,1267.163226247287,9.136310409184609e-05
4420,2.0471131801605225,3.470982074737549,1.6519922018051147,0.1858186572790146,2.2060186862945557,16.99209976196289,1267.1516980809258,9.132034905434105e-05
4430,2.1057279109954834,3.5570130348205566,1.7065657377243042,0.2058466523885727,1.3245816230773926,17.132646560668945,1267.1402582168007,9.127749974533058e-05
4440,2.113395929336548,3.5389630794525146,1.4993679523468018,0.23243220150470734,3.261737108230591,17.208280563354492,1267.1285028222107,9.12345562760325e-05
4450,1.9018501043319702,3.372027635574341,1.2239034175872803,0.20733749866485596,2.286684274673462,17.05653953552246,1267.1170252736774,9.119151875790896e-05
4460,1.994388461112976,3.363785982131958,1.562574028968811,0.20209194719791412,1.2688275575637817,16.97074317932129,1267.1048467902053,9.114838730266629e-05
4470,2.0954978466033936,3.6089253425598145,1.634026050567627,0.1945747435092926,1.5131763219833374,17.0190486907959,1267.0929798168886,9.110516202225457e-05
4480,1.990304946899414,3.427609920501709,1.2599830627441406,0.17506873607635498,1.4019562005996704,16.905235290527344,1267.0811091267676,9.106184302886747e-05
4490,2.0658769607543945,3.4192862510681152,1.5704573392868042,0.21716834604740143,1.4916560649871826,16.897748947143555,1267.0693146419821,9.101843043494185e-05
4500,2.080622673034668,3.525657892227173,1.3759567737579346,0.18966656923294067,3.352994918823242,17.1208438873291,1267.058273368563,9.097492435315756e-05
4510,1.8950793743133545,3.270200729370117,1.446845531463623,0.1787179708480835,1.5911047458648682,17.20689582824707,1267.0472376692073,9.093132489643705e-05
4520,1.9956172704696655,3.5100114345550537,1.394030213356018,0.18405039608478546,1.8277660608291626,16.922199249267578,1267.0361838414553,9.088763217794518e-05
4530,2.0633606910705566,3.428759813308716,1.5891326665878296,0.20159992575645447,2.3110013008117676,17.196250915527344,1267.0242285433408,9.084384631108883e-05
4540,2.035412073135376,3.3906373977661133,1.6447157859802246,0.22255152463912964,1.6432693004608154,17.18643569946289,1267.0120691568138,9.079996740951672e-05
4550,2.086850881576538,3.5263826847076416,1.6719180345535278,0.20009586215019226,1.4163917303085327,17.047697067260742,1267.0006951336186,9.075599558711895e-05
4560,1.828086495399475,3.1693923473358154,1.3841009140014648,0.2179635465145111,2.2029833793640137,17.13547706604004,1266.989190556975,9.071193095802689e-05
4570,2.1255359649658203,3.614112377166748,1.702132225036621,0.19087927043437958,3.0439486503601074,17.15166473388672,1266.9778541804062,9.066777363661273e-05
4580,1.928105115890503,3.3547394275665283,1.4720064401626587,0.18840950727462769,1.254500389099121,17.352392196655273,1266.9658472072342,9.062352373748931e-05
4590,2.121103286743164,3.53436279296875,1.7062078714370728,0.22398144006729126,2.3022403717041016,17.434736251831055,1266.953889732122,9.05791813755097e-05
4600,1.9985673427581787,3.514582395553589,1.364517092704773,0.20653346180915833,2.354767322540283,17.538402557373047,1266.9423543305143,9.053474666576703e-05
4610,1.9897452592849731,3.3524580001831055,1.469689965248108,0.22216296195983887,1.5748721361160278,17.14934730529785,1266.930593703417,9.049021972359402e-05
4620,1.8898334503173828,3.2313249111175537,1.318758249282837,0.1578570008277893,1.5089915990829468,17.45674705505371,1266.9192893575248,9.044560066456292e-05
4630,1.8938372135162354,3.3587486743927,1.40841805934906,0.17046034336090088,2.8138303756713867,17.532793045043945,1266.9074542762035,9.040088960448497e-05
4640,1.9844136238098145,3.32373309135437,1.5828845500946045,0.1970297247171402,1.6376031637191772,17.194629669189453,1266.8958437221195,9.035608665941021e-05
4650,1.9509073495864868,3.316441297531128,1.4444063901901245,0.1944638192653656,1.7510628700256348,17.294878005981445,1266.8843521125625,9.031119194562724e-05
4660,1.9316757917404175,3.2731690406799316,1.697514295578003,0.1853550374507904,1.7473108768463135,17.393247604370117,1266.8728139210264,9.02662055796628e-05
4670,1.9950345754623413,3.3208346366882324,1.669814944267273,0.21235795319080353,2.0068135261535645,17.315481185913086,1266.8606186748787,9.022112767828151e-05
4680,2.2258145809173584,3.7558069229125977,1.2675387859344482,0.17602179944515228,5.3896164894104,17.446584701538086,1266.8484154706814,9.017595835848562e-05
4690,2.1216771602630615,3.639139413833618,1.461208701133728,0.1930445432662964,3.2701666355133057,17.53721046447754,1266.8369505509893,9.013069773751462e-05
4700,2.019486427307129,3.315647602081299,1.6613675355911255,0.19500556588172913,2.6614632606506348,17.16648292541504,1266.8261706527367,9.008534593284501e-05
4710,1.9168298244476318,3.2382571697235107,1.4237679243087769,0.2009173184633255,1.489193320274353,17.270122528076172,1266.8146845819624,9.003990306218992e-05
4720,1.9397128820419312,3.1846442222595215,1.5369387865066528,0.2194015383720398,2.5390329360961914,17.2241268157959,1266.8032308370932,8.999436924349891e-05
4730,2.01615047454834,3.273332118988037,1.6418325901031494,0.23965832591056824,1.747484803199768,17.71623420715332,1266.792397574479,8.994874459495752e-05
4740,2.081622838973999,3.604346513748169,1.5215718746185303,0.20924295485019684,1.4393694400787354,17.05682945251465,1266.7812221168467,8.990302923498711e-05
4750,1.9757611751556396,3.341529607772827,1.4086076021194458,0.2136216163635254,1.4652984142303467,17.503934860229492,1266.7697134998614,8.985722328224445e-05
4760,1.8900192975997925,3.294182777404785,1.5319011211395264,0.16051824390888214,1.8671902418136597,17.316417694091797,1266.758284994025,8.981132685562149e-05
4770,1.9812769889831543,3.4022161960601807,1.5160448551177979,0.19151543080806732,1.6967570781707764,17.51766586303711,1266.746845717217,8.976534007424496e-05
4780,1.861712098121643,3.2081692218780518,1.4515734910964966,0.16570912301540375,2.098571538925171,17.439739227294922,1266.735021006502,8.971926305747614e-05
4790,2.015097141265869,3.3803012371063232,1.6866053342819214,0.18642012774944305,1.5183554887771606,17.482227325439453,1266.723287988421,8.967309592491052e-05
4800,2.0517542362213135,3.5039772987365723,1.6450531482696533,0.19687120616436005,1.7702958583831787,17.382400512695312,1266.7111465382154,8.962683879637747e-05
4810,2.0685906410217285,3.4770681858062744,1.593545913696289,0.21097567677497864,2.182060956954956,17.58674430847168,1266.6996450629533,8.958049179193998e-05
4820,1.9140253067016602,3.2990851402282715,1.657431721687317,0.1779036968946457,2.0229172706604004,17.409982681274414,1266.687848671886,8.953405503189428e-05
4830,2.038015365600586,3.289252281188965,1.8132330179214478,0.1852744072675705,2.2324233055114746,17.653118133544922,1266.6765489069235,8.948752863676962e-05
4840,2.0240046977996826,3.4397225379943848,1.3993396759033203,0.2000638097524643,1.7288916110992432,17.767070770263672,1266.664640674307,8.944091272732784e-05
4850,1.9425159692764282,3.3685483932495117,1.2448666095733643,0.1864423006772995,1.6058413982391357,17.350549697875977,1266.6534861410958,8.939420742456317e-05
4860,2.0428881645202637,3.320345401763916,1.6338359117507935,0.18302680552005768,1.928958773612976,17.902921676635742,1266.6420480955612,8.934741284970185e-05
4870,1.965533971786499,3.3468306064605713,1.562637448310852,0.18693825602531433,2.212568998336792,17.458993911743164,1266.6309584806227,8.930052912420181e-05
4880,1.8980281352996826,3.239269256591797,1.4801713228225708,0.1830233484506607,2.214711904525757,17.567174911499023,1266.6196877224536,8.925355636975241e-05
4890,1.8808256387710571,3.1754727363586426,1.6396069526672363,0.19001884758472443,2.071042537689209,17.48452377319336,1266.6083148086475,8.920649470827403e-05
4900,1.9668866395950317,3.308457851409912,1.4976136684417725,0.18832527101039886,2.2035763263702393,17.72956085205078,1266.597493247722,8.915934426191791e-05
4910,2.1115782260894775,3.417346954345703,1.756499171257019,0.2165002077817917,1.2811803817749023,17.289976119995117,1266.5862322154358,8.911210515306567e-05
4920,2.0154571533203125,3.343170166015625,1.435221791267395,0.20818789303302765,2.01898455619812,17.652530670166016,1266.57533511491,8.906477750432904e-05
4930,2.0263218879699707,3.2856943607330322,1.7254867553710938,0.1982036679983139,1.4824210405349731,17.374563217163086,1266.5637596718927,8.901736143854961e-05
4940,1.9418628215789795,3.3098626136779785,1.372222900390625,0.18279120326042175,2.166865110397339,17.238460540771484,1266.5523648605015,8.896985707879844e-05
4950,1.9426754713058472,3.3443150520324707,1.4789541959762573,0.17394186556339264,1.7235286235809326,17.531585693359375,1266.5409560570379,8.892226454837576e-05
4960,1.9924042224884033,3.384105682373047,1.605553150177002,0.17030490934848785,1.753377914428711,17.514488220214844,1266.5299629445844,8.887458397081066e-05
4970,2.0264670848846436,3.3908751010894775,1.3614017963409424,0.18067488074302673,1.8657728433609009,17.865907669067383,1266.5181450993769,8.882681546986074e-05
4980,1.9378408193588257,3.265552520751953,1.5263464450836182,0.18733364343643188,2.057704448699951,17.521493911743164,1266.5064559425848,8.877895916951186e-05
4990,1.843540072441101,3.262402057647705,1.6576340198516846,0.1809651404619217,1.9417810440063477,17.765758514404297,1266.495374675744,8.87310151939777e-05
5000,1.9338101148605347,3.2638955116271973,1.5431087017059326,0.22168561816215515,1.853855013847351,17.428136825561523,1266.4839793849064,8.868298366769954e-05
5010,1.9099920988082886,3.3341431617736816,1.4739773273468018,0.17757579684257507,1.6837522983551025,17.56834602355957,1266.4722777629654,8.863486471534595e-05
5020,2.049306631088257,3.5047647953033447,1.5052396059036255,0.17634402215480804,4.286838531494141,17.23152732849121,1266.460484953553,8.858665846181232e-05
5030,2.002610445022583,3.335684299468994,1.5518015623092651,0.20053380727767944,3.3441834449768066,17.87535858154297,1266.4493969387206,8.853836503222073e-05
5040,1.925299882888794,3.2663426399230957,1.451987624168396,0.21649697422981262,2.8655872344970703,17.516345977783203,1266.4380288610516,8.848998455191944e-05
5050,1.9068316221237183,3.209766149520874,1.6300040483474731,0.1814444661140442,2.0141377449035645,17.869733810424805,1266.4271058451272,8.844151714648274e-05
5060,2.007956027984619,3.40744948387146,1.2372171878814697,0.1773265302181244,2.28078293800354,17.56427001953125,1266.4156329082132,8.839296294171052e-05
5070,1.8210341930389404,3.0489532947540283,1.475572109222412,0.2013191133737564,2.414308547973633,17.731678009033203,1266.4044544015894,8.834432206362788e-05
5080,1.9090752601623535,3.250056505203247,1.5694090127944946,0.2065720409154892,2.512615442276001,17.68001937866211,1266.3925631757213,8.829559463848498e-05
5090,1.9233651161193848,3.3068697452545166,1.387630581855774,0.21932004392147064,1.4900965690612793,17.42159080505371,1266.3805808138156,8.824678079275663e-05
5100,1.9447026252746582,3.246337413787842,1.7434879541397095,0.18558946251869202,2.2589595317840576,17.75545883178711,1266.3685504406096,8.819788065314186e-05
5110,2.0082406997680664,3.347149610519409,1.4274767637252808,0.17799632251262665,2.591768980026245,17.81782341003418,1266.3567411021097,8.814889434656375e-05
5120,1.9670575857162476,3.198672294616699,1.6035618782043457,0.21678389608860016,1.811639428138733,17.81623649597168,1266.3449442753163,8.809982200016898e-05
5130,1.9063224792480469,3.172468900680542,1.420906662940979,0.1793079674243927,1.6069326400756836,18.1096248626709,1266.3332306085651,8.805066374132762e-05
5140,2.0091300010681152,3.3362860679626465,1.2920005321502686,0.1992620974779129,1.6301517486572266,17.70118522644043,1266.3214686718893,8.800141969763267e-05
5150,1.8734960556030273,3.2006046772003174,1.2740274667739868,0.16975854337215424,2.3812100887298584,17.53577995300293,1266.309960586566,8.795208999689981e-05
5160,2.1484622955322266,3.484987497329712,1.8317618370056152,0.22172747552394867,1.460699200630188,17.61739158630371,1266.2982376309299,8.790267476716705e-05
5170,1.8832911252975464,3.2184972763061523,1.4394744634628296,0.17357411980628967,1.8871119022369385,17.54116439819336,1266.286549714132,8.78531741366944e-05
5180,2.0574212074279785,3.411510705947876,1.4905879497528076,0.19431252777576447,1.5866445302963257,18.015260696411133,1266.2750425184502,8.780358823396352e-05
5190,1.8413499593734741,3.1215476989746094,1.5793005228042603,0.17809735238552094,1.8089030981063843,17.903169631958008,1266.2634742341636,8.775391718767741e-05
5200,2.01220703125,3.2441275119781494,1.816089391708374,0.1968962550163269,1.6929682493209839,17.743453979492188,1266.2517924023682,8.770416112676006e-05
5210,1.9073480367660522,3.1521356105804443,1.8102575540542603,0.18332326412200928,2.366486072540283,17.725019454956055,1266.2406748221836,8.76543201803561e-05
5220,1.8534913063049316,3.126203775405884,1.544744849205017,0.18889424204826355,1.9855259656906128,17.614389419555664,1266.229527366536,8.760439447783054e-05
5230,2.027477502822876,3.3667430877685547,1.6748135089874268,0.20357462763786316,2.1731746196746826,17.899755477905273,1266.218156194145,8.755438414876829e-05
5240,1.7689831256866455,3.0587713718414307,1.4984620809555054,0.16671955585479736,2.5131423473358154,17.555255889892578,1266.2067192818402,8.750428932297403e-05
5250,1.8488706350326538,3.1499764919281006,1.5477321147918701,0.2030811309814453,1.6912569999694824,17.559141159057617,1266.19505932667,8.745411013047166e-05
5260,1.835233449935913,3.112514019012451,1.4050042629241943,0.1728513389825821,1.7594327926635742,18.02577781677246,1266.1838376653234,8.74038467015041e-05
5270,2.012206792831421,3.3139071464538574,1.5050870180130005,0.17991207540035248,1.8962445259094238,17.59100341796875,1266.1722168843348,8.73534991665329e-05
5280,1.8225396871566772,3.1461985111236572,1.3749922513961792,0.17014747858047485,1.6240485906600952,17.99150276184082,1266.1600838349773,8.73030676562379e-05
5290,1.9461524486541748,3.2112526893615723,1.5788629055023193,0.17602841556072235,2.06463885307312,18.083213806152344,1266.1480608493216,8.725255230151694e-05
5300,1.9202406406402588,3.2163963317871094,1.4894895553588867,0.19663308560848236,1.7839120626449585,17.996740341186523,1266.1367171711422,8.720195323348545e-05
5310,1.9075968265533447,3.25191330909729,1.6846979856491089,0.1731243133544922,2.4059181213378906,17.714351654052734,1266.1261693061151,8.715127058347615e-05
5320,1.9148560762405396,3.2268760204315186,1.7171800136566162,0.19722583889961243,2.916409969329834,17.807065963745117,1266.115037044955,8.710050448303872e-05
5330,1.8557944297790527,3.1620731353759766,1.2868510484695435,0.19614793360233307,1.9258921146392822,18.138587951660156,1266.10359115103,8.70496550639394e-05
5340,1.882330298423767,3.191556692123413,1.7704331874847412,0.19032368063926697,1.5750360488891602,17.934648513793945,1266.0922836236168,8.69987224581607e-05
5350,1.9290683269500732,3.1922945976257324,1.5462028980255127,0.19695959985256195,2.2985031604766846,18.117570877075195,1266.0807636551158,8.694770679790112e-05
5360,1.777847409248352,3.0711424350738525,1.4242178201675415,0.16387151181697845,2.524123191833496,18.043140411376953,1266.0693737933157,8.689660821557463e-05
5370,1.762597680091858,3.1128857135772705,1.206762671470642,0.1596696376800537,1.9385236501693726,18.050193786621094,1266.0579296265605,8.684542684381045e-05
5380,1.907357096672058,3.203688144683838,1.5524225234985352,0.17136672139167786,1.3463070392608643,17.751623153686523,1266.0464726243283,8.679416281545274e-05
5390,1.9250277280807495,3.259202718734741,1.5775398015975952,0.19414429366588593,1.965998888015747,17.462533950805664,1266.0349024416166,8.674281626356014e-05
5400,1.9038788080215454,3.216975450515747,1.6559183597564697,0.18431776762008667,3.3237075805664062,17.899555206298828,1266.0233815755616,8.669138732140554e-05
5410,1.9208661317825317,3.3484690189361572,1.5578477382659912,0.1596195101737976,1.745965838432312,17.619604110717773,1266.0120283557994,8.663987612247559e-05
5420,1.9600138664245605,3.298020124435425,1.4391571283340454,0.190590500831604,1.928750991821289,17.87601661682129,1266.0005288405705,8.658828280047056e-05
5430,1.9501643180847168,3.153996229171753,1.7398210763931274,0.17437289655208588,2.6271297931671143,17.922855377197266,1265.9893785030729,8.653660748930379e-05
5440,1.890722632408142,3.3504226207733154,1.4686328172683716,0.17883284389972687,1.9410587549209595,18.465696334838867,1265.9786098331006,8.648485032310145e-05
5450,1.8272325992584229,3.009361982345581,1.6177247762680054,0.20678526163101196,2.3335578441619873,18.04372787475586,1265.9673879887393,8.643301143620218e-05
5460,2.0542807579040527,3.3717100620269775,1.7316563129425049,0.17503492534160614,2.0104308128356934,17.914710998535156,1265.956587305281,8.63810909631567e-05
5470,1.7202073335647583,2.974066972732544,1.4418671131134033,0.18417257070541382,1.6289074420928955,17.917081832885742,1265.9457272982327,8.632908903872752e-05
5480,1.9232512712478638,3.2032763957977295,1.5136680603027344,0.18338227272033691,1.6889673471450806,18.01858901977539,1265.9349934938643,8.627700579788858e-05
5490,1.941983938217163,3.2206766605377197,1.7029021978378296,0.19075323641300201,1.5207396745681763,17.757259368896484,1265.9240886547045,8.622484137582484e-05
5500,1.897804617881775,3.1135501861572266,1.6665680408477783,0.1901226043701172,1.5336084365844727,18.150367736816406,1265.9134136341086,8.617259590793198e-05
5510,1.7989511489868164,3.009378433227539,1.5931098461151123,0.171357199549675,2.207740306854248,18.335453033447266,1265.902877768826,8.612026952981605e-05
5520,1.8672091960906982,3.1385531425476074,1.5389310121536255,0.2076840102672577,1.9810681343078613,17.93295669555664,1265.8926816697467,8.60678623772931e-05
5530,1.8241924047470093,3.0482044219970703,1.6023131608963013,0.1846538931131363,1.998945713043213,18.273643493652344,1265.8819853164837,8.601537458638885e-05
5540,1.861650824546814,3.1152403354644775,1.5679198503494263,0.16814325749874115,3.4215962886810303,18.080120086669922,1265.8712852737078,8.596280629333829e-05
5550,1.7587686777114868,3.013417959213257,1.5760194063186646,0.18448208272457123,1.6553879976272583,18.145381927490234,1265.860125630974,8.591015763458538e-05
5560,1.7942982912063599,3.0789618492126465,1.4901602268218994,0.1850697547197342,2.424020290374756,18.24295997619629,1265.8491966661975,8.58574287467827e-05
5570,1.9387856721878052,3.194986343383789,1.7114624977111816,0.17575719952583313,2.0681381225585938,18.125812530517578,1265.8386200892455,8.5804619766791e-05
5580,1.9423824548721313,3.205784559249878,1.7294163703918457,0.19358442723751068,1.9700067043304443,17.976118087768555,1265.8282936921933,8.575173083167896e-05
5590,1.7896980047225952,2.9953107833862305,1.7284826040267944,0.17592458426952362,1.5077704191207886,18.29610252380371,1265.8181306292197,8.56987620787228e-05
5600,1.9104924201965332,3.154438018798828,1.7747507095336914,0.19954009354114532,1.4174854755401611,18.10902214050293,1265.8072844309436,8.564571364540588e-05
5610,1.8164633512496948,3.024096727371216,1.6554142236709595,0.15848277509212494,1.5751855373382568,18.338985443115234,1265.7966334202274,8.559258566941837e-05
5620,1.9194015264511108,3.2398388385772705,1.4872803688049316,0.19626180827617645,1.8414655923843384,18.163475036621094,1265.7854863190762,8.553937828865696e-05
5630,1.8404760360717773,3.1585233211517334,1.3293406963348389,0.18115773797035217,2.8618786334991455,18.230745315551758,1265.7751563310333,8.548609164122435e-05
5640,1.846596598625183,3.0812554359436035,1.3414875268936157,0.2167857438325882,2.433105707168579,18.314594268798828,1265.7643953714744,8.543272586542905e-05
5650,1.871026635169983,3.0557804107666016,1.7364461421966553,0.16980764269828796,1.6430063247680664,18.397241592407227,1265.7538126991424,8.537928109978494e-05
5660,1.8714983463287354,3.1872262954711914,1.2067863941192627,0.19958221912384033,1.9547388553619385,18.685619354248047,1265.7433699750309,8.532575748301086e-05
5670,1.8753167390823364,3.13087797164917,1.6287020444869995,0.1732538640499115,1.8484153747558594,18.075050354003906,1265.732895649109,8.52721551540304e-05
5680,1.7691646814346313,2.977235794067383,1.5633615255355835,0.19021882116794586,2.2485785484313965,18.41704750061035,1265.722099007509,8.521847425197143e-05
5690,1.772707462310791,2.9778757095336914,1.7196873426437378,0.17574135959148407,2.314422369003296,18.709121704101562,1265.7112805243783,8.516471491616571e-05
5700,1.7502326965332031,3.00124192237854,1.6760057210922241,0.16971071064472198,2.5081257820129395,17.990367889404297,1265.7006144048546,8.511087728614862e-05
5710,1.8302210569381714,3.057894229888916,1.5861974954605103,0.19126136600971222,1.5065277814865112,18.059186935424805,1265.6897700747675,8.505696150165878e-05
5720,1.7953530550003052,3.1357405185699463,1.520419955253601,0.1684650331735611,1.9262034893035889,18.51984405517578,1265.6788869875659,8.500296770263761e-05
5730,1.7010014057159424,2.942491292953491,1.70316481590271,0.17069801688194275,2.49808669090271,18.0971622467041,1265.6675146325679,8.494889602922905e-05
5740,1.8835244178771973,3.2091031074523926,1.3706059455871582,0.20006637275218964,2.3878848552703857,18.22703742980957,1265.6565329367531,8.489474662177916e-05
5750,1.9549438953399658,3.3174006938934326,1.6233160495758057,0.16411973536014557,2.4540019035339355,18.62774658203125,1265.6452029887068,8.484051962083579e-05
5760,1.8961529731750488,3.1067821979522705,1.4008806943893433,0.18476317822933197,2.384997844696045,18.336761474609375,1265.6346366154846,8.478621516714815e-05
5770,1.9458867311477661,3.1580216884613037,1.562533974647522,0.17236965894699097,1.9226808547973633,18.225839614868164,1265.6240571073683,8.473183340166651e-05
5780,1.9876009225845337,3.259262800216675,1.662168025970459,0.17118343710899353,2.0442259311676025,18.3272705078125,1265.6129925431885,8.467737446554176e-05
5790,1.8009018898010254,3.0898051261901855,1.5373032093048096,0.17169764637947083,2.236246347427368,18.472131729125977,1265.602077354698,8.462283850012517e-05
5800,1.9398421049118042,3.225548267364502,1.661399006843567,0.16737715899944305,1.7355570793151855,18.76171112060547,1265.5912030039653,8.456822564696789e-05
5810,1.8052607774734497,2.9704043865203857,1.749725580215454,0.17756891250610352,2.351353406906128,18.56890296936035,1265.580044973015,8.451353604782064e-05
5820,1.9090580940246582,3.1458451747894287,1.7689094543457031,0.17040804028511047,2.0754926204681396,18.879318237304688,1265.5691402515365,8.445876984463334e-05
5830,1.8781213760375977,3.123295307159424,1.434535264968872,0.17349468171596527,1.9695018529891968,18.438676834106445,1265.558145299641,8.440392717955476e-05
5840,1.8134183883666992,3.0041003227233887,1.603872537612915,0.16127841174602509,1.6693986654281616,18.571598052978516,1265.5476636901867,8.43490081949321e-05
5850,1.8249943256378174,3.1004345417022705,1.378964900970459,0.18067310750484467,1.9968925714492798,18.4185848236084,1265.5376743642416,8.429401303331068e-05
5860,1.836405873298645,3.1311795711517334,1.5090945959091187,0.15816956758499146,2.5124218463897705,18.242244720458984,1265.5271605702146,8.423894183743353e-05
5870,1.9955486059188843,3.370511531829834,1.4277682304382324,0.17498639225959778,3.717465877532959,18.52941131591797,1265.5163280321083,8.418379475024102e-05
5880,2.0228490829467773,3.1922781467437744,1.9547820091247559,0.19841311872005463,2.354459285736084,18.47333526611328,1265.5063779647287,8.412857191487053e-05
5890,1.8669230937957764,3.1514406204223633,1.396975040435791,0.17152029275894165,2.003917694091797,18.844261169433594,1265.4961096856425,8.407327347465601e-05
5900,1.790081262588501,3.151968479156494,1.2787325382232666,0.13882531225681305,2.0510318279266357,18.690994262695312,1265.4850148767605,8.401789957312768e-05
5910,1.8311671018600464,3.053612470626831,1.56905996799469,0.17359381914138794,1.6343902349472046,18.300580978393555,1265.4741189843478,8.396245035401162e-05
5920,1.7493441104888916,3.007157802581787,1.3521589040756226,0.14767560362815857,1.5499290227890015,18.309968948364258,1265.463420073624,8.390692596122936e-05
5930,1.8379889726638794,3.0165340900421143,1.6415369510650635,0.18060488998889923,1.5708831548690796,18.375171661376953,1265.452792438565,8.38513265388976e-05
5940,1.8968160152435303,3.097472667694092,1.6722979545593262,0.18352653086185455,1.9928512573242188,18.24897003173828,1265.4422706751795,8.379565223132778e-05
5950,1.7923134565353394,2.961803913116455,1.6355409622192383,0.16480644047260284,2.7469115257263184,18.79967498779297,1265.4316613555955,8.373990318302566e-05
5960,1.8602275848388672,3.163832902908325,1.6582096815109253,0.1566888839006424,3.753328800201416,18.739896774291992,1265.4206391074351,8.368407953869104e-05
5970,1.8594998121261597,3.1127922534942627,1.5665853023529053,0.17266689240932465,3.0219905376434326,18.71343994140625,1265.4103596681587,8.362818144321734e-05
5980,1.8112034797668457,3.007676124572754,1.2292250394821167,0.17907194793224335,1.7597920894622803,18.293912887573242,1265.3997594096265,8.357220904169115e-05
5990,1.8230842351913452,3.0696446895599365,1.5663020610809326,0.18584062159061432,2.5874640941619873,18.60095977783203,1265.3892677429405,8.351616247939203e-05
6000,1.7620127201080322,2.9935929775238037,1.4071722030639648,0.20203296840190887,2.5268208980560303,18.753345489501953,1265.3787773056051,8.346004190179198e-05
6010,1.8413747549057007,3.0232245922088623,1.7499536275863647,0.16304543614387512,2.3555359840393066,18.343088150024414,1265.368711972923,8.34038474545551e-05
6020,1.8290468454360962,3.0469865798950195,1.4532010555267334,0.17908009886741638,1.992210030555725,18.756303787231445,1265.35846118952,8.334757928353721e-05
6030,1.7676419019699097,2.986769199371338,1.2218867540359497,0.16258427500724792,2.5201451778411865,18.698671340942383,1265.3475695475595,8.329123753478554e-05
6040,1.9481323957443237,3.1592743396759033,1.8238590955734253,0.19814175367355347,2.24709153175354,18.646385192871094,1265.3367640696258,8.323482235453825e-05
6050,1.693359375,3.021561622619629,1.4387484788894653,0.16594275832176208,1.6557836532592773,18.82654571533203,1265.3260537380916,8.317833388922413e-05
6060,1.8226534128189087,2.992506504058838,1.4737861156463623,0.16928160190582275,2.6085002422332764,18.499738693237305,1265.3152425239314,8.312177228546212e-05
6070,1.9368199110031128,3.186239242553711,1.6132158041000366,0.16779617965221405,2.0733840465545654,18.9058837890625,1265.3044710481313,8.306513769006107e-05
6080,1.8441563844680786,3.1663801670074463,1.2612773180007935,0.17992174625396729,1.6852128505706787,18.692975997924805,1265.2941853019718,8.300843025001924e-05
6090,1.84639310836792,3.0908164978027344,1.542788028717041,0.20779550075531006,1.7950873374938965,18.621295928955078,1265.283624380012,8.295165011252397e-05
6100,1.7221448421478271,2.9534928798675537,1.4264107942581177,0.15987282991409302,1.4594471454620361,18.407085418701172,1265.2725290073972,8.289479742495132e-05
6110,1.8119654655456543,3.020918130874634,1.5468416213989258,0.2028881460428238,1.6997572183609009,18.767333984375,1265.261437063202,8.28378723348656e-05
6120,1.9113271236419678,3.0223474502563477,1.9002407789230347,0.1873348504304886,1.5074436664581299,18.510833740234375,1265.2505625341469,8.27808749900191e-05
6130,1.922121524810791,3.100818157196045,1.781674861907959,0.18734891712665558,2.2577052116394043,18.797853469848633,1265.2403355809618,8.272380553835164e-05
6140,1.800119161605835,3.0388033390045166,1.4828119277954102,0.16994524002075195,1.8713992834091187,18.880102157592773,1265.2297030523932,8.266666412799016e-05
6150,1.7728599309921265,3.046466112136841,1.3099087476730347,0.22734376788139343,2.2638301849365234,18.418746948242188,1265.2192564713794,8.26094509072484e-05
6160,1.6637388467788696,2.847998857498169,1.5412613153457642,0.154517263174057,1.5790841579437256,19.005319595336914,1265.2088940791905,8.25521660246265e-05
6170,1.8172365427017212,2.978299140930176,1.4208272695541382,0.1926167756319046,1.997879147529602,18.871349334716797,1265.1981094643893,8.24948096288106e-05
6180,1.7274394035339355,2.8905677795410156,1.6609395742416382,0.16387046873569489,1.623276948928833,18.649608612060547,1265.1877438985516,8.243738186867242e-05
6190,1.6566624641418457,2.8601794242858887,1.3552998304367065,0.1524551510810852,2.462688684463501,18.586402893066406,1265.177099480564,8.237988289326894e-05
6200,1.7825676202774048,3.0853374004364014,1.501537799835205,0.1659095138311386,2.10666561126709,18.991575241088867,1265.1665173825336,8.232231285184201e-05
6210,1.801478624343872,3.0214192867279053,1.4474302530288696,0.13777604699134827,1.4617384672164917,18.530101776123047,1265.1559739945899,8.226467189381787e-05
6220,1.7951143980026245,3.0193307399749756,1.5678287744522095,0.1871686577796936,2.0966875553131104,18.476402282714844,1265.145251181736,8.220696016880688e-05
6230,1.8628968000411987,3.0644888877868652,1.6261628866195679,0.19940419495105743,1.9214987754821777,18.6588134765625,1265.1348281504627,8.214917782660305e-05
6240,1.8759952783584595,3.152541160583496,1.5395954847335815,0.17631836235523224,2.3866195678710938,18.745525360107422,1265.124637728156,8.20913250171837e-05
6250,1.8179508447647095,3.023848295211792,1.6891732215881348,0.1480352282524109,1.7457458972930908,18.57710838317871,1265.115066553112,8.203340189070906e-05
6260,1.8667608499526978,3.033474922180176,1.6456676721572876,0.17758989334106445,1.7261065244674683,18.57182502746582,1265.1048269827488,8.197540859752182e-05
6270,1.8025498390197754,3.010488271713257,1.6523555517196655,0.15942078828811646,4.458766460418701,18.73248291015625,1265.0946663317206,8.191734528814688e-05
6280,1.8634535074234009,3.1310043334960938,1.396931529045105,0.16302426159381866,1.865032434463501,18.746416091918945,1265.0840863544502,8.185921211329079e-05
6290,1.8408430814743042,2.988933801651001,1.857452392578125,0.17128409445285797,2.347238302230835,18.78992462158203,1265.0734975758146,8.180100922384147e-05
6300,1.8205502033233643,2.9885799884796143,1.4636809825897217,0.20283867418766022,3.3951945304870605,19.105815887451172,1265.0628486962182,8.174273677086779e-05
6310,1.7350523471832275,2.870120048522949,1.4939996004104614,0.16957935690879822,1.4780832529067993,18.735708236694336,1265.0521251187372,8.168439490561916e-05
6320,1.917573094367981,3.088921070098877,1.676364779472351,0.176828071475029,1.6232612133026123,19.008874893188477,1265.0420085297965,8.162598377952522e-05
6330,1.6687086820602417,2.856130599975586,1.3839130401611328,0.16050231456756592,2.4015426635742188,18.717435836791992,1265.0314762887454,8.156750354419525e-05
6340,1.6900261640548706,2.8484363555908203,1.4510514736175537,0.18609310686588287,1.740055799484253,19.005643844604492,1265.0211362569253,8.150895435141803e-05
6350,1.6176962852478027,2.717278003692627,1.4069753885269165,0.17117317020893097,2.1865735054016113,18.482694625854492,1265.0103452121289,8.14503363531613e-05
6360,1.7845604419708252,2.8934686183929443,1.5930973291397095,0.19567400217056274,1.851048469543457,19.116348266601562,1264.99979877464,8.139164970157132e-05
6370,1.6874407529830933,2.8640921115875244,1.6613404750823975,0.16074438393115997,2.6563034057617188,18.838008880615234,1264.989342101195,8.13328945489726e-05
6380,1.8813529014587402,3.130441904067993,1.7512069940567017,0.1615065038204193,1.8635174036026,19.425806045532227,1264.9791158747669,8.127407104786747e-05
6390,1.8013215065002441,3.0228731632232666,1.5888197422027588,0.17141801118850708,2.0383150577545166,19.147491455078125,1264.9686030187986,8.121517935093557e-05
6400,1.8688747882843018,3.0513031482696533,1.5840730667114258,0.19306640326976776,2.1775126457214355,18.807249069213867,1264.9574160931882,8.115621961103366e-05
6410,1.8326973915100098,3.027175188064575,1.6158528327941895,0.1862928569316864,2.6086437702178955,18.997697830200195,1264.9466966384437,8.109719198119503e-05
6420,1.712799310684204,2.9891302585601807,1.3091493844985962,0.13908812403678894,3.7309648990631104,18.51874542236328,1264.9357642262735,8.103809661462923e-05
6430,1.7631629705429077,2.940948247909546,1.5520622730255127,0.14495760202407837,1.7977573871612549,18.99871253967285,1264.924782854085,8.097893366472157e-05
6440,1.663517713546753,2.770853042602539,1.28947913646698,0.18563631176948547,1.6211737394332886,18.910154342651367,1264.9140067297194,8.091970328503282e-05
6450,1.751827359199524,2.9269649982452393,1.5858310461044312,0.16820520162582397,2.5198211669921875,18.761974334716797,1264.903416998581,8.086040562929878e-05
6460,1.8013381958007812,3.0283350944519043,1.6393015384674072,0.16008730232715607,2.7843687534332275,19.022119522094727,1264.8926681109815,8.080104085142981e-05
6470,1.8242472410202026,3.0240585803985596,1.5031253099441528,0.19534839689731598,1.895151138305664,19.063642501831055,1264.8823247764014,8.074160910551055e-05
6480,1.865213394165039,2.9999210834503174,1.5681169033050537,0.17918716371059418,2.197817325592041,18.89185333251953,1264.8718565348604,8.068211054579944e-05
6490,1.903362512588501,3.1785995960235596,1.6122618913650513,0.18909117579460144,4.558438301086426,18.88960838317871,1264.860808097309,8.062254532672829e-05
6500,1.8841173648834229,3.121783971786499,1.617080807685852,0.19027447700500488,2.253411054611206,19.510988235473633,1264.850539119355,8.056291360290201e-05
6510,1.9238488674163818,3.1668894290924072,1.6325089931488037,0.18027649819850922,3.0118184089660645,19.13777732849121,1264.840463504768,8.050321552909808e-05
6520,1.7492090463638306,2.972368001937866,1.5169090032577515,0.18660207092761993,2.116356134414673,19.43695831298828,1264.8300803480229,8.044345126026619e-05
6530,1.79476797580719,3.0349955558776855,1.462021827697754,0.19452185928821564,1.4180940389633179,18.8487491607666,1264.8201862601318,8.038362095152789e-05
6540,1.6855157613754272,2.893190622329712,1.5010154247283936,0.16931308805942535,2.7929699420928955,18.76154899597168,1264.8103000261387,8.032372475817605e-05
6550,1.7367712259292603,2.8734045028686523,1.5800268650054932,0.16122949123382568,1.6585334539413452,18.94817543029785,1264.800274816781,8.026376283567465e-05
6560,1.7562187910079956,2.8592004776000977,1.6401625871658325,0.1781814843416214,1.7449628114700317,19.207120895385742,1264.7903402076943,8.020373533965821e-05
6570,1.7833223342895508,2.9225101470947266,1.6337629556655884,0.22306601703166962,1.6863373517990112,19.13365364074707,1264.780414574125,8.014364242593146e-05
6580,1.772350549697876,2.946751117706299,1.5997506380081177,0.1709284484386444,1.5661134719848633,18.922842025756836,1264.7701549316778,8.008348425046893e-05
6590,1.625237226486206,2.8153111934661865,1.4581331014633179,0.17476390302181244,2.4091508388519287,19.175138473510742,1264.7598995168082,8.002326096941457e-05
6600,1.6740312576293945,2.8320045471191406,1.48086416721344,0.16960202157497406,1.9273847341537476,18.91781997680664,1264.7501463814726,7.996297273908125e-05
6610,1.804910659790039,2.99599552154541,1.3861280679702759,0.1623382270336151,2.396942377090454,19.334245681762695,1264.7398950987956,7.99026197159505e-05
6620,1.7522022724151611,2.8850154876708984,1.473117709159851,0.16859714686870575,1.5735119581222534,18.822134017944336,1264.7301074219129,7.984220205667193e-05
6630,1.7368909120559692,2.9154019355773926,1.606245517730713,0.1892404407262802,1.7437397241592407,19.1215763092041,1264.7204708407755,7.9781719918063e-05
6640,1.6419618129730225,2.831603527069092,1.5142323970794678,0.17254425585269928,3.3511803150177,18.991294860839844,1264.710281706298,7.97211734571085e-05
6650,1.7536132335662842,2.967534065246582,1.4036316871643066,0.18702015280723572,1.9501723051071167,19.321874618530273,1264.6999704363327,7.966056283096016e-05
6660,1.6489723920822144,2.8091838359832764,1.3006033897399902,0.17905351519584656,1.8640605211257935,19.186723709106445,1264.6905413055706,7.959988819693624e-05
6670,1.7215646505355835,3.037885904312134,1.1377615928649902,0.1653083711862564,2.7395739555358887,18.515392303466797,1264.6802815121425,7.953914971252121e-05
6680,1.907504677772522,3.0391626358032227,1.781612753868103,0.18123842775821686,1.9210373163223267,18.69025993347168,1264.6704276087485,7.947834753536518e-05
6690,1.743330955505371,2.90417742729187,1.5822128057479858,0.17135559022426605,2.2118265628814697,19.26120948791504,1264.6609584675828,7.941748182328363e-05
6700,1.8180190324783325,3.026428461074829,1.547425389289856,0.18531888723373413,1.6815592050552368,18.86297607421875,1264.6512396619594,7.935655273425691e-05
6710,1.9102600812911987,3.0927369594573975,1.710042119026184,0.21597394347190857,2.17055082321167,18.95879554748535,1264.642040807961,7.929556042642993e-05
6720,1.8439512252807617,3.037808418273926,1.5425838232040405,0.1709914356470108,1.9772998094558716,19.069683074951172,1264.6321951682676,7.923450505811162e-05
6730,1.7540546655654907,2.941113233566284,1.4436402320861816,0.17192411422729492,2.2591538429260254,19.308956146240234,1264.6225100439588,7.917338678777463e-05
6740,1.769156813621521,3.001002073287964,1.5111677646636963,0.164896160364151,2.159510850906372,19.543455123901367,1264.6128688872102,7.911220577405484e-05
6750,1.6664599180221558,2.7759835720062256,1.5631810426712036,0.18198315799236298,1.757174015045166,19.56285858154297,1264.6026049215245,7.905096217575106e-05
6760,1.8417795896530151,2.961446523666382,1.7889189720153809,0.18300901353359222,1.6187267303466797,19.270889282226562,1264.592532785244,7.898965615182443e-05
6770,1.6667299270629883,2.7279419898986816,1.655480146408081,0.1550029069185257,1.985645055770874,18.97623062133789,1264.5824845829432,7.892828786139821e-05
6780,1.6823134422302246,2.865460157394409,1.345981478691101,0.14701072871685028,3.175645589828491,18.873170852661133,1264.5724236235549,7.886685746375722e-05
6790,1.8071125745773315,2.9871459007263184,1.6581535339355469,0.17975246906280518,2.021144151687622,19.540109634399414,1264.5625005799068,7.880536511834755e-05
6800,1.7271537780761719,2.860980749130249,1.4760292768478394,0.18223653733730316,2.6658458709716797,18.965967178344727,1264.5529585131626,7.874381098477599e-05
6810,1.7693109512329102,2.9388599395751953,1.3806461095809937,0.1682150959968567,2.342233896255493,19.201988220214844,1264.543764674714,7.868219522280975e-05
6820,1.6495163440704346,2.8723011016845703,1.262869954109192,0.16983026266098022,1.527190923690796,19.6916561126709,1264.5342144667754,7.862051799237605e-05
6830,1.76759672164917,2.982985496520996,1.4234516620635986,0.17260503768920898,1.4258369207382202,18.93507194519043,1264.5240376826505,7.855877945356154e-05
6840,1.755560040473938,2.8975894451141357,1.6047906875610352,0.16245856881141663,2.5936434268951416,19.57723045349121,1264.5142760911494,7.849697976661211e-05
6850,1.7564367055892944,3.001030445098877,1.4632469415664673,0.16152867674827576,3.818179130554199,18.991321563720703,1264.5044459183434,7.843511909193231e-05
6860,1.7628039121627808,2.9559786319732666,1.4754000902175903,0.17610158026218414,1.892641305923462,19.380043029785156,1264.494449488958,7.837319759008498e-05
6870,1.6298468112945557,2.7927942276000977,1.4978432655334473,0.14816561341285706,1.6194875240325928,19.198713302612305,1264.4842393721892,7.831121542179087e-05
6880,1.8473080396652222,2.9811336994171143,1.6330983638763428,0.22614316642284393,1.5381180047988892,19.330984115600586,1264.4745160821412,7.824917274792816e-05
6890,1.7280536890029907,2.868138551712036,1.6047579050064087,0.15276670455932617,1.4796470403671265,19.090442657470703,1264.465225003658,7.818706972953211e-05
6900,1.7096738815307617,2.87723445892334,1.6514643430709839,0.16608095169067383,1.9329725503921509,19.984310150146484,1264.4552496375466,7.812490652779459e-05
6910,1.6030539274215698,2.6992595195770264,1.4636420011520386,0.17041507363319397,2.135761260986328,19.61255645751953,1264.4453033257219,7.806268330406368e-05
6920,1.580737590789795,2.642244577407837,1.4554206132888794,0.15615400671958923,1.9001426696777344,19.365365982055664,1264.4353938309705,7.800040021984325e-05
6930,1.6647226810455322,2.8311312198638916,1.2731738090515137,0.15868829190731049,2.351771831512451,19.134506225585938,1264.4253397726714,7.793805743679253e-05
6940,1.6920850276947021,2.83746600151062,1.242211937904358,0.18330441415309906,1.835540771484375,19.644113540649414,1264.415692186695,7.787565511672573e-05
6950,1.675844669342041,2.903275489807129,1.2304162979125977,0.1768248975276947,3.1371448040008545,19.265125274658203,1264.4057915747646,7.781319342161158e-05
6960,1.6451396942138672,2.792095184326172,1.4357491731643677,0.17139485478401184,3.3334410190582275,19.42184066772461,1264.3961642648317,7.77506725135729e-05
6970,1.8145016431808472,3.041461229324341,1.618639349937439,0.17031751573085785,3.6393728256225586,19.357646942138672,1264.3866359121694,7.768809255488622e-05
6980,1.688154697418213,2.8022210597991943,1.5711045265197754,0.18038098514080048,1.4508233070373535,19.367244720458984,1264.3770070535784,7.762545370798134e-05
6990,1.6328299045562744,2.735944986343384,1.5554718971252441,0.16207294166088104,1.707072377204895,19.573442459106445,1264.3674530461317,7.756275613544091e-05
7000,1.856827735900879,2.97615122795105,1.7448375225067139,0.22485609352588654,1.8065071105957031,19.394800186157227,1264.3574643348077,7.75e-05
7010,1.770114541053772,2.9478976726531982,1.4658057689666748,0.19910882413387299,3.606595993041992,19.298080444335938,1264.3472788234326,7.74371854645457e-05
7020,1.6229385137557983,2.731984853744507,1.4785487651824951,0.16518594324588776,1.7437695264816284,18.893028259277344,1264.3372449511244,7.73743126921166e-05
7030,1.629210352897644,2.6444478034973145,1.5799955129623413,0.1916600614786148,1.7680410146713257,19.571104049682617,1264.327710267596,7.731138184590259e-05
7040,1.7781199216842651,2.9115848541259766,1.8082780838012695,0.168061763048172,2.3405282497406006,19.30545425415039,1264.317604241771,7.724839308924417e-05
7050,1.7306715250015259,2.894477367401123,1.478669285774231,0.16585539281368256,1.884992003440857,19.151243209838867,1264.3077677329936,7.71853465856322e-05
7060,1.8280383348464966,3.05594801902771,1.4902780055999756,0.1918887346982956,2.8202531337738037,19.21171760559082,1264.2980577112382,7.712224249870742e-05
7070,1.6731715202331543,2.766890287399292,1.4781548976898193,0.17591166496276855,2.0092036724090576,19.330888748168945,1264.2881061751568,7.705908099226004e-05
7080,1.7817950248718262,2.8932864665985107,1.7396409511566162,0.17764578759670258,2.9490432739257812,19.50436782836914,1264.2785116381674,7.69958622302293e-05
7090,1.6982653141021729,2.760929822921753,1.7017744779586792,0.19374282658100128,2.049776554107666,19.507923126220703,1264.2689278356495,7.693258637670303e-05
7100,1.8514543771743774,3.1341094970703125,1.6208816766738892,0.17113308608531952,3.4584639072418213,19.53321075439453,1264.2593287907252,7.686925359591727e-05
7110,1.6637088060379028,2.834686279296875,1.3536206483840942,0.1689472794532776,2.2703123092651367,19.40325164794922,1264.2498207253836,7.680586405225583e-05
7120,1.752750277519226,2.8593947887420654,1.7561968564987183,0.17938700318336487,2.1994049549102783,19.171964645385742,1264.2403728987952,7.674241791024979e-05
7130,1.6861300468444824,2.736809015274048,1.8500900268554688,0.20196183025836945,3.3373472690582275,19.814956665039062,1264.2311683810417,7.667891533457719e-05
7140,1.6200979948043823,2.652006149291992,1.7395210266113281,0.17547103762626648,1.9086475372314453,19.711889266967773,1264.2213305841888,7.661535649006254e-05
7150,1.7486225366592407,2.864387273788452,1.7769880294799805,0.1694839596748352,1.6589645147323608,19.796422958374023,1264.2116141300683,7.655174154167638e-05
7160,1.7202500104904175,2.7888753414154053,1.7546498775482178,0.16339117288589478,1.9068650007247925,19.703205108642578,1264.2016080048772,7.648807065453489e-05
7170,1.7363733053207397,2.8789446353912354,1.4896050691604614,0.16734369099140167,1.6341595649719238,19.660396575927734,1264.1920672750591,7.642434399389944e-05
7180,1.7032657861709595,2.8491005897521973,1.4949471950531006,0.17423970997333527,1.5273964405059814,19.66004753112793,1264.181919703032,7.636056172517613e-05
7190,1.7842916250228882,2.8875226974487305,1.7677204608917236,0.16780228912830353,3.234917402267456,19.36294937133789,1264.172106375545,7.629672401391543e-05
7200,1.5332651138305664,2.5972485542297363,1.3337041139602661,0.15297453105449677,2.232147455215454,19.815690994262695,1264.1624106404422,7.62328310258117e-05
7210,1.7685062885284424,2.9394912719726562,1.6945189237594604,0.14672242105007172,2.1978518962860107,19.417787551879883,1264.1525275683132,7.61688829267028e-05
7220,1.9280375242233276,3.0750699043273926,1.6767574548721313,0.1728065013885498,2.1646769046783447,19.32095718383789,1264.142663283069,7.61048798825696e-05
7230,1.7470089197158813,2.824845314025879,1.7027485370635986,0.15815500915050507,2.3991477489471436,19.35967254638672,1264.1323831654647,7.60408220595356e-05
7240,1.6149851083755493,2.6330912113189697,1.6662460565567017,0.16529208421707153,1.9458067417144775,19.165895462036133,1264.1224851156146,7.597670962386643e-05
7250,1.7747164964675903,2.7964396476745605,1.8061528205871582,0.17888110876083374,2.027167797088623,20.11591148376465,1264.1121593360529,7.591254274196959e-05
7260,1.6621793508529663,2.7831830978393555,1.590329647064209,0.1853567361831665,2.3242480754852295,19.57599639892578,1264.1024795047772,7.58483215803938e-05
7270,1.6952918767929077,2.801072359085083,1.6004633903503418,0.17252691090106964,2.283419609069824,19.527069091796875,1264.0927126720671,7.578404630582864e-05
7280,1.855436086654663,2.95088791847229,1.7281773090362549,0.18842990696430206,2.6784157752990723,19.448623657226562,1264.0828806961458,7.571971708510427e-05
7290,1.7557432651519775,2.883354902267456,1.3119618892669678,0.17744547128677368,3.1059701442718506,19.7900333404541,1264.0729460625837,7.565533408519074e-05
7300,1.6331595182418823,2.728471279144287,1.49524986743927,0.18331974744796753,2.563044309616089,19.571971893310547,1264.0624100901703,7.55908974731978e-05
7310,1.6897956132888794,2.8025577068328857,1.3872909545898438,0.17342805862426758,2.3544955253601074,19.693574905395508,1264.0523451491674,7.552640741637422e-05
7320,1.7063305377960205,2.732863187789917,1.6152468919754028,0.16614532470703125,1.5495777130126953,19.57476043701172,1264.0422573636122,7.546186408210761e-05
7330,1.67965567111969,2.85477876663208,1.3883650302886963,0.15445275604724884,3.421567916870117,19.49017906188965,1264.0320099988082,7.539726763792382e-05
7340,1.767561912536621,3.0535264015197754,1.451792597770691,0.16631366312503815,3.5562362670898438,19.745521545410156,1264.0215552429759,7.533261825148654e-05
7350,1.8632495403289795,2.969512939453125,1.753902554512024,0.15534226596355438,1.808478593826294,19.33146095275879,1264.011837236908,7.526791609059686e-05
7360,1.7433831691741943,2.864469051361084,1.4016729593276978,0.18078644573688507,1.3989976644515991,19.86387062072754,1264.0017475747131,7.52031613231929e-05
7370,1.5722333192825317,2.604512929916382,1.4711123704910278,0.17403316497802734,1.498366117477417,19.524084091186523,1263.991695563942,7.513835411734928e-05
7380,1.6507363319396973,2.8111510276794434,1.2935302257537842,0.19141659140586853,2.699526071548462,19.919588088989258,1263.9821328916457,7.507349464127677e-05
7390,1.5661073923110962,2.690516471862793,1.4022812843322754,0.1521080881357193,1.9497700929641724,19.574848175048828,1263.9725079627697,7.500858306332173e-05
7400,1.4380563497543335,2.5550670623779297,1.1746962070465088,0.15860222280025482,1.6614145040512085,19.82297134399414,1263.9628390355422,7.494361955196587e-05
7410,1.7749972343444824,2.8693742752075195,1.7616558074951172,0.1792721003293991,1.8459631204605103,19.72281837463379,1263.9530151217657,7.487860427582557e-05
7420,1.6654033660888672,2.7848031520843506,1.6168980598449707,0.17631204426288605,2.1692183017730713,19.565580368041992,1263.9431473756804,7.481353740365167e-05
7430,1.6517159938812256,2.800264358520508,1.5526939630508423,0.1732163280248642,2.12288498878479,19.614473342895508,1263.933341824396,7.474841910432887e-05
7440,1.6179333925247192,2.7017359733581543,1.5715932846069336,0.15372268855571747,2.299708366394043,19.668867111206055,1263.9239094985742,7.46832495468754e-05
7450,1.5986074209213257,2.654726982116699,1.5876795053482056,0.1648397445678711,2.0210306644439697,19.718780517578125,1263.9144232510712,7.461802890044246e-05
7460,1.8267221450805664,2.9551308155059814,1.748921513557434,0.16660702228546143,1.7505381107330322,19.890775680541992,1263.9047528090018,7.455275733431395e-05
7470,1.8376789093017578,2.9615237712860107,1.5153529644012451,0.17776888608932495,1.551137089729309,19.618234634399414,1263.8951601994993,7.448743501790585e-05
7480,1.6990724802017212,2.838824510574341,1.4759982824325562,0.17104774713516235,2.6686768531799316,19.671649932861328,1263.8863274494506,7.442206212076589e-05
7490,1.6725335121154785,2.736018419265747,1.5669879913330078,0.16990897059440613,2.4414584636688232,19.350915908813477,1263.8772120518897,7.435663881257314e-05
7500,1.6135518550872803,2.656259536743164,1.4712347984313965,0.1746761053800583,2.2046632766723633,19.801591873168945,1263.8682078738523,7.429116526313744e-05
7510,1.744206190109253,2.834082841873169,1.72024667263031,0.1655568927526474,2.832653760910034,20.1215877532959,1263.8591417973769,7.422564164239907e-05
7520,1.7117055654525757,2.842743396759033,1.527879238128662,0.15617424249649048,3.2905731201171875,19.595701217651367,1263.8501516208844,7.416006812042828e-05
7530,1.7048466205596924,2.7434422969818115,1.7288326025009155,0.1631893366575241,1.4197988510131836,19.777606964111328,1263.8409282813855,7.40944448674248e-05
7540,1.7687116861343384,2.9384403228759766,1.325755000114441,0.1634855568408966,2.9958465099334717,19.593965530395508,1263.8319464162164,7.402877205371748e-05
7550,1.7442699670791626,2.8172333240509033,1.7174406051635742,0.16550999879837036,1.7726483345031738,19.885150909423828,1263.8225480687859,7.396304984976383e-05
7560,1.7089811563491821,2.7983317375183105,1.5765013694763184,0.1645524501800537,1.7097395658493042,19.513912200927734,1263.8134346791217,7.389727842614945e-05
7570,1.7066198587417603,2.7997069358825684,1.6682398319244385,0.16736000776290894,1.763218641281128,19.753765106201172,1263.8044558667182,7.383145795358783e-05
7580,1.8725124597549438,3.0417582988739014,1.6654452085494995,0.17422671616077423,2.5407228469848633,19.839014053344727,1263.795460946753,7.376558860291966e-05
7590,1.7662038803100586,2.868936538696289,1.5986202955245972,0.15981082618236542,1.598639965057373,19.65064239501953,1263.78653577757,7.369967054511256e-05
7600,1.67787504196167,2.779613733291626,1.7508593797683716,0.1977197229862213,1.5929747819900513,19.72065544128418,1263.7778427438411,7.363370395126054e-05
7610,1.6799284219741821,2.8434159755706787,1.442221999168396,0.1656390279531479,3.7173073291778564,19.91107940673828,1263.768739498614,7.356768899258362e-05
7620,1.7710988521575928,2.976044178009033,1.6201642751693726,0.1826186627149582,2.1358649730682373,19.92357635498047,1263.7595923617837,7.350162584042729e-05
7630,1.745023488998413,2.9103682041168213,1.4845876693725586,0.18357239663600922,4.316790580749512,20.056888580322266,1263.750410686618,7.343551466626221e-05
7640,1.654427170753479,2.8432252407073975,1.5316983461380005,0.1523856222629547,4.084885597229004,19.913005828857422,1263.7411526942656,7.336935564168363e-05
7650,1.7822492122650146,2.8784289360046387,1.8948463201522827,0.16116468608379364,2.3235154151916504,19.688690185546875,1263.7320941648798,7.330314893841101e-05
7660,1.5381065607070923,2.5792953968048096,1.6667232513427734,0.1543474644422531,2.475041627883911,20.351327896118164,1263.723369342849,7.323689472828758e-05
7670,1.6261775493621826,2.668957471847534,1.4864882230758667,0.17147880792617798,1.530719518661499,19.783353805541992,1263.7145885420023,7.317059318327983e-05
7680,1.6813081502914429,2.8362221717834473,1.1547340154647827,0.14982110261917114,2.0990655422210693,19.847179412841797,1263.705234197113,7.310424447547719e-05
7690,1.5195952653884888,2.556736707687378,1.4349021911621094,0.14153987169265747,2.3464648723602295,19.666364669799805,1263.6966781145663,7.303784877709143e-05
7700,1.5483871698379517,2.583472967147827,1.5945041179656982,0.14486092329025269,2.4283008575439453,20.175960540771484,1263.6875395817956,7.29714062604563e-05
7710,1.7332580089569092,2.803901195526123,1.7056159973144531,0.16328251361846924,2.0383191108703613,19.771820068359375,1263.6784880428788,7.290491709802711e-05
7720,1.5753587484359741,2.645097494125366,1.3792662620544434,0.1536055952310562,1.874446153640747,19.91375732421875,1263.6698563969153,7.283838146238021e-05
7730,1.741994023323059,2.8882009983062744,1.5124081373214722,0.16020835936069489,2.1243374347686768,19.821243286132812,1263.6614936138778,7.277179952621255e-05
7740,1.59097158908844,2.6489486694335938,1.588795781135559,0.14436687529087067,1.523587703704834,19.530813217163086,1263.6526890225211,7.270517146234132e-05
7750,1.5739023685455322,2.715346574783325,1.2309335470199585,0.16032759845256805,2.4079036712646484,19.667470932006836,1263.6439862968023,7.263849744370338e-05
7760,1.720379114151001,2.804680824279785,1.637195110321045,0.16796474158763885,2.070047616958618,19.910846710205078,1263.6352420343858,7.257177764335491e-05
7770,1.6221520900726318,2.7182154655456543,1.2644978761672974,0.16255727410316467,3.313999891281128,19.546125411987305,1263.6264408142758,7.250501223447085e-05
7780,1.733229637145996,2.858884334564209,1.5702589750289917,0.18412217497825623,1.5801103115081787,19.437419891357422,1263.6172358233653,7.243820139034464e-05
7790,1.7463918924331665,2.784769296646118,1.8929319381713867,0.1618216633796692,2.5468156337738037,20.047340393066406,1263.608050816949,7.237134528438752e-05
7800,1.643005132675171,2.7531936168670654,1.4965609312057495,0.16459299623966217,3.0890533924102783,20.008848190307617,1263.5991824288847,7.23044440901283e-05
7810,1.667525053024292,2.768758773803711,1.4940011501312256,0.17319929599761963,1.9203946590423584,20.130422592163086,1263.5900949181787,7.223749798121274e-05
7820,1.4843262434005737,2.503328323364258,1.454932451248169,0.18035754561424255,2.79353928565979,20.114925384521484,1263.5810878064967,7.217050713140329e-05
7830,1.75578773021698,2.9428346157073975,1.4691883325576782,0.16286732256412506,1.7322160005569458,19.733152389526367,1263.5724967565145,7.210347171457842e-05
7840,1.6047807931900024,2.6945793628692627,1.4387413263320923,0.152243971824646,2.277367353439331,20.29963493347168,1263.5641651754665,7.203639190473233e-05
7850,1.5986045598983765,2.7281596660614014,1.3336870670318604,0.14380110800266266,1.5561004877090454,19.928333282470703,1263.5555811251543,7.196926787597443e-05
7860,1.6379265785217285,2.7645022869110107,1.49431312084198,0.16322575509548187,3.0974831581115723,19.731544494628906,1263.5464867269716,7.19020998025289e-05
7870,1.6070034503936768,2.695394992828369,1.653048038482666,0.1541387438774109,1.7060564756393433,20.17566680908203,1263.5373561877116,7.183488785873426e-05
7880,1.7436522245407104,2.857167959213257,1.5253931283950806,0.1805630624294281,1.8523499965667725,20.018112182617188,1263.528555778252,7.176763221904287e-05
7890,1.735053539276123,2.890995740890503,1.5646156072616577,0.14776292443275452,2.229891538619995,20.4255428314209,1263.5198693829052,7.170033305802053e-05
7900,1.675603985786438,2.736388683319092,1.5840955972671509,0.16089005768299103,2.4014251232147217,19.47295379638672,1263.5106326595478,7.1632990550346e-05
7910,1.5652717351913452,2.5591318607330322,1.6373060941696167,0.14420448243618011,1.6947145462036133,20.00792694091797,1263.5014898100935,7.156560487081053e-05
7920,1.606568455696106,2.671269655227661,1.389354944229126,0.17008286714553833,1.8714321851730347,20.1684513092041,1263.4927554989147,7.14981761943174e-05
7930,1.7950775623321533,2.8733720779418945,1.695860505104065,0.1987069696187973,2.2598490715026855,20.047151565551758,1263.483796424288,7.143070469588158e-05
7940,1.7171399593353271,2.8487751483917236,1.5136610269546509,0.14760927855968475,2.36750864982605,19.94704246520996,1263.4749860611748,7.136319055062912e-05
7950,1.5943903923034668,2.713304281234741,1.4026371240615845,0.15357820689678192,2.4588632583618164,20.011043548583984,1263.4657991833703,7.129563393379676e-05
7960,1.768441081047058,2.819262742996216,1.7298688888549805,0.20072737336158752,2.4001123905181885,20.08621597290039,1263.4569177078304,7.12280350207315e-05
7970,1.632134199142456,2.716139316558838,1.6940524578094482,0.15421243011951447,1.6907169818878174,20.155941009521484,1263.4479451106517,7.11603939868901e-05
7980,1.7328007221221924,2.7827353477478027,1.8046208620071411,0.16041375696659088,1.6903308629989624,20.439037322998047,1263.4388395427013,7.10927110078387e-05
7990,1.6863898038864136,2.7332963943481445,1.502572774887085,0.1771777868270874,1.315097451210022,20.41488265991211,1263.4300055695314,7.102498625925223e-05
8000,1.5186551809310913,2.5604817867279053,1.4670482873916626,0.1370040476322174,1.5587180852890015,20.480398178100586,1263.4211847161773,7.095721991691411e-05
8010,1.683168649673462,2.733668565750122,1.7282812595367432,0.14361555874347687,2.4282467365264893,19.5384578704834,1263.4121731333248,7.088941215671568e-05
8020,1.6286672353744507,2.656191110610962,1.513785719871521,0.1519789844751358,2.607802152633667,20.433481216430664,1263.4030784058693,7.082156315465574e-05
8030,1.5316612720489502,2.6018483638763428,1.3016388416290283,0.17883412539958954,1.7756813764572144,20.693607330322266,1263.3941247731063,7.075367308684026e-05
8040,1.792339563369751,2.8654229640960693,1.7948628664016724,0.18699945509433746,1.6770648956298828,19.716089248657227,1263.3855008549037,7.068574212948169e-05
8050,1.8188756704330444,2.9208202362060547,1.4353301525115967,0.16964873671531677,1.928063154220581,19.838741302490234,1263.376405381858,7.061777045889863e-05
8060,1.643303394317627,2.678262233734131,1.5081483125686646,0.16520775854587555,1.1569451093673706,19.837467193603516,1263.3672986183808,7.05497582515154e-05
8070,1.5768052339553833,2.5458781719207764,1.6933122873306274,0.1680959165096283,2.442462682723999,20.007179260253906,1263.3584338490175,7.048170568386146e-05
8080,1.6971704959869385,2.8044493198394775,1.4264261722564697,0.1701878011226654,1.605992078781128,19.613534927368164,1263.3492102537905,7.041361293257112e-05
8090,1.5586609840393066,2.709404706954956,1.1632367372512817,0.1386602371931076,3.8446033000946045,20.113323211669922,1263.340062728087,7.03454801743829e-05
8100,1.6687984466552734,2.7833855152130127,1.5612622499465942,0.15590769052505493,2.095808506011963,19.81817626953125,1263.3311936172693,7.027730758613924e-05
8110,1.6515051126480103,2.732726573944092,1.5395622253417969,0.16721560060977936,2.3134963512420654,20.15634536743164,1263.3220680569605,7.020909534478586e-05
8120,1.6208689212799072,2.6942296028137207,1.6646467447280884,0.15968605875968933,2.6533968448638916,20.35781478881836,1263.3129770730488,7.014084362737152e-05
8130,1.7917699813842773,2.882889986038208,1.5124109983444214,0.1807996928691864,3.8998162746429443,20.293441772460938,1263.3042334183667,7.007255261104735e-05
8140,1.644103765487671,2.7279961109161377,1.4143716096878052,0.16158008575439453,2.1506364345550537,20.169401168823242,1263.2954039278436,7.000422247306656e-05
8150,1.5359998941421509,2.551151990890503,1.5800023078918457,0.15238972008228302,1.5892835855484009,20.021501541137695,1263.2864123497984,6.993585339078378e-05
8160,1.6916708946228027,2.7704579830169678,1.5969935655593872,0.15099456906318665,2.9769108295440674,19.86126136779785,1263.277899374896,6.986744554165488e-05
8170,1.6295841932296753,2.6744651794433594,1.4238369464874268,0.14213134348392487,1.854390263557434,20.263425827026367,1263.2694613330573,6.979899910323624e-05
8180,1.6734199523925781,2.713778495788574,1.6352440118789673,0.16928830742835999,3.6840882301330566,19.592973709106445,1263.2605350771908,6.973051425318445e-05
8190,1.662326693534851,2.852961540222168,1.4355733394622803,0.17308320105075836,2.731088876724243,20.283226013183594,1263.2514376009467,6.966199116925578e-05
8200,1.6253830194473267,2.721963882446289,1.642110824584961,0.1798354983329773,3.8493382930755615,20.22793197631836,1263.2424235808148,6.959343002930573e-05
8210,1.6123491525650024,2.671818733215332,1.4652431011199951,0.15346945822238922,3.3596513271331787,19.9764461517334,1263.2337936004828,6.95248310112886e-05
8220,1.5902615785598755,2.6698899269104004,1.4872751235961914,0.1643076241016388,2.6044700145721436,20.225677490234375,1263.2247867673202,6.945619429325697e-05
8230,1.5895599126815796,2.5888924598693848,1.6094985008239746,0.16042840480804443,2.6024608612060547,20.35712432861328,1263.2160956922949,6.938752005336131e-05
8240,1.753914475440979,2.7197465896606445,1.821484923362732,0.18878789246082306,1.79109525680542,19.47612953186035,1263.2075134499362,6.93188084698495e-05
8250,1.5506724119186401,2.6303396224975586,1.2586270570755005,0.14400875568389893,4.075354099273682,19.616111755371094,1263.1987382190703,6.925005972106627e-05
8260,1.8104745149612427,2.8712587356567383,1.5841186046600342,0.1699390411376953,1.6786683797836304,20.358911514282227,1263.1898681858572,6.918127398545287e-05
8270,1.6274653673171997,2.666555166244507,1.5842951536178589,0.18793733417987823,3.1597437858581543,19.99951171875,1263.1813267535135,6.911245144154654e-05
8280,1.6976898908615112,2.7901580333709717,1.474316954612732,0.15144026279449463,1.4184244871139526,20.234434127807617,1263.1726431093077,6.904359226798004e-05
8290,1.6562303304672241,2.649604320526123,1.8005305528640747,0.16064031422138214,1.9755159616470337,20.025022506713867,1263.1636574510228,6.897469664348126e-05
8300,1.6832720041275024,2.7887513637542725,1.6700081825256348,0.17222242057323456,1.592414379119873,20.089855194091797,1263.1548880461326,6.890576474687263e-05
8310,1.6766133308410645,2.6645114421844482,1.8433719873428345,0.15346214175224304,1.7757676839828491,20.094263076782227,1263.1459548049143,6.883679675707078e-05
8320,1.5906919240951538,2.6272776126861572,1.4855890274047852,0.16399534046649933,1.5279337167739868,20.162290573120117,1263.1371151649114,6.876779285308599e-05
8330,1.7110358476638794,2.76676344871521,1.6964929103851318,0.1702355146408081,1.5609853267669678,20.22149658203125,1263.1278803708562,6.869875321402178e-05
8340,1.6093099117279053,2.7375922203063965,1.3823072910308838,0.1608465015888214,2.1947953701019287,20.06849479675293,1263.118914000534,6.862967801907435e-05
8350,1.595179796218872,2.689788579940796,1.2074276208877563,0.13902966678142548,1.8923381567001343,20.016429901123047,1263.1101311693778,6.856056744753232e-05
8360,1.5983282327651978,2.6641204357147217,1.2831745147705078,0.1807592213153839,3.064880132675171,20.03531837463379,1263.101746855773,6.849142167877605e-05
8370,1.5185221433639526,2.5737006664276123,1.2861849069595337,0.15209230780601501,1.6612433195114136,20.777713775634766,1263.0938384294031,6.842224089227723e-05
8380,1.5394502878189087,2.5974857807159424,1.4233530759811401,0.1561184972524643,2.093857526779175,19.922401428222656,1263.0857146559706,6.835302526759847e-05
8390,1.6274210214614868,2.6241164207458496,1.7507840394973755,0.1486963927745819,1.9492331743240356,19.777576446533203,1263.0776349022112,6.828377498439287e-05
8400,1.6179744005203247,2.691445827484131,1.5289154052734375,0.16295862197875977,3.5269834995269775,20.293777465820312,1263.0692533338404,6.82144902224034e-05
8410,1.6322555541992188,2.634272813796997,1.71774160861969,0.15451715886592865,1.8090789318084717,20.442461013793945,1263.061088282248,6.81451711614625e-05
8420,1.6691172122955322,2.662489414215088,1.7739289999008179,0.1721264272928238,2.455937385559082,20.10991668701172,1263.0528145488051,6.807581798149177e-05
8430,1.5986270904541016,2.612830638885498,1.5114489793777466,0.1654992550611496,1.6426860094070435,20.042282104492188,1263.0448005778962,6.800643086250122e-05
8440,1.692670226097107,2.795687198638916,1.5912082195281982,0.1650744527578354,2.9512970447540283,20.007476806640625,1263.0367223302767,6.793700998458907e-05
8450,1.6262195110321045,2.7315986156463623,1.414962649345398,0.15326842665672302,4.617422580718994,19.862319946289062,1263.028863938851,6.786755552794102e-05
8460,1.4804942607879639,2.443633794784546,1.5763293504714966,0.18740123510360718,1.8998045921325684,20.083662033081055,1263.0203708185984,6.779806767283008e-05
8470,1.689040184020996,2.6926119327545166,1.7868547439575195,0.1700335592031479,2.1596665382385254,20.300745010375977,1263.0121540132534,6.772854659961588e-05
8480,1.64305579662323,2.7091801166534424,1.5845158100128174,0.16266129910945892,2.1255054473876953,20.366188049316406,1263.0039872380755,6.765899248874425e-05
8490,1.7269779443740845,2.7225375175476074,1.667846441268921,0.16369213163852692,2.0362045764923096,20.311555862426758,1262.9958625092822,6.758940552074678e-05
8500,1.587712049484253,2.6707329750061035,1.4506453275680542,0.158360555768013,1.9810495376586914,20.535913467407227,1262.9878793372825,6.751978587624037e-05
8510,1.6518787145614624,2.7368876934051514,1.5992326736450195,0.15866288542747498,1.9451911449432373,20.700185775756836,1262.9799951736009,6.745013373592672e-05
8520,1.5273447036743164,2.495915174484253,1.596468210220337,0.17694927752017975,2.386493444442749,20.068635940551758,1262.97195311936,6.738044928059186e-05
8530,1.625841498374939,2.6027605533599854,1.734334945678711,0.14781078696250916,1.7647650241851807,20.430017471313477,1262.9639695249216,6.731073269110571e-05
8540,1.5406471490859985,2.519531011581421,1.5702189207077026,0.175826296210289,1.9958946704864502,20.18071174621582,1262.956151317266,6.72409841484216e-05
8550,1.7934993505477905,2.8420872688293457,1.717755913734436,0.1675368994474411,1.496768593788147,20.04299545288086,1262.9481219727738,6.717120383357578e-05
8560,1.7653648853302002,2.875659942626953,1.5818631649017334,0.16207626461982727,1.5097416639328003,20.198354721069336,1262.9402121132985,6.710139192768695e-05
8570,1.639470100402832,2.641862154006958,1.5112998485565186,0.1529206782579422,1.7774670124053955,19.872211456298828,1262.9320049879873,6.703154861195589e-05
8580,1.507921576499939,2.5480265617370605,1.5211095809936523,0.16235697269439697,1.836234450340271,20.32110023498535,1262.9242566276798,6.696167406766482e-05
8590,1.4954899549484253,2.5347442626953125,1.3886171579360962,0.15549662709236145,1.5874162912368774,20.406862258911133,1262.9162553391914,6.689176847617701e-05
8600,1.7628118991851807,2.8995416164398193,1.4286363124847412,0.18355129659175873,2.2843856811523438,19.922225952148438,1262.9080921009518,6.682183201893642e-05
8610,1.6017272472381592,2.5771424770355225,1.5968611240386963,0.17027196288108826,1.9362974166870117,20.262365341186523,1262.8997198689412,6.675186487746699e-05
8620,1.6105828285217285,2.5788769721984863,1.656559944152832,0.15701815485954285,1.6266393661499023,20.851423263549805,1262.8912644273173,6.668186723337239e-05
8630,1.5823825597763062,2.599510431289673,1.5614560842514038,0.16963578760623932,2.6454615592956543,20.6721248626709,1262.882655745587,6.661183926833541e-05
8640,1.5744225978851318,2.6485235691070557,1.3486864566802979,0.1788710206747055,1.9002723693847656,20.06376075744629,1262.8748806963335,6.654178116411762e-05
8650,1.6889187097549438,2.6563267707824707,1.7362301349639893,0.17614997923374176,2.213982582092285,20.26218032836914,1262.8668651916453,6.64716931025587e-05
8660,1.67338228225708,2.6970114707946777,1.729729413986206,0.17245762050151825,1.8189525604248047,20.021753311157227,1262.8591963617876,6.640157526557619e-05
8670,1.6197649240493774,2.7252700328826904,1.2557721138000488,0.14734730124473572,1.8341865539550781,19.985023498535156,1262.851269260417,6.633142783516486e-05
8680,1.7050279378890991,2.7842371463775635,1.6659095287322998,0.15515989065170288,2.2031304836273193,19.881452560424805,1262.84291979794,6.626125099339631e-05
8690,1.6097912788391113,2.595473051071167,1.5921727418899536,0.17295628786087036,1.5978138446807861,20.28241729736328,1262.834884017572,6.619104492241848e-05
8700,1.559981107711792,2.6255362033843994,1.34465491771698,0.15811966359615326,3.307939291000366,20.38494300842285,1262.8266956914595,6.612080980445513e-05
8710,1.4905359745025635,2.506192922592163,1.364109992980957,0.14165931940078735,1.5396835803985596,20.246061325073242,1262.818503900134,6.605054582180551e-05
8720,1.6361312866210938,2.7566072940826416,1.276557445526123,0.18758410215377808,2.8252415657043457,20.644071578979492,1262.8104095788765,6.598025315684369e-05
8730,1.7268483638763428,2.7218968868255615,1.7284504175186157,0.15931682288646698,2.2922234535217285,20.394886016845703,1262.801853741371,6.590993199201825e-05
8740,1.5804964303970337,2.571657180786133,1.7120999097824097,0.13697613775730133,2.3248252868652344,19.992300033569336,1262.7935217636486,6.583958250985172e-05
8750,1.6751017570495605,2.7578389644622803,1.426756739616394,0.18316420912742615,3.0325417518615723,20.301918029785156,1262.7855578788592,6.576920489294011e-05
8760,1.502987027168274,2.485771656036377,1.3905541896820068,0.1582476794719696,1.5606341361999512,20.727828979492188,1262.7773808351308,6.569879932395249e-05
8770,1.7444506883621216,2.8366942405700684,1.6000789403915405,0.15996432304382324,1.9049468040466309,20.465145111083984,1262.7693211747198,6.562836598563049e-05
8780,1.6615136861801147,2.7286417484283447,1.4825427532196045,0.16640180349349976,1.8507065773010254,20.4130859375,1262.7607951417708,6.555790506078774e-05
8790,1.6766853332519531,2.711355686187744,1.540805697441101,0.17366498708724976,3.830000877380371,20.390621185302734,1262.752268986102,6.548741673230961e-05
8800,1.5305882692337036,2.538789987564087,1.3938227891921997,0.1784142255783081,2.6651456356048584,20.517072677612305,1262.743930896087,6.541690118315245e-05
8810,1.7824461460113525,2.909381866455078,1.3975673913955688,0.14522261917591095,2.7537102699279785,20.143735885620117,1262.7357696921222,6.534635859634333e-05
8820,1.5723968744277954,2.6326704025268555,1.5543853044509888,0.16376063227653503,2.327303171157837,20.78111457824707,1262.7276840250706,6.527578915497951e-05
8830,1.547356128692627,2.5948679447174072,1.5052026510238647,0.13666647672653198,3.36958384513855,20.56056022644043,1262.719123616761,6.520519304222795e-05
8840,1.6020559072494507,2.633927345275879,1.5653516054153442,0.16502541303634644,2.5376152992248535,20.46682357788086,1262.7109745411053,6.513457044132481e-05
8850,1.6241785287857056,2.68666934967041,1.4631690979003906,0.1649867594242096,1.9027363061904907,20.529682159423828,1262.7028735356864,6.5063921535575e-05
8860,1.5293326377868652,2.565378189086914,1.4843804836273193,0.1395060271024704,1.722198724746704,20.269947052001953,1262.6950186616616,6.499324650835176e-05
8870,1.5150022506713867,2.4630489349365234,1.5775169134140015,0.17070092260837555,2.2604544162750244,20.25983238220215,1262.6868358479735,6.492254554309606e-05
8880,1.6739890575408936,2.6595568656921387,1.6614618301391602,0.18103712797164917,1.672348976135254,20.57185935974121,1262.67866739751,6.485181882331623e-05
8890,1.6162109375,2.6318540573120117,1.601251482963562,0.18207032978534698,1.750995397567749,20.62984275817871,1262.670754035856,6.478106653258747e-05
8900,1.6372413635253906,2.60227632522583,1.5397899150848389,0.1791742444038391,1.7157961130142212,20.277326583862305,1262.662781449977,6.471028885455128e-05
8910,1.5352635383605957,2.5903961658477783,1.5907841920852661,0.15528874099254608,2.365095853805542,20.358556747436523,1262.6547064699857,6.463948597291512e-05
8920,1.5194292068481445,2.5125198364257812,1.524815559387207,0.15378519892692566,1.6315863132476807,20.675121307373047,1262.6463444068274,6.456865807145187e-05
8930,1.6327074766159058,2.7687957286834717,1.5397181510925293,0.1413656771183014,2.1669557094573975,19.98295021057129,1262.637876511093,6.449780533399928e-05
8940,1.6089452505111694,2.618499279022217,1.4726266860961914,0.17248806357383728,1.619544506072998,20.52531623840332,1262.6293499280878,6.442692794445963e-05
8950,1.414577841758728,2.3705549240112305,1.45260488986969,0.1461784988641739,1.6134676933288574,20.39846420288086,1262.6209234343503,6.435602608679918e-05
8960,1.637534260749817,2.6476855278015137,1.713889718055725,0.17043927311897278,1.9085029363632202,20.207534790039062,1262.6125604894598,6.428509994504765e-05
8970,1.623563289642334,2.71237850189209,1.217668056488037,0.14746282994747162,2.20656681060791,20.589126586914062,1262.6041107898861,6.421414970329785e-05
8980,1.6202527284622192,2.712695360183716,1.3676587343215942,0.16438177227973938,3.728382110595703,20.803855895996094,1262.5958412469658,6.414317554570509e-05
8990,1.6261372566223145,2.7144298553466797,1.5254496335983276,0.1436835676431656,1.8230009078979492,19.913772583007812,1262.5873541812887,6.40721776564868e-05
9000,1.542937159538269,2.547407388687134,1.5621180534362793,0.20925138890743256,1.7588952779769897,20.709142684936523,1262.579365369198,6.400115621992201e-05
9010,1.5939468145370483,2.5315966606140137,1.7632439136505127,0.15105724334716797,1.9940845966339111,20.992984771728516,1262.5710334841963,6.39301114203508e-05
9020,1.5294421911239624,2.4490766525268555,1.5918124914169312,0.1661963313817978,2.567412853240967,20.707365036010742,1262.5626301950963,6.385904344217396e-05
9030,1.6120859384536743,2.6791844367980957,1.414539098739624,0.17945562303066254,2.140850305557251,20.36600112915039,1262.554297514584,6.378795246985242e-05
9040,1.5145694017410278,2.551450729370117,1.438796043395996,0.14269112050533295,2.5664687156677246,20.308523178100586,1262.545657755879,6.37168386879068e-05
9050,1.4974621534347534,2.413620948791504,1.5637118816375732,0.15902242064476013,2.215095043182373,20.866628646850586,1262.5374013371231,6.364570228091688e-05
9060,1.4754877090454102,2.444718837738037,1.6587458848953247,0.12608620524406433,3.1587576866149902,20.511348724365234,1262.5290519787316,6.357454343352122e-05
9070,1.526037573814392,2.5623064041137695,1.2674084901809692,0.16966328024864197,1.8518962860107422,20.31092643737793,1262.5209743160306,6.350336233041662e-05
9080,1.5761560201644897,2.6937103271484375,1.4862345457077026,0.16883417963981628,2.444214105606079,20.57590103149414,1262.5126418578263,6.343215915635762e-05
9090,1.482915997505188,2.4899189472198486,1.4453295469284058,0.1385582983493805,1.8677544593811035,20.58190155029297,1262.504231229985,6.336093409615603e-05
9100,1.6610770225524902,2.609717607498169,1.7070465087890625,0.165810689330101,1.5095934867858887,20.516401290893555,1262.4957446276474,6.328968733468053e-05
9110,1.5832353830337524,2.66399884223938,1.588208794593811,0.16017462313175201,2.4345767498016357,20.835418701171875,1262.4872501976952,6.321841905685606e-05
9120,1.7374712228775024,2.8139657974243164,1.5523269176483154,0.1652425080537796,3.407357692718506,20.7647762298584,1262.4790531924507,6.314712944766347e-05
9130,1.5219717025756836,2.5011837482452393,1.5334608554840088,0.1518825739622116,1.4454115629196167,21.01825714111328,1262.4707115243712,6.30758186921389e-05
9140,1.563359022140503,2.5049211978912354,1.5081098079681396,0.18599839508533478,1.4332554340362549,20.875757217407227,1262.4623931828983,6.300448697537346e-05
9150,1.5076626539230347,2.5459084510803223,1.3513128757476807,0.15239286422729492,2.3787617683410645,20.663454055786133,1262.4540495483297,6.293313448251261e-05
9160,1.5496772527694702,2.596120834350586,1.519546389579773,0.146681010723114,1.8206747770309448,20.36874771118164,1262.4458254324952,6.286176139875575e-05
9170,1.4500665664672852,2.4233875274658203,1.4337389469146729,0.17190836369991302,2.7137341499328613,20.66159439086914,1262.4379279918394,6.279036790935572e-05
9180,1.5947201251983643,2.584287166595459,1.6616507768630981,0.14975395798683167,1.8455151319503784,21.01399040222168,1262.4298733159844,6.271895419961835e-05
9190,1.5938752889633179,2.638066530227661,1.5294638872146606,0.1525775045156479,1.6329389810562134,20.349042892456055,1262.42178258781,6.264752045490193e-05
9200,1.528612732887268,2.5203096866607666,1.5210195779800415,0.14542099833488464,2.06693434715271,20.2398681640625,1262.4139692858491,6.257606686061673e-05
9210,1.5200423002243042,2.4975028038024902,1.541437029838562,0.1571814864873886,2.2273194789886475,20.599815368652344,1262.4065900932667,6.250459360222461e-05
9220,1.5141994953155518,2.488483428955078,1.4943567514419556,0.13642403483390808,2.184814214706421,20.717126846313477,1262.398949911838,6.243310086523839e-05
9230,1.4596019983291626,2.452528476715088,1.4092919826507568,0.1589389443397522,1.6161526441574097,20.51874351501465,1262.3915317097012,6.236158883522149e-05
9240,1.4879651069641113,2.5069499015808105,1.4032269716262817,0.13497617840766907,2.094381809234619,20.716222763061523,1262.3840959224249,6.22900576977874e-05
9250,1.5761820077896118,2.5646417140960693,1.4680397510528564,0.1599361002445221,2.4090912342071533,20.829113006591797,1262.3764799163655,6.221850763859921e-05
9260,1.713221549987793,2.7362470626831055,1.7553762197494507,0.17465245723724365,1.8567759990692139,20.84150505065918,1262.369011876226,6.214693884336913e-05
9270,1.4358325004577637,2.314800500869751,1.4577646255493164,0.13655053079128265,2.7364799976348877,20.71544647216797,1262.3618258828674,6.207535149785795e-05
9280,1.6668163537979126,2.673550844192505,1.6945018768310547,0.1804274320602417,2.240177869796753,20.57949447631836,1262.354747387936,6.200374578787466e-05
9290,1.6331210136413574,2.7022440433502197,1.4354726076126099,0.21213805675506592,2.4611387252807617,20.85435676574707,1262.3475386782868,6.193212189927593e-05
9300,1.585141658782959,2.637831687927246,1.5745244026184082,0.16277441382408142,1.9137076139450073,20.93570327758789,1262.3403896657983,6.186048001796556e-05
9310,1.6129579544067383,2.597350597381592,1.551358699798584,0.14153236150741577,1.9587926864624023,20.59564781188965,1262.3328153096531,6.178882032989403e-05
9320,1.4453641176223755,2.401277542114258,1.4978739023208618,0.1548984944820404,2.667034387588501,20.667814254760742,1262.3253264529922,6.171714302105819e-05
9330,1.6926112174987793,2.7081565856933594,1.6116328239440918,0.15988121926784515,1.9117923974990845,20.61203956604004,1262.3177874495884,6.164544827750044e-05
9340,1.6035913228988647,2.5870394706726074,1.7255741357803345,0.17672520875930786,3.865147829055786,20.62315559387207,1262.3101081742614,6.157373628530852e-05
9350,1.4570215940475464,2.42281174659729,1.4589781761169434,0.17389854788780212,1.5270209312438965,20.90162467956543,1262.3026130549445,6.150200723061496e-05
9360,1.6781162023544312,2.689359188079834,1.4531011581420898,0.1906958520412445,2.7544496059417725,20.63265037536621,1262.2951523582735,6.143026129959653e-05
9370,1.6036794185638428,2.671419620513916,1.5125175714492798,0.1680198311805725,1.8249812126159668,20.56215476989746,1262.287789228426,6.135849867847384e-05
9380,1.6141736507415771,2.6926655769348145,1.315769910812378,0.1537269800901413,1.6469355821609497,20.54494285583496,1262.2804530753622,6.128671955351078e-05
9390,1.6245871782302856,2.589064836502075,1.7578130960464478,0.14812947809696198,2.5276541709899902,20.349485397338867,1262.273080943999,6.12149241110141e-05
9400,1.5530366897583008,2.5482871532440186,1.457228183746338,0.15978117287158966,2.2344863414764404,20.53574562072754,1262.2658193158466,6.114311253733293e-05
9410,1.4091168642044067,2.3324532508850098,1.60374116897583,0.13721725344657898,1.8749473094940186,20.77401351928711,1262.2580486734037,6.107128501885822e-05
9420,1.5802348852157593,2.578839063644409,1.5951619148254395,0.16811619699001312,4.802505970001221,20.89363670349121,1262.250586725528,6.099944174202231e-05
9430,1.5404764413833618,2.524291515350342,1.6407268047332764,0.1606721431016922,2.0690503120422363,20.548673629760742,1262.2430878471396,6.092758289329851e-05
9440,1.7243828773498535,2.8055520057678223,1.5591410398483276,0.15776394307613373,3.809386968612671,20.979066848754883,1262.2357123356223,6.085570865920045e-05
9450,1.6343542337417603,2.6228384971618652,1.681700587272644,0.16432513296604156,2.038853406906128,20.866422653198242,1262.2280348375093,6.078381922628176e-05
9460,1.7773648500442505,2.811957359313965,1.6811025142669678,0.18442308902740479,3.1155269145965576,20.614593505859375,1262.220655746998,6.0711914781135494e-05
9470,1.6345726251602173,2.6809237003326416,1.572060227394104,0.14139778912067413,1.93439781665802,20.852689743041992,1262.2132625030747,6.06399955103937e-05
9480,1.6159589290618896,2.6732707023620605,1.4470586776733398,0.13748249411582947,2.454150915145874,20.87714385986328,1262.2060279437221,6.056806160072685e-05
9490,1.5339479446411133,2.435601234436035,1.7565562725067139,0.151621475815773,1.6908427476882935,20.726348876953125,1262.1987856743422,6.049611323884346e-05
9500,1.5055720806121826,2.429739236831665,1.6544679403305054,0.13821741938591003,2.514002799987793,21.1629638671875,1262.1916158234756,6.042415061148954e-05
9510,1.6206581592559814,2.69874906539917,1.4271016120910645,0.1529204100370407,2.7772057056427,20.798603057861328,1262.1842042649125,6.035217390544814e-05
9520,1.5791369676589966,2.649885892868042,1.3047629594802856,0.13307133316993713,2.3126776218414307,20.83336067199707,1262.176809887864,6.028018330753883e-05
9530,1.524553894996643,2.536539077758789,1.5331509113311768,0.13967092335224152,1.9174379110336304,20.67825698852539,1262.1693896341292,6.020817900461727e-05
9540,1.5796512365341187,2.509216070175171,1.5289998054504395,0.16810005903244019,2.30491304397583,20.915632247924805,1262.1617966015199,6.0136161183574634e-05
9550,1.5345062017440796,2.48441219329834,1.556989073753357,0.1647001951932907,2.340684413909912,20.434595108032227,1262.1548362027747,6.006413003133725e-05
9560,1.5295135974884033,2.5019378662109375,1.5802959203720093,0.13257551193237305,2.3583226203918457,20.868337631225586,1262.1473403570017,5.999208573486602e-05
9570,1.5081067085266113,2.4424710273742676,1.4878250360488892,0.1600756198167801,1.5397393703460693,20.718835830688477,1262.140002781205,5.9920028481155946e-05
9580,1.641596794128418,2.650550365447998,1.5024455785751343,0.1435650736093521,1.454404592514038,20.75107192993164,1262.1326021191107,5.984795845723569e-05
9590,1.7591798305511475,2.7351667881011963,1.8893688917160034,0.16445940732955933,3.8367016315460205,20.755002975463867,1262.1253161206014,5.977587585016702e-05
9600,1.5636563301086426,2.524545669555664,1.4975436925888062,0.18010233342647552,1.9174041748046875,20.750791549682617,1262.1176741800634,5.970378084704441e-05
9610,1.5319913625717163,2.5160744190216064,1.453691005706787,0.165668785572052,1.7158379554748535,20.732585906982422,1262.110419898852,5.96316736349945e-05
9620,1.592333436012268,2.575925350189209,1.5833207368850708,0.17667117714881897,1.455228328704834,20.825376510620117,1262.1027952664317,5.9559554401175586e-05
9630,1.4768586158752441,2.430939197540283,1.5519810914993286,0.14770084619522095,2.5249881744384766,21.158504486083984,1262.0953153468095,5.9487423332777194e-05
9640,1.567731261253357,2.5537500381469727,1.6489185094833374,0.1609458327293396,1.8095550537109375,20.83711814880371,1262.088093262249,5.9415280617019584e-05
9650,1.6966758966445923,2.7280373573303223,1.4813774824142456,0.14934206008911133,2.99403715133667,20.424266815185547,1262.0807057263764,5.9343126441153186e-05
9660,1.7234439849853516,2.715872287750244,1.7495266199111938,0.14324529469013214,1.9583624601364136,21.190465927124023,1262.0735172948223,5.9270960992458244e-05
9670,1.615789532661438,2.689603090286255,1.4741359949111938,0.1564963459968567,2.6199183464050293,20.849803924560547,1262.0661446572183,5.9198784458244224e-05
9680,1.5152032375335693,2.4465243816375732,1.7158982753753662,0.1537950038909912,2.8412790298461914,20.480073928833008,1262.0586453438286,5.912659702584938e-05
9690,1.5671277046203613,2.570388078689575,1.5460917949676514,0.1477212905883789,2.407348155975342,20.149036407470703,1262.0513855424663,5.9054398882640237e-05
9700,1.4989901781082153,2.460092306137085,1.4415618181228638,0.15987178683280945,1.6662178039550781,20.721649169921875,1262.0440110124086,5.8982190216011134e-05
9710,1.4996274709701538,2.354424476623535,1.7195531129837036,0.16058124601840973,1.6934856176376343,20.658748626708984,1262.036549080277,5.890997121338372e-05
9720,1.4743831157684326,2.4706106185913086,1.381835699081421,0.13471472263336182,1.7602684497833252,20.396312713623047,1262.0292448610094,5.883774206220647e-05
9730,1.6129704713821411,2.5635151863098145,1.686743974685669,0.15351669490337372,1.8739646673202515,20.745698928833008,1262.0219247059467,5.876550294995421e-05
9740,1.5449546575546265,2.5649824142456055,1.3539561033248901,0.16334359347820282,1.4919770956039429,20.867191314697266,1262.014452461107,5.869325406412758e-05
9750,1.6962393522262573,2.6526448726654053,1.7747665643692017,0.17710745334625244,2.805603504180908,20.817562103271484,1262.0069520555724,5.862099559225268e-05
9760,1.4712562561035156,2.3873543739318848,1.8055166006088257,0.14552803337574005,1.7390685081481934,20.674835205078125,1262.0000690604952,5.854872772188037e-05
9770,1.6085867881774902,2.5525295734405518,1.6584010124206543,0.15269581973552704,3.003316879272461,21.659826278686523,1261.992954913825,5.8476450640586e-05
9780,1.4875681400299072,2.4079649448394775,1.5732576847076416,0.14579854905605316,1.5672070980072021,21.404333114624023,1261.9859970322962,5.8404164535968785e-05
9790,1.4632431268692017,2.4891505241394043,1.256738543510437,0.14964355528354645,1.8211264610290527,20.7419376373291,1261.9790240969428,5.8331869595651354e-05
9800,1.6299749612808228,2.614102602005005,1.6499335765838623,0.15978088974952698,1.984005093574524,20.923019409179688,1261.9716448166837,5.825956600727932e-05
9810,1.5405012369155884,2.4969825744628906,1.5871341228485107,0.16299718618392944,3.1838831901550293,20.896120071411133,1261.964084403119,5.818725395852066e-05
9820,1.5904632806777954,2.6060898303985596,1.5699462890625,0.12795232236385345,2.785874366760254,21.162384033203125,1261.956774037436,5.8114933637065404e-05
9830,1.518378734588623,2.4972715377807617,1.470760464668274,0.15036439895629883,2.6656792163848877,20.62220001220703,1261.9495764056826,5.804260523062498e-05
9840,1.5145336389541626,2.447575330734253,1.606007695198059,0.15464352071285248,1.9145482778549194,20.828113555908203,1261.9425827267662,5.7970268926931826e-05
9850,1.4480684995651245,2.376002073287964,1.4109421968460083,0.14754801988601685,1.9684720039367676,20.91851234436035,1261.9352577427228,5.789792491373888e-05
9860,1.5245598554611206,2.5371434688568115,1.2651399374008179,0.1722729206085205,3.1729390621185303,20.818756103515625,1261.927648434541,5.782557337881911e-05
9870,1.6305959224700928,2.6441667079925537,1.4345221519470215,0.1605600267648697,2.1848042011260986,21.252737045288086,1261.9202357569632,5.775321450996497e-05
9880,1.4944947957992554,2.4534733295440674,1.453254222869873,0.1522519588470459,2.3306632041931152,20.640729904174805,1261.9128251704262,5.768084849498797e-05
9890,1.4712438583374023,2.332519292831421,1.6407634019851685,0.15035659074783325,2.1843154430389404,20.9606876373291,1261.9051597345244,5.7608475521718174e-05
9900,1.565407395362854,2.5302505493164062,1.529084324836731,0.13012418150901794,2.0374069213867188,20.676210403442383,1261.8975862406837,5.7536095778003685e-05
9910,1.6044104099273682,2.6213080883026123,1.447288990020752,0.14697478711605072,1.7241730690002441,21.24848747253418,1261.8900179255954,5.7463709451710204e-05
9920,1.6523267030715942,2.6574294567108154,1.5170828104019165,0.1549159437417984,3.858363151550293,20.603254318237305,1261.8825453805428,5.739131673072049e-05
9930,1.3321799039840698,2.1933088302612305,1.5380722284317017,0.12601926922798157,1.5789976119995117,21.224578857421875,1261.8751321201673,5.7318917802933936e-05
9940,1.5611624717712402,2.554588794708252,1.310904860496521,0.14343243837356567,3.8503589630126953,21.434284210205078,1261.8677442509631,5.724651285626602e-05
9950,1.4070096015930176,2.3828184604644775,1.2803512811660767,0.13309507071971893,2.0854287147521973,21.330480575561523,1261.8603215581938,5.717410207864782e-05
9960,1.4932137727737427,2.4236295223236084,1.5580052137374878,0.1584019511938095,2.4771888256073,20.84422492980957,1261.8530255521018,5.7101685658025604e-05
9970,1.5136668682098389,2.49794602394104,1.4484093189239502,0.11798843741416931,2.353945016860962,21.01466941833496,1261.8458804109964,5.7029263782360266e-05
9980,1.4845516681671143,2.380211591720581,1.6428792476654053,0.12644387781620026,2.299751043319702,20.882627487182617,1261.8382682856618,5.695683663962682e-05
9990,1.4925016164779663,2.4857492446899414,1.579140067100525,0.13418392837047577,2.1450021266937256,20.484588623046875,1261.830872627249,5.688440441781399e-05
10000,1.4918550252914429,2.486027956008911,1.5864288806915283,0.13320712745189667,1.7831071615219116,21.113040924072266,1261.8234832803723,5.681196730492368e-05
10010,1.5278501510620117,2.471914529800415,1.7203054428100586,0.14732374250888824,2.2311675548553467,20.757699966430664,1261.8162510674279,5.67395254889705e-05
10020,1.518012285232544,2.4676461219787598,1.4944019317626953,0.1804291009902954,1.6484248638153076,20.6510066986084,1261.8089375566337,5.666707915798123e-05
10030,1.4653258323669434,2.48968768119812,1.4601689577102661,0.13784059882164001,1.6185880899429321,21.186166763305664,1261.8019330942514,5.659462849999439e-05
10040,1.6036092042922974,2.603175640106201,1.4443737268447876,0.16015857458114624,1.7995790243148804,21.055763244628906,1261.7951701482973,5.652217370305975e-05
10050,1.6626466512680054,2.720289707183838,1.4532161951065063,0.1376185566186905,1.837964653968811,20.92592430114746,1261.7885495813875,5.6449714955237795e-05
10060,1.5270041227340698,2.483527660369873,1.535200834274292,0.1437612622976303,1.742301344871521,21.010494232177734,1261.781856010512,5.637725244459925e-05
10070,1.529480218887329,2.400433301925659,1.8791691064834595,0.14300988614559174,1.9439904689788818,21.015918731689453,1261.7752001120803,5.630478635922466e-05
10080,1.4471142292022705,2.307668924331665,1.6542903184890747,0.14959944784641266,1.8224936723709106,21.52461814880371,1261.768328785715,5.623231688720381e-05
10090,1.5517311096191406,2.4779253005981445,1.6186983585357666,0.15188641846179962,1.777593970298767,20.8438663482666,1261.7615892230233,5.615984421663528e-05
10100,1.5489449501037598,2.4943575859069824,1.6332824230194092,0.15021812915802002,2.3251023292541504,20.97124481201172,1261.754737715347,5.608736853562596e-05
10110,1.547490119934082,2.5056984424591064,1.5773833990097046,0.13929907977581024,1.7042757272720337,20.955354690551758,1261.7480925423079,5.6014890032290547e-05
10120,1.5765200853347778,2.6126058101654053,1.462010145187378,0.1671271026134491,3.3509409427642822,21.565523147583008,1261.741284811651,5.594240889475107e-05
10130,1.6074036359786987,2.6152215003967285,1.562404751777649,0.13800156116485596,2.130858898162842,21.039525985717773,1261.7345541842628,5.5869925311136384e-05
10140,1.6152312755584717,2.667263984680176,1.556677222251892,0.1461435854434967,2.382920026779175,20.768348693847656,1261.7279173199,5.579743946958171e-05
10150,1.4585379362106323,2.443013906478882,1.3048629760742188,0.15312229096889496,1.520203709602356,20.896787643432617,1261.7211523173,5.572495155822811e-05
10160,1.5460245609283447,2.521568536758423,1.629952311515808,0.14646442234516144,2.0668187141418457,21.36562728881836,1261.714724366224,5.565246176522204e-05
10170,1.5700629949569702,2.5142414569854736,1.6152565479278564,0.15363407135009766,2.388305187225342,20.812265396118164,1261.708145510329,5.557997027871482e-05
10180,1.4796236753463745,2.4160985946655273,1.5086156129837036,0.14935679733753204,1.752585530281067,21.0013370513916,1261.701528892591,5.5507477286862175e-05
10190,1.594505786895752,2.6395344734191895,1.4681756496429443,0.13727612793445587,2.2586474418640137,21.407705307006836,1261.6947406465906,5.543498297782374e-05
10200,1.3861973285675049,2.260673761367798,1.6420009136199951,0.15048067271709442,1.9502557516098022,20.726680755615234,1261.6878930442256,5.536248753976255e-05
10210,1.510709524154663,2.457580089569092,1.6960711479187012,0.14282184839248657,2.857869863510132,20.687213897705078,1261.6813973207943,5.528999116084462e-05
10220,1.5621129274368286,2.5561039447784424,1.5386388301849365,0.1374644637107849,1.8247259855270386,21.203750610351562,1261.6750607445738,5.5217494029238325e-05
10230,1.5188701152801514,2.393648862838745,1.7344226837158203,0.16204218566417694,1.7678930759429932,21.05980682373047,1261.668418868231,5.5144996333114074e-05
10240,1.6337472200393677,2.6988511085510254,1.6475918292999268,0.15307272970676422,2.443952798843384,20.771181106567383,1261.6616863050938,5.507249826064369e-05
10250,1.4772367477416992,2.429213523864746,1.374832272529602,0.1537497639656067,3.274522304534912,20.743017196655273,1261.6546515124016,5.500000000000001e-05
10260,1.5389375686645508,2.4756968021392822,1.4997657537460327,0.15629072487354279,1.418829083442688,20.90106773376465,1261.647978455731,5.4927501739356325e-05
10270,1.449330449104309,2.444108247756958,1.4474116563796997,0.14484702050685883,1.7338273525238037,20.82718276977539,1261.6410033545633,5.4855003666885943e-05
10280,1.5941567420959473,2.5929806232452393,1.558251142501831,0.16992591321468353,4.676427841186523,20.700098037719727,1261.6345271001092,5.47825059707617e-05
10290,1.4516544342041016,2.384760856628418,1.4561160802841187,0.13979710638523102,1.7010560035705566,21.11756134033203,1261.6275719088908,5.471000883915541e-05
10300,1.6657887697219849,2.6372272968292236,1.7556679248809814,0.1526116281747818,3.5631093978881836,20.93550682067871,1261.6208318176557,5.463751246023746e-05
10310,1.4764671325683594,2.379122018814087,1.5388317108154297,0.1665467619895935,2.2665767669677734,20.998416900634766,1261.6139121506978,5.456501702217627e-05
10320,1.4354238510131836,2.443524122238159,1.2755913734436035,0.14552542567253113,2.224956512451172,21.312040328979492,1261.6069876958613,5.449252271313783e-05
10330,1.5799663066864014,2.5522823333740234,1.5746766328811646,0.1566925346851349,1.6587045192718506,20.97918128967285,1261.6003315762764,5.4420029721285184e-05
10340,1.5991843938827515,2.5276238918304443,1.6120548248291016,0.1656130701303482,1.8028901815414429,21.03704261779785,1261.5936935119419,5.4347538234777975e-05
10350,1.4752745628356934,2.3799362182617188,1.5326528549194336,0.1651642620563507,1.6248581409454346,21.47477149963379,1261.5872302602002,5.42750484417719e-05
10360,1.5789521932601929,2.5532419681549072,1.4981987476348877,0.15120519697666168,1.732516884803772,21.063766479492188,1261.5805787514403,5.42025605304183e-05
10370,1.4959728717803955,2.4417848587036133,1.5627325773239136,0.15510869026184082,1.8717708587646484,20.84926414489746,1261.5738255372885,5.413007468886362e-05
10380,1.500497579574585,2.546220064163208,1.3385576009750366,0.15324702858924866,2.124634265899658,21.29213523864746,1261.5671909724165,5.405759110524894e-05
10390,1.6559367179870605,2.6390316486358643,1.6278342008590698,0.1718086153268814,3.8706114292144775,21.911060333251953,1261.5601456259446,5.398510996770947e-05
10400,1.6069411039352417,2.5415937900543213,1.4149731397628784,0.16489173471927643,1.4796879291534424,21.069547653198242,1261.553234948541,5.3912631464374064e-05
10410,1.5335729122161865,2.5514469146728516,1.4051090478897095,0.15358102321624756,2.8546717166900635,21.258453369140625,1261.546710451018,5.384015578336473e-05
10420,1.54761803150177,2.5096793174743652,1.530210018157959,0.14249397814273834,1.6478363275527954,20.794458389282227,1261.5400194814222,5.3767683112796197e-05
10430,1.5063408613204956,2.6144115924835205,1.3101801872253418,0.12095519155263901,2.7086403369903564,21.39219093322754,1261.533563976948,5.3695213640775345e-05
10440,1.5777430534362793,2.5888683795928955,1.6781145334243774,0.12823441624641418,2.360750913619995,21.08396339416504,1261.5271290941894,5.3622747555400756e-05
10450,1.5614967346191406,2.56386661529541,1.5905587673187256,0.1491917222738266,2.778684616088867,21.117164611816406,1261.5204593202989,5.355028504476223e-05
10460,1.5143660306930542,2.5688843727111816,1.1126654148101807,0.1642262488603592,2.1543514728546143,21.10726547241211,1261.5134133116096,5.347782629694026e-05
10470,1.5495901107788086,2.514674425125122,1.6971344947814941,0.1474577933549881,1.5625340938568115,21.053956985473633,1261.506762737361,5.340537150000562e-05
10480,1.5015816688537598,2.431234121322632,1.6098008155822754,0.15879879891872406,2.0206000804901123,20.620052337646484,1261.5006788761884,5.3332920842018784e-05
10490,1.5048161745071411,2.4780778884887695,1.6060789823532104,0.16108962893486023,1.6724447011947632,21.30182456970215,1261.4942296790405,5.3260474511029504e-05
10500,1.5154714584350586,2.431624174118042,1.6620780229568481,0.15295934677124023,1.9938381910324097,21.17483139038086,1261.4872515132713,5.318803269507634e-05
10510,1.4928483963012695,2.4275636672973633,1.4572722911834717,0.1412411779165268,2.0589823722839355,21.006134033203125,1261.480600636064,5.311559558218603e-05
10520,1.5035415887832642,2.462563991546631,1.4762099981307983,0.20177926123142242,3.2499842643737793,21.447113037109375,1261.474110591589,5.3043163360373196e-05
10530,1.5343029499053955,2.4559929370880127,1.6229361295700073,0.17229315638542175,1.681526780128479,20.900909423828125,1261.4675529890721,5.297073621763975e-05
10540,1.4807639122009277,2.444868564605713,1.487170934677124,0.1332261860370636,2.222167491912842,20.952980041503906,1261.4610919103436,5.28983143419744e-05
10550,1.5665704011917114,2.624276638031006,1.4562294483184814,0.14784552156925201,1.9967063665390015,20.836652755737305,1261.4542844261885,5.2825897921352184e-05
10560,1.501914381980896,2.405165433883667,1.6802846193313599,0.13734225928783417,3.0067715644836426,20.930513381958008,1261.4474503830077,5.2753487143734003e-05
10570,1.609213948249817,2.547854423522949,1.7878661155700684,0.1490783840417862,1.6409876346588135,21.42201042175293,1261.44069776229,5.268108219706608e-05
10580,1.5380715131759644,2.5586321353912354,1.3077298402786255,0.17527826130390167,2.458939552307129,21.164371490478516,1261.4341426293158,5.2608683269279516e-05
10590,1.3777680397033691,2.313488006591797,1.2627885341644287,0.13026078045368195,3.0945112705230713,21.10280990600586,1261.427617249529,5.2536290548289814e-05
10600,1.5649211406707764,2.483424663543701,1.792314887046814,0.13630463182926178,1.4590849876403809,21.188636779785156,1261.4207807250948,5.246390422199632e-05
10610,1.5683441162109375,2.528397798538208,1.569746732711792,0.17147906124591827,2.4479682445526123,20.849231719970703,1261.413990197615,5.239152447828185e-05
10620,1.500093936920166,2.4785165786743164,1.4407050609588623,0.16953091323375702,2.26947021484375,21.16347885131836,1261.4075873285415,5.2319151505012046e-05
10630,1.4717278480529785,2.3906424045562744,1.4636735916137695,0.14444464445114136,1.9672424793243408,21.141433715820312,1261.4009737926144,5.224678549003504e-05
10640,1.4483044147491455,2.3195290565490723,1.5320312976837158,0.15077011287212372,1.4095128774642944,21.230682373046875,1261.3941290749985,5.2174426621180906e-05
10650,1.4340877532958984,2.378904104232788,1.4859365224838257,0.1365005075931549,1.7718058824539185,21.225984573364258,1261.387477484986,5.2102075086261126e-05
10660,1.4690581560134888,2.493009567260742,1.3421837091445923,0.15643206238746643,1.8014429807662964,21.055614471435547,1261.38069568757,5.20297310730682e-05
10670,1.4351640939712524,2.355229139328003,1.4827967882156372,0.1354871690273285,2.0327651500701904,21.4235897064209,1261.373708678463,5.1957394769375044e-05
10680,1.5044147968292236,2.482935667037964,1.598842740058899,0.13844479620456696,2.45613431930542,21.711353302001953,1261.3668382773549,5.188506636293462e-05
10690,1.4780051708221436,2.4172990322113037,1.527534008026123,0.13756537437438965,3.768765926361084,21.037517547607422,1261.3600701049036,5.181274604147935e-05
10700,1.4939566850662231,2.5289738178253174,1.437838077545166,0.15292339026927948,2.680229663848877,21.72825050354004,1261.3531604967027,5.1740433992720704e-05
10710,1.5717066526412964,2.4404406547546387,1.6351895332336426,0.1806410253047943,1.6407451629638672,21.28004264831543,1261.346393820618,5.166813040434865e-05
10720,1.5264009237289429,2.4314630031585693,1.6041139364242554,0.17431429028511047,2.602851629257202,21.267602920532227,1261.3397853436984,5.159583546403125e-05
10730,1.4600515365600586,2.3208959102630615,1.593462347984314,0.14604376256465912,1.4499157667160034,21.20096778869629,1261.332980006127,5.152354935941401e-05
10740,1.605417013168335,2.5433568954467773,1.687310814857483,0.16530142724514008,2.729452610015869,21.06711196899414,1261.3262961834669,5.1451272278119646e-05
10750,1.558187484741211,2.4072976112365723,1.8800573348999023,0.15359750390052795,1.4970130920410156,21.035734176635742,1261.3194724216169,5.1379004407747344e-05
10760,1.521863341331482,2.4773666858673096,1.460408091545105,0.1467595100402832,1.568904995918274,21.04955291748047,1261.3125637959045,5.1306745935872423e-05
10770,1.4580180644989014,2.3695337772369385,1.4087622165679932,0.15524393320083618,2.1302330493927,21.081789016723633,1261.305802421754,5.1234497050045814e-05
10780,1.6021595001220703,2.613804817199707,1.4539812803268433,0.16400295495986938,1.8335509300231934,21.348812103271484,1261.2990956238114,5.116225793779354e-05
10790,1.6666624546051025,2.7627618312835693,1.5103561878204346,0.11801663041114807,2.4387032985687256,21.246063232421875,1261.2925498303046,5.109002878661629e-05
10800,1.6392451524734497,2.671203851699829,1.6188265085220337,0.14751684665679932,2.8302676677703857,20.891803741455078,1261.2858320327118,5.101780978398888e-05
10810,1.6688511371612549,2.670011281967163,1.6355671882629395,0.17807303369045258,1.542656421661377,21.558691024780273,1261.279015428167,5.094560111735977e-05
10820,1.5710599422454834,2.5570566654205322,1.4945815801620483,0.1622377187013626,1.6649538278579712,21.379188537597656,1261.2722126633244,5.0873402974150616e-05
10830,1.5609664916992188,2.513842821121216,1.7265241146087646,0.14529754221439362,2.2636642456054688,21.634490966796875,1261.26553929377,5.0801215541755787e-05
10840,1.4855027198791504,2.470837116241455,1.2470909357070923,0.1611570119857788,4.158722400665283,21.01106834411621,1261.258737400492,5.0729039007541766e-05
10850,1.4313069581985474,2.3758158683776855,1.3796671628952026,0.15391327440738678,2.3554186820983887,21.11186981201172,1261.2518358598281,5.065687355884682e-05
10860,1.513352394104004,2.5182626247406006,1.376021146774292,0.16951997578144073,1.6729490756988525,21.429128646850586,1261.2459029335134,5.058471938298044e-05
10870,1.4455009698867798,2.353292226791382,1.464513897895813,0.14553625881671906,1.9505194425582886,21.448583602905273,1261.2399199097345,5.051257666722281e-05
10880,1.5959007740020752,2.512962818145752,1.6524296998977661,0.1541382372379303,1.853438377380371,21.303817749023438,1261.23420544763,5.044044559882444e-05
10890,1.4959416389465332,2.4072437286376953,1.6364420652389526,0.1478501856327057,1.733457326889038,21.756103515625,1261.228233903688,5.0368326365005526e-05
10900,1.5697965621948242,2.5744118690490723,1.4727983474731445,0.14164479076862335,3.5717055797576904,21.296716690063477,1261.2223852701288,5.0296219152955604e-05
10910,1.460951566696167,2.4816269874572754,1.448752522468567,0.14672686159610748,2.8436596393585205,22.256250381469727,1261.2165827979948,5.0224124149833e-05
10920,1.5192266702651978,2.4470627307891846,1.725201964378357,0.13950800895690918,2.0735652446746826,21.08674430847168,1261.210536571765,5.015204154276433e-05
10930,1.6006630659103394,2.6372737884521484,1.4551022052764893,0.14579761028289795,4.263902187347412,21.41884422302246,1261.2046061447227,5.007997151884406e-05
10940,1.569383978843689,2.5022683143615723,1.6892989873886108,0.1342768371105194,2.4331414699554443,21.174293518066406,1261.1990181393262,5.0007914265134e-05
10950,1.461502194404602,2.3894615173339844,1.4222404956817627,0.13502943515777588,3.178293228149414,21.281612396240234,1261.1933369304686,4.9935869968662765e-05
10960,1.5466505289077759,2.5022289752960205,1.6162283420562744,0.14730201661586761,1.5773051977157593,21.07538604736328,1261.1872398148223,4.986383881642537e-05
10970,1.4987008571624756,2.3826076984405518,1.615761637687683,0.17101933062076569,2.3564815521240234,21.372718811035156,1261.1813480971748,4.979182099538275e-05
10980,1.5793565511703491,2.617535352706909,1.4292664527893066,0.14043393731117249,2.7271339893341064,21.12202262878418,1261.1752371952193,4.971981669246117e-05
10990,1.542065978050232,2.6322381496429443,1.323487639427185,0.1502683013677597,1.9560034275054932,20.962614059448242,1261.1693204985186,4.9647826094551876e-05
11000,1.442901611328125,2.3116202354431152,1.5833487510681152,0.15555109083652496,1.5100809335708618,21.355560302734375,1261.163677522286,4.9575849388510473e-05
11010,1.48996102809906,2.424989938735962,1.4717447757720947,0.16176588833332062,2.15159010887146,21.17254066467285,1261.1577253966354,4.950388676115656e-05
11020,1.3896321058273315,2.2567405700683594,1.5099540948867798,0.13180889189243317,2.2465572357177734,21.631275177001953,1261.1516875343439,4.943193839927316e-05
11030,1.5081137418746948,2.4111249446868896,1.6070181131362915,0.15077437460422516,1.9290618896484375,21.664520263671875,1261.1457979701472,4.936000448960631e-05
11040,1.4906336069107056,2.418839693069458,1.5521588325500488,0.14354631304740906,1.6115614175796509,21.54464340209961,1261.1402697551666,4.9288085218864524e-05
11050,1.6073461771011353,2.6807239055633545,1.4573554992675781,0.13953863084316254,1.6461067199707031,21.025251388549805,1261.1349729491094,4.9216180773718244e-05
11060,1.6248981952667236,2.5562310218811035,1.4661120176315308,0.18165329098701477,1.5258855819702148,21.359394073486328,1261.1292461759392,4.9144291340799564e-05
11070,1.5067484378814697,2.5471808910369873,1.2713358402252197,0.12576736509799957,3.4351308345794678,21.31694793701172,1261.1234071116423,4.907241710670151e-05
11080,1.5889147520065308,2.4994871616363525,1.8096537590026855,0.14219757914543152,2.713136672973633,21.519472122192383,1261.1174343536482,4.900055825797769e-05
11090,1.4076346158981323,2.3952808380126953,1.4106059074401855,0.11115694046020508,3.216463327407837,21.04813003540039,1261.1115744685778,4.89287149811418e-05
11100,1.5230039358139038,2.4316818714141846,1.6750385761260986,0.16660723090171814,2.8754587173461914,21.514484405517578,1261.1058024419415,4.885688746266709e-05
11110,1.4467155933380127,2.3150203227996826,1.6519017219543457,0.12413288652896881,2.3651809692382812,21.4160099029541,1261.1001360572259,4.8785075888985906e-05
11120,1.5524654388427734,2.5681381225585938,1.4872205257415771,0.1543021947145462,4.374691963195801,21.25314712524414,1261.0944465326463,4.871328044648924e-05
11130,1.5752838850021362,2.567322254180908,1.5341898202896118,0.1344226896762848,2.1044371128082275,21.4035701751709,1261.0884312100086,4.864150132152617e-05
11140,1.6137208938598633,2.603562593460083,1.6056615114212036,0.15221357345581055,2.1360018253326416,21.219215393066406,1261.0823253632236,4.856973870040347e-05
11150,1.4754583835601807,2.442213773727417,1.3572784662246704,0.15136811137199402,3.110504627227783,21.65529441833496,1261.0766127585896,4.849799276938506e-05
11160,1.479678988456726,2.4440743923187256,1.4212489128112793,0.13102999329566956,2.1320505142211914,21.263832092285156,1261.0708564028707,4.842626371469149e-05
11170,1.4967429637908936,2.3995609283447266,1.5310825109481812,0.16021159291267395,1.9105088710784912,21.331077575683594,1261.0651162697795,4.8354551722499574e-05
11180,1.4841066598892212,2.4934937953948975,1.361344337463379,0.13086426258087158,1.5538890361785889,20.96880531311035,1261.0593818761622,4.8282856978941826e-05
11190,1.569212555885315,2.5189011096954346,1.6192854642868042,0.15458111464977264,2.585697889328003,21.035642623901367,1261.0534146640114,4.821117967010596e-05
11200,1.442643642425537,2.3844728469848633,1.5417159795761108,0.1158573254942894,2.0135762691497803,21.15930938720703,1261.0475452729238,4.813951998203446e-05
11210,1.4131656885147095,2.299123525619507,1.3969085216522217,0.15824657678604126,2.7888267040252686,21.131263732910156,1261.041804343286,4.80678781007241e-05
11220,1.4792544841766357,2.3609323501586914,1.6803382635116577,0.14699943363666534,1.583478569984436,21.29438591003418,1261.0359179884565,4.799625421212535e-05
11230,1.5018175840377808,2.4372599124908447,1.4965471029281616,0.1468900740146637,1.453784704208374,21.445924758911133,1261.0299284059076,4.7924648502142066e-05
11240,1.5368748903274536,2.4452829360961914,1.6301813125610352,0.15444344282150269,1.6961349248886108,21.305315017700195,1261.0240948953815,4.7853061156630884e-05
11250,1.426911473274231,2.3154265880584717,1.5370454788208008,0.1385754644870758,1.6789849996566772,21.67610740661621,1261.0181526603483,4.778149236140079e-05
11260,1.5627861022949219,2.5314769744873047,1.4731613397598267,0.16951337456703186,1.5612232685089111,21.199054718017578,1261.0123142939447,4.770994230221262e-05
11270,1.358752965927124,2.286562204360962,1.2371997833251953,0.130806103348732,2.168640613555908,21.363243103027344,1261.0065433443272,4.763841116477853e-05
11280,1.4199743270874023,2.38191294670105,1.297856092453003,0.14881137013435364,3.4969980716705322,22.168052673339844,1261.0005891930377,4.756689913476163e-05
11290,1.279481053352356,2.2055609226226807,1.1379163265228271,0.1401212066411972,2.1902992725372314,21.740507125854492,1260.9948207081293,4.74954063977754e-05
11300,1.472036361694336,2.427459478378296,1.3990269899368286,0.13609543442726135,1.6639997959136963,21.46802520751953,1260.9890558364,4.742393313938327e-05
11310,1.603530764579773,2.640561103820801,1.2806031703948975,0.16665737330913544,2.134963035583496,21.49995231628418,1260.983223399176,4.7352479545098086e-05
11320,1.4125713109970093,2.339606761932373,1.4977986812591553,0.13355478644371033,2.9470701217651367,21.21169090270996,1260.9774366363795,4.7281045800381666e-05
11330,1.6294955015182495,2.5810489654541016,1.7166131734848022,0.14746953547000885,2.8700931072235107,21.397687911987305,1260.9714215058004,4.720963209064429e-05
11340,1.4238094091415405,2.306870222091675,1.568137526512146,0.13047033548355103,1.333519697189331,21.65941047668457,1260.9652387305543,4.713823860124425e-05
11350,1.615795612335205,2.5835556983947754,1.5279585123062134,0.13792794942855835,1.8506691455841064,21.041099548339844,1260.959256596855,4.70668655174874e-05
11360,1.5725679397583008,2.4815497398376465,1.7111163139343262,0.1620059609413147,1.7100688219070435,21.321102142333984,1260.9532443481908,4.6995513024626544e-05
11370,1.4684991836547852,2.4078288078308105,1.5353809595108032,0.14621689915657043,2.0321733951568604,21.147533416748047,1260.9474519784796,4.692418130786111e-05
11380,1.4830670356750488,2.39559006690979,1.5109468698501587,0.1478821486234665,2.2520031929016113,21.3853702545166,1260.9417308936,4.6852870552336556e-05
11390,1.41558837890625,2.321382999420166,1.5622254610061646,0.15906110405921936,1.6783970594406128,21.157726287841797,1260.9358397757017,4.678158094314396e-05
11400,1.5541386604309082,2.5572071075439453,1.322187066078186,0.15295641124248505,2.3202195167541504,21.31830406188965,1260.93022260111,4.671031266531949e-05
11410,1.3636503219604492,2.3095703125,1.3384766578674316,0.10857423394918442,2.4120936393737793,21.341064453125,1260.9243325849698,4.663906590384398e-05
11420,1.4895858764648438,2.43888521194458,1.6121392250061035,0.14720958471298218,3.956078290939331,21.27413558959961,1260.9184176122947,4.6567840843642384e-05
11430,1.5720058679580688,2.4885056018829346,1.8305962085723877,0.13455165922641754,2.2230560779571533,21.528507232666016,1260.9125515092733,4.64966376695834e-05
11440,1.522045612335205,2.369584798812866,1.7776819467544556,0.1387828290462494,4.132989883422852,21.35679054260254,1260.9068329283639,4.642545656647879e-05
11450,1.5015318393707275,2.403592586517334,1.6898789405822754,0.14766888320446014,2.3733432292938232,21.881093978881836,1260.9012021016251,4.635429771908313e-05
11460,1.524222731590271,2.4545958042144775,1.3418846130371094,0.1487657129764557,1.9170689582824707,21.28851890563965,1260.8952507808724,4.628316131209322e-05
11470,1.439579963684082,2.3970940113067627,1.301835298538208,0.1362554281949997,1.9644665718078613,21.459531784057617,1260.8891287335096,4.621204753014759e-05
11480,1.4678531885147095,2.4319686889648438,1.3977007865905762,0.12629014253616333,2.897503137588501,21.241418838500977,1260.8831056916717,4.6140956557826054e-05
11490,1.5157270431518555,2.5043795108795166,1.3047353029251099,0.14624051749706268,2.2022461891174316,21.58988380432129,1260.8769418745537,4.6069888579649215e-05
11500,1.5597115755081177,2.4937033653259277,1.61440908908844,0.1615300327539444,2.368103504180908,21.320009231567383,1260.8709710407588,4.599884378007802e-05
11510,1.3026636838912964,2.1491734981536865,1.5280379056930542,0.11863209307193756,1.9096513986587524,21.633649826049805,1260.865106329326,4.592782234351321e-05
11520,1.4790297746658325,2.428600549697876,1.3308782577514648,0.15692918002605438,2.038755178451538,21.41822052001953,1260.859304692981,4.585682445429491e-05
11530,1.5606040954589844,2.4849050045013428,1.570434331893921,0.14902955293655396,1.5774832963943481,21.615556716918945,1260.853504584908,4.578585029670216e-05
11540,1.3396284580230713,2.3001608848571777,1.146277666091919,0.12021530419588089,1.6134600639343262,21.79591941833496,1260.8476563108736,4.571490005495237e-05
11550,1.4235718250274658,2.39094877243042,1.0760866403579712,0.14951705932617188,2.2956559658050537,21.7459774017334,1260.841904197318,4.564397391320084e-05
11560,1.5452320575714111,2.5289483070373535,1.2783533334732056,0.1518411487340927,2.2354538440704346,21.236736297607422,1260.8362183381375,4.5573072055540366e-05
11570,1.3921600580215454,2.1966984272003174,1.6765468120574951,0.13915526866912842,2.783087730407715,22.122112274169922,1260.8304428551346,4.550219466600072e-05
11580,1.5063380002975464,2.4354569911956787,1.4147237539291382,0.14947077631950378,1.9527372121810913,21.728750228881836,1260.8246079486344,4.5431341928548144e-05
11590,1.323036551475525,2.216531753540039,1.4056413173675537,0.12365467846393585,1.4462281465530396,21.413381576538086,1260.8185160468643,4.536051402708488e-05
11600,1.5069166421890259,2.405113458633423,1.6519981622695923,0.12588660418987274,1.9764941930770874,21.551244735717773,1260.8127098652037,4.5289711145448735e-05
11610,1.3570632934570312,2.25338077545166,1.2615845203399658,0.13165174424648285,1.7413604259490967,21.549774169921875,1260.8067824047935,4.521893346741255e-05
11620,1.4660764932632446,2.429421901702881,1.4959379434585571,0.1291625201702118,1.7429100275039673,21.501802444458008,1260.8009213384612,4.514818117668378e-05
11630,1.4225363731384277,2.430518627166748,1.2334067821502686,0.14490261673927307,1.993741512298584,21.508399963378906,1260.7949416087338,4.5077454456903955e-05
11640,1.6648975610733032,2.669783353805542,1.6355197429656982,0.1383533924818039,1.9700121879577637,21.50980567932129,1260.7891476439481,4.500675349164827e-05
11650,1.5473968982696533,2.540926694869995,1.5609387159347534,0.15735675394535065,2.8019704818725586,21.97381019592285,1260.7833486866416,4.493607846442501e-05
11660,1.5658559799194336,2.4856185913085938,1.6187559366226196,0.15110613405704498,2.3367273807525635,21.440088272094727,1260.7775492538283,4.486542955867521e-05
11670,1.60267972946167,2.5163381099700928,1.778604507446289,0.16238297522068024,1.9854809045791626,21.386693954467773,1260.7716041537014,4.479480695777206e-05
11680,1.5784095525741577,2.581461191177368,1.6212584972381592,0.14596346020698547,3.75634765625,21.491920471191406,1260.765847115649,4.47242108450205e-05
11690,1.5291014909744263,2.494983673095703,1.4468684196472168,0.15541158616542816,1.86581289768219,21.562408447265625,1260.7605651833221,4.4653641403656676e-05
11700,1.5088772773742676,2.491039991378784,1.3350791931152344,0.15961596369743347,4.514998912811279,21.354236602783203,1260.7554826149296,4.458309881684758e-05
11710,1.6484030485153198,2.6884937286376953,1.555996060371399,0.14687883853912354,1.8905731439590454,21.457569122314453,1260.7503090453172,4.451258326769041e-05
11720,1.7133526802062988,2.620133399963379,1.8888599872589111,0.16217750310897827,2.223308563232422,21.55547523498535,1260.7450757718861,4.444209493921225e-05
11730,1.5276473760604858,2.5059542655944824,1.707366943359375,0.11287194490432739,2.303415060043335,21.762710571289062,1260.7399607518091,4.4371634014369535e-05
11740,1.3892433643341064,2.338773250579834,1.3275420665740967,0.15753509104251862,1.7246872186660767,21.451704025268555,1260.7349283414187,4.4301200676047504e-05
11750,1.5818605422973633,2.5963196754455566,1.529897928237915,0.12705759704113007,1.8571046590805054,21.454633712768555,1260.7299899385853,4.423079510705992e-05
11760,1.455991506576538,2.3582186698913574,1.575240969657898,0.14603929221630096,1.7871534824371338,21.188438415527344,1260.7248870749095,4.416041749014831e-05
11770,1.4706259965896606,2.47322416305542,1.3155099153518677,0.12892462313175201,2.2688746452331543,21.20570945739746,1260.719681796441,4.409006800798177e-05
11780,1.4827135801315308,2.3989126682281494,1.4871764183044434,0.14121386408805847,2.197795867919922,21.074363708496094,1260.7146550003317,4.4019746843156315e-05
11790,1.4646148681640625,2.3655874729156494,1.4443118572235107,0.13010439276695251,2.2842206954956055,21.390745162963867,1260.709577143475,4.3949454178194506e-05
11800,1.5214821100234985,2.458116054534912,1.5442185401916504,0.15350942313671112,2.1709139347076416,21.414081573486328,1260.7045782552602,4.387919019554487e-05
11810,1.4227880239486694,2.278167247772217,1.5886256694793701,0.15856754779815674,1.8941773176193237,21.333860397338867,1260.699532688453,4.380895507758155e-05
11820,1.5108187198638916,2.4267499446868896,1.6837598085403442,0.14894244074821472,2.496415376663208,21.27151107788086,1260.6944792968934,4.373874900660371e-05
11830,1.5347257852554321,2.4697258472442627,1.621516466140747,0.1349252611398697,2.5570883750915527,22.625404357910156,1260.6894382676073,4.366857216483514e-05
11840,1.5060032606124878,2.3595309257507324,1.7185823917388916,0.13624615967273712,1.7242298126220703,21.83882713317871,1260.684306867841,4.359842473442382e-05
11850,1.5946663618087769,2.5656516551971436,1.4747217893600464,0.15534275770187378,1.7768007516860962,21.551528930664062,1260.679307805435,4.35283068974413e-05
11860,1.4845483303070068,2.4249231815338135,1.4653410911560059,0.16141366958618164,1.6918208599090576,21.709590911865234,1260.6739515700997,4.3458218835882415e-05
11870,1.39545476436615,2.271427631378174,1.4486290216445923,0.15677069127559662,1.5809073448181152,21.134174346923828,1260.6686797699317,4.338816073166461e-05
11880,1.715372085571289,2.669794797897339,1.6692484617233276,0.18838514387607574,1.5965756177902222,21.416826248168945,1260.6633476777874,4.331813276662763e-05
11890,1.4177154302597046,2.367903709411621,1.433765172958374,0.1410115659236908,2.055476427078247,21.62130355834961,1260.658009891804,4.324813512253303e-05
11900,1.5110021829605103,2.4535372257232666,1.6219613552093506,0.13344469666481018,1.9433815479278564,21.460205078125,1260.6528610060743,4.317816798106359e-05
11910,1.4524667263031006,2.3964476585388184,1.4629122018814087,0.14485237002372742,2.4590742588043213,21.88132095336914,1260.6477326854463,4.3108231523822976e-05
11920,1.4652694463729858,2.3600645065307617,1.6088213920593262,0.1363612711429596,1.8442469835281372,21.81158447265625,1260.6426098530599,4.30383259323352e-05
11930,1.4351476430892944,2.3291327953338623,1.5980466604232788,0.14496701955795288,2.8763017654418945,21.340072631835938,1260.6373786507343,4.2968451388044116e-05
11940,1.3439991474151611,2.2378227710723877,1.3216339349746704,0.15974895656108856,1.8795584440231323,21.41805648803711,1260.6322588869712,4.289860807231305e-05
11950,1.4958252906799316,2.426368474960327,1.439941644668579,0.14212316274642944,1.865578293800354,21.364702224731445,1260.6270038664402,4.2828796166424235e-05
11960,1.372546911239624,2.240877389907837,1.396304965019226,0.16380824148654938,1.5823365449905396,21.85992431640625,1260.6218572563264,4.275901585157841e-05
11970,1.3485467433929443,2.262031316757202,1.3591198921203613,0.11872342973947525,1.3802149295806885,22.1013126373291,1260.6167825655111,4.268926730889431e-05
11980,1.4493423700332642,2.3378920555114746,1.2388813495635986,0.18510785698890686,1.885188102722168,21.57875633239746,1260.6113251434535,4.261955071940815e-05
11990,1.6228903532028198,2.5537760257720947,1.618088722229004,0.14344598352909088,2.7470293045043945,21.58580207824707,1260.6060821463013,4.254986626407329e-05
12000,1.33279550075531,2.1877596378326416,1.463300108909607,0.13790838420391083,1.7886381149291992,21.639366149902344,1260.6008659838474,4.248021412375963e-05
12010,1.36421537399292,2.294957160949707,1.406643033027649,0.12086436152458191,1.8252489566802979,21.46700668334961,1260.5957073948434,4.241059447925323e-05
12020,1.4733551740646362,2.393472671508789,1.4542434215545654,0.1429625004529953,1.519240140914917,21.53939437866211,1260.5906774685304,4.234100751125576e-05
12030,1.5142602920532227,2.428922653198242,1.5637742280960083,0.15834316611289978,2.3065154552459717,21.606237411499023,1260.5854114220833,4.2271453400384134e-05
12040,1.489071011543274,2.416029453277588,1.6059982776641846,0.13635841012001038,1.6399365663528442,21.33678436279297,1260.5801469002947,4.2201932327169926e-05
12050,1.3958021402359009,2.3464760780334473,1.3717702627182007,0.12647883594036102,1.9837936162948608,21.289710998535156,1260.5748673890032,4.2132444472058994e-05
12060,1.414527416229248,2.338609457015991,1.3161900043487549,0.1518709510564804,3.12602162361145,21.79738998413086,1260.5694243750431,4.206299001541095e-05
12070,1.4195890426635742,2.30533766746521,1.5726990699768066,0.1488593965768814,1.7548420429229736,21.748043060302734,1260.5641614148576,4.1993569137498776e-05
12080,1.4195204973220825,2.355170726776123,1.451067328453064,0.14104071259498596,1.7550863027572632,21.550342559814453,1260.5589738548713,4.192418201850825e-05
12090,1.5503380298614502,2.5318944454193115,1.5411865711212158,0.11372463405132294,3.067289113998413,21.754955291748047,1260.553776506726,4.18548288385375e-05
12100,1.4620879888534546,2.3991129398345947,1.5475612878799438,0.11856956779956818,1.802599549293518,21.687442779541016,1260.5484748281601,4.178550977759662e-05
12110,1.4236479997634888,2.273282289505005,1.5043714046478271,0.17019647359848022,1.5137357711791992,22.184404373168945,1260.5432854112298,4.171622501560714e-05
12120,1.5276023149490356,2.416896343231201,1.63755464553833,0.18312005698680878,2.3704519271850586,21.8840274810791,1260.5379178887022,4.1646974732401524e-05
12130,1.395540714263916,2.2128520011901855,1.6838374137878418,0.15515100955963135,1.9353477954864502,21.203784942626953,1260.5324682363582,4.1577759107722806e-05
12140,1.4779391288757324,2.337007522583008,1.4850376844406128,0.1491406410932541,1.8235809803009033,21.742671966552734,1260.527182328588,4.150857832122398e-05
12150,1.5751478672027588,2.5114481449127197,1.555564045906067,0.15509168803691864,1.9605706930160522,21.511396408081055,1260.5221227975333,4.1439432552467695e-05
12160,1.4541393518447876,2.3890933990478516,1.4525254964828491,0.1389942765235901,2.1459929943084717,21.67377281188965,1260.5169550549494,4.1370321980925665e-05
12170,1.4351811408996582,2.441619634628296,1.4043910503387451,0.11098524928092957,2.033082962036133,21.682832717895508,1260.5117468436545,4.130124678597825e-05
12180,1.4289405345916748,2.297079086303711,1.6081459522247314,0.14214830100536346,1.7008625268936157,21.40142250061035,1260.5064415271072,4.1232207146914016e-05
12190,1.528702735900879,2.4211971759796143,1.6312313079833984,0.14821724593639374,2.5981998443603516,21.574363708496094,1260.5012220021179,4.116320324292924e-05
12200,1.4872528314590454,2.424954891204834,1.538804292678833,0.13448628783226013,1.5832362174987793,21.84661865234375,1260.4958807869962,4.109423525312738e-05
12210,1.525688648223877,2.4276490211486816,1.44996178150177,0.15269970893859863,1.8709169626235962,21.6510009765625,1260.4904484230108,4.102530335651875e-05
12220,1.380660057067871,2.296213388442993,1.3707691431045532,0.14053912460803986,1.9499421119689941,22.008010864257812,1260.4853095692697,4.0956407732019967e-05
12230,1.4933024644851685,2.3948309421539307,1.5916507244110107,0.1519182175397873,3.28975248336792,21.9527645111084,1260.4799838533393,4.088754855845347e-05
12240,1.4262804985046387,2.3122940063476562,1.590856671333313,0.11661677807569504,2.768404245376587,21.746723175048828,1260.4748317683138,4.081872601454715e-05
12250,1.474406123161316,2.364727258682251,1.5711746215820312,0.12353790551424026,2.7919974327087402,21.81930923461914,1260.469696284434,4.0749940278933754e-05
12260,1.612885594367981,2.504709243774414,1.851331114768982,0.14983013272285461,2.0612568855285645,21.569660186767578,1260.4646080395883,4.068119153015052e-05
12270,1.5309776067733765,2.44394588470459,1.5923819541931152,0.147807776927948,2.1033952236175537,21.64606475830078,1260.4595678842027,4.061247994663868e-05
12280,1.510054588317871,2.42570424079895,1.5167555809020996,0.13908253610134125,1.6022777557373047,21.675060272216797,1260.4543245735476,4.054380570674303e-05
12290,1.350014090538025,2.2020647525787354,1.5018901824951172,0.14691497385501862,2.2605087757110596,21.99551773071289,1260.4490595371499,4.047516898871142e-05
12300,1.3491493463516235,2.2384262084960938,1.343062400817871,0.11514048278331757,1.7965731620788574,22.020984649658203,1260.4436901793804,4.0406569970694285e-05
12310,1.5022343397140503,2.4662203788757324,1.5907552242279053,0.1528937965631485,2.1616504192352295,21.765193939208984,1260.438573155226,4.0338008830744234e-05
12320,1.521833062171936,2.4834141731262207,1.5026767253875732,0.14696723222732544,3.316946029663086,21.737110137939453,1260.4333381334031,4.026948574681555e-05
12330,1.411569356918335,2.2720813751220703,1.5377628803253174,0.1525065004825592,2.269935369491577,21.587495803833008,1260.428082671047,4.0201000896763766e-05
12340,1.495160460472107,2.38801646232605,1.6261820793151855,0.16591015458106995,1.7046176195144653,21.828994750976562,1260.4230311146137,4.013255445834513e-05
12350,1.546949863433838,2.4316649436950684,1.5586756467819214,0.16069868206977844,2.077749252319336,21.64993667602539,1260.4180269826952,4.006414660921624e-05
12360,1.4071738719940186,2.31767201423645,1.406104564666748,0.13649538159370422,2.4601211547851562,21.790834426879883,1260.4128087025636,3.999577752693349e-05
12370,1.3660420179367065,2.309490919113159,1.274975299835205,0.143523171544075,1.9156795740127563,21.659278869628906,1260.4076106317239,3.9927447388952666e-05
12380,1.488547444343567,2.4047417640686035,1.4993187189102173,0.1429225504398346,2.1764516830444336,21.64581298828125,1260.402291138333,3.9859156372628495e-05
12390,1.5383070707321167,2.5480024814605713,1.4050872325897217,0.16165456175804138,2.0314059257507324,21.792829513549805,1260.3970404587096,3.979090465521415e-05
12400,1.5883575677871704,2.4752347469329834,1.6311763525009155,0.1454758495092392,2.2063519954681396,21.999300003051758,1260.391794034407,3.972269241386078e-05
12410,1.6073497533798218,2.4970650672912598,1.8185718059539795,0.1611981987953186,2.7844996452331543,21.83029556274414,1260.386633493929,3.965451982561711e-05
12420,1.4167510271072388,2.3105616569519043,1.5290266275405884,0.12750574946403503,2.023115634918213,22.124000549316406,1260.3813771065675,3.9586387067428887e-05
12430,1.4328557252883911,2.3735196590423584,1.3232327699661255,0.13645923137664795,2.3429434299468994,22.099903106689453,1260.376167508136,3.9518294316138535e-05
12440,1.460058331489563,2.4250824451446533,1.4108799695968628,0.1439388245344162,3.1536169052124023,21.78972816467285,1260.370898827443,3.9450241748484604e-05
12450,1.5220465660095215,2.460413932800293,1.6139394044876099,0.1578737199306488,1.6111814975738525,21.69322395324707,1260.3655906445981,3.938222954110137e-05
12460,1.3436145782470703,2.2398998737335205,1.1837501525878906,0.13895480334758759,1.5995069742202759,22.048969268798828,1260.3602335581093,3.9314257870518325e-05
12470,1.4054712057113647,2.309075117111206,1.2862223386764526,0.13659735023975372,1.9270814657211304,21.82172393798828,1260.3548325740655,3.924632691315975e-05
12480,1.4985312223434448,2.5035595893859863,1.3217105865478516,0.13996154069900513,3.1641809940338135,21.846649169921875,1260.349430660523,3.917843684534427e-05
12490,1.4826557636260986,2.38358736038208,1.5029691457748413,0.14579452574253082,1.847708821296692,21.518207550048828,1260.34428770532,3.911058784328434e-05
12500,1.474544882774353,2.2607216835021973,1.7700047492980957,0.1680932193994522,1.5046519041061401,21.939834594726562,1260.3392030307937,3.904278008308589e-05
12510,1.5318799018859863,2.4923794269561768,1.482710599899292,0.14669016003608704,2.3835628032684326,22.45510482788086,1260.334037769909,3.897501374074777e-05
12520,1.499452829360962,2.4737472534179688,1.300766944885254,0.14401113986968994,2.6264078617095947,21.5655517578125,1260.3289424080083,3.8907288992161316e-05
12530,1.6069167852401733,2.613801956176758,1.5799486637115479,0.14857594668865204,3.2648062705993652,22.2481689453125,1260.3236132818126,3.883960601310991e-05
12540,1.4144552946090698,2.31149959564209,1.4600844383239746,0.14376622438430786,2.6084136962890625,21.65146827697754,1260.3184265063508,3.8771964979268515e-05
12550,1.372916340827942,2.2248265743255615,1.6338812112808228,0.1306164264678955,1.5581097602844238,21.593883514404297,1260.3137570669408,3.870436606620326e-05
12560,1.5013951063156128,2.3925960063934326,1.5600098371505737,0.1279268115758896,1.52182936668396,22.003446578979492,1260.3093184800152,3.863680944937088e-05
12570,1.5765130519866943,2.5002222061157227,1.6327775716781616,0.1463719606399536,2.2369441986083984,22.090988159179688,1260.3049515976745,3.8569295304118435e-05
12580,1.5488109588623047,2.439483165740967,1.6223254203796387,0.13100694119930267,1.6639022827148438,21.87021827697754,1260.3005703264996,3.8501823805682616e-05
12590,1.5699186325073242,2.4191815853118896,1.696593165397644,0.14060281217098236,1.62595796585083,21.92810821533203,1260.2963496236102,3.843439512918949e-05
12600,1.3689409494400024,2.3307437896728516,1.2659205198287964,0.1382981836795807,1.7723538875579834,22.057687759399414,1260.2919905040162,3.836700944965401e-05
12610,1.3230538368225098,2.168776512145996,1.4594917297363281,0.139635369181633,1.7928880453109741,21.844852447509766,1260.287618672613,3.8299666941979475e-05
12620,1.5080221891403198,2.4329473972320557,1.5114257335662842,0.13121071457862854,1.7233697175979614,21.8460693359375,1260.283349167521,3.823236778095715e-05
12630,1.4380863904953003,2.329467535018921,1.4129023551940918,0.16124515235424042,2.1567282676696777,21.838577270507812,1260.2788575311595,3.816511214126576e-05
12640,1.5328965187072754,2.4560623168945312,1.535520076751709,0.15183770656585693,1.9776965379714966,21.9227352142334,1260.2744596395646,3.8097900197471115e-05
12650,1.5133588314056396,2.4051620960235596,1.579015851020813,0.15763095021247864,2.8073270320892334,22.02048110961914,1260.2698731959138,3.803073212402558e-05
12660,1.3947484493255615,2.2883975505828857,1.3486706018447876,0.1121835932135582,1.4727885723114014,21.974428176879883,1260.265490838478,3.796360809526768e-05
12670,1.633193016052246,2.593637228012085,1.6142901182174683,0.152862548828125,1.6990246772766113,22.02490234375,1260.2609883744378,3.7896528285421584e-05
12680,1.3353675603866577,2.27113938331604,1.3542802333831787,0.11951765418052673,1.6684085130691528,22.090194702148438,1260.2564218756745,3.7829492868596725e-05
12690,1.5739165544509888,2.553842782974243,1.3466933965682983,0.1372939497232437,1.8339964151382446,21.93001937866211,1260.2519762464563,3.776250201878726e-05
12700,1.3734527826309204,2.2514991760253906,1.5242741107940674,0.1266036331653595,3.266026735305786,21.859050750732422,1260.2476308871226,3.7695555909871715e-05
12710,1.4794416427612305,2.4456002712249756,1.3621222972869873,0.1423351913690567,2.3433847427368164,21.76495933532715,1260.2431438021197,3.762865471561249e-05
12720,1.5891715288162231,2.6340770721435547,1.4051498174667358,0.16152574121952057,4.447938919067383,22.086864471435547,1260.2386913084015,3.756179860965538e-05
12730,1.3677655458450317,2.2637174129486084,1.3571224212646484,0.1487460434436798,2.0903139114379883,22.359912872314453,1260.234230917964,3.749498776552916e-05
12740,1.4134538173675537,2.331207275390625,1.3976457118988037,0.13336603343486786,2.7993218898773193,22.22747039794922,1260.22976267107,3.7428222356645115e-05
12750,1.5713320970535278,2.4894473552703857,1.594033122062683,0.16465173661708832,2.7044293880462646,21.92102813720703,1260.225280426574,3.736150255629664e-05
12760,1.3114333152770996,2.2329800128936768,1.3065686225891113,0.11505601555109024,1.848802089691162,22.23753547668457,1260.2210267371768,3.729482853765869e-05
12770,1.5045021772384644,2.3808298110961914,1.6838207244873047,0.14635401964187622,1.561269760131836,22.35137176513672,1260.2165780330263,3.7228200473787456e-05
12780,1.4830543994903564,2.4366676807403564,1.4825185537338257,0.1395970582962036,2.171999216079712,21.545801162719727,1260.2121876216768,3.716161853761979e-05
12790,1.5043528079986572,2.4384305477142334,1.6277332305908203,0.1464599370956421,2.5718421936035156,22.130220413208008,1260.2077705661868,3.709508290197291e-05
12800,1.51704740524292,2.4037041664123535,1.5110867023468018,0.1526581346988678,1.5011638402938843,21.926490783691406,1260.2035209858004,3.7028593739543715e-05
12810,1.4785624742507935,2.4216880798339844,1.4183459281921387,0.15530534088611603,2.338085651397705,22.3189640045166,1260.1989773804248,3.696215122290858e-05
12820,1.4158966541290283,2.3231751918792725,1.5139235258102417,0.12477850914001465,2.1142730712890625,22.134471893310547,1260.1945861304562,3.689575552452281e-05
12830,1.4304100275039673,2.314584493637085,1.4822415113449097,0.1461644470691681,1.6773067712783813,22.767534255981445,1260.1902454391252,3.682940681672017e-05
12840,1.6724671125411987,2.615706443786621,1.6142723560333252,0.15066613256931305,1.907832384109497,21.96492576599121,1260.1858817415114,3.6763105271712436e-05
12850,1.4911370277404785,2.365029811859131,1.8413254022598267,0.13039132952690125,1.7383209466934204,21.915437698364258,1260.1814513690863,3.6696851061589e-05
12860,1.2902673482894897,2.2124178409576416,1.2200870513916016,0.13279438018798828,1.5858616828918457,22.103395462036133,1260.1770117540282,3.663064435831639e-05
12870,1.470862627029419,2.44457745552063,1.2608580589294434,0.12683658301830292,2.1720943450927734,23.132638931274414,1260.1725958228296,3.6564485333737796e-05
12880,1.4961063861846924,2.393141031265259,1.6398845911026,0.1325686275959015,2.9553191661834717,22.457950592041016,1260.1683530623948,3.649837415957271e-05
12890,1.4168893098831177,2.302466630935669,1.58197021484375,0.12425640970468521,2.8869712352752686,22.07697105407715,1260.1639892914384,3.64323110074164e-05
12900,1.4914320707321167,2.336221694946289,1.5363761186599731,0.1497964859008789,1.5153182744979858,21.900619506835938,1260.159759126292,3.636629604873948e-05
12910,1.4054237604141235,2.282825231552124,1.3778164386749268,0.13892695307731628,2.1806888580322266,22.031789779663086,1260.1553976593768,3.630032945488745e-05
12920,1.4761747121810913,2.392057418823242,1.5538218021392822,0.15555192530155182,2.2193286418914795,22.084651947021484,1260.1510540870277,3.623441139708035e-05
12930,1.5458786487579346,2.5090978145599365,1.425789475440979,0.1227462887763977,2.05395770072937,21.928543090820312,1260.1465152267663,3.61685420464122e-05
12940,1.543441653251648,2.474174976348877,1.4451789855957031,0.16685573756694794,1.4985562562942505,22.121305465698242,1260.14212662608,3.610272157385055e-05
12950,1.5127122402191162,2.4373362064361572,1.5592314004898071,0.15814560651779175,2.362926721572876,22.0999698638916,1260.1376598575762,3.6036950150236205e-05
12960,1.4845458269119263,2.351017951965332,1.6368979215621948,0.15846854448318481,2.5174529552459717,22.057331085205078,1260.1331722288337,3.5971227946282535e-05
12970,1.4494132995605469,2.3680813312530518,1.3516860008239746,0.12033849209547043,2.0527193546295166,21.996248245239258,1260.128732105913,3.590555513257522e-05
12980,1.526561975479126,2.473492383956909,1.4775203466415405,0.16104207932949066,1.898149847984314,21.882434844970703,1260.124297430933,3.583993187957173e-05
12990,1.4015024900436401,2.343242645263672,1.3742046356201172,0.14049716293811798,1.924057126045227,21.947925567626953,1260.1199159270038,3.577435835760093e-05
13000,1.3126792907714844,2.172450065612793,1.2457350492477417,0.1523832529783249,1.782999038696289,21.890125274658203,1260.1156169647197,3.570883473686256e-05
13010,1.3756312131881714,2.232978343963623,1.4839363098144531,0.14301368594169617,1.7803547382354736,22.39950180053711,1260.1112607100836,3.564336118742687e-05
13020,1.2469489574432373,2.151522636413574,1.155630111694336,0.12037264555692673,2.765355348587036,22.42885971069336,1260.1068867790214,3.557793787923412e-05
13030,1.4608887434005737,2.308586835861206,1.6410834789276123,0.15288272500038147,2.3556301593780518,21.90983772277832,1260.1025190779446,3.5512564982094164e-05
13040,1.403486967086792,2.2005484104156494,1.677148461341858,0.13337983191013336,1.3780286312103271,22.1287899017334,1260.0981069937843,3.544724266568606e-05
13050,1.4796160459518433,2.3681623935699463,1.6504929065704346,0.15966464579105377,2.0492916107177734,21.83135223388672,1260.0936268933408,3.5381971099557544e-05
13060,1.4699232578277588,2.390444278717041,1.508015513420105,0.16665886342525482,1.8640518188476562,22.11653709411621,1260.089153375364,3.531675045312462e-05
13070,1.3620442152023315,2.092111587524414,1.746999740600586,0.14399641752243042,2.5378971099853516,22.161518096923828,1260.084768152977,3.525158089567113e-05
13080,1.5186632871627808,2.505934000015259,1.4518500566482544,0.14905805885791779,2.2038774490356445,22.04642105102539,1260.080448603588,3.5186462596348344e-05
13090,1.5581896305084229,2.4799623489379883,1.5983738899230957,0.13400442898273468,2.4044783115386963,22.179431915283203,1260.0760403747977,3.512139572417442e-05
13100,1.5251046419143677,2.470400094985962,1.6825429201126099,0.1299854815006256,2.000131130218506,21.78675079345703,1260.0715188988088,3.5056380448034144e-05
13110,1.4401166439056396,2.3051841259002686,1.57325279712677,0.14158464968204498,2.2124409675598145,23.51529312133789,1260.0670437276074,3.499141693667828e-05
13120,1.4610151052474976,2.330543279647827,1.5512553453445435,0.15513481199741364,2.0198581218719482,22.13316535949707,1260.0626684943886,3.492650535872325e-05
13130,1.3289012908935547,2.1915123462677,1.3444390296936035,0.14181362092494965,2.3559064865112305,22.51940155029297,1260.058250442883,3.486164588265073e-05
13140,1.5461968183517456,2.482471227645874,1.5712159872055054,0.1419619619846344,2.6954727172851562,22.300329208374023,1260.053952397089,3.479683867680711e-05
13150,1.3781001567840576,2.3189101219177246,1.3496425151824951,0.1382361501455307,5.268393516540527,22.80849266052246,1260.0495147385768,3.473208390940315e-05
13160,1.5100167989730835,2.4738926887512207,1.4656459093093872,0.145252987742424,2.17159366607666,21.998594284057617,1260.0450845753371,3.466738174851348e-05
13170,1.444937825202942,2.3522675037384033,1.5714439153671265,0.13029015064239502,1.914210557937622,22.05361557006836,1260.0407031015077,3.4602732362076194e-05
13180,1.3527911901474,2.2246289253234863,1.3669368028640747,0.1294357180595398,2.5041677951812744,22.11617660522461,1260.036327217936,3.4538135917892386e-05
13190,1.564380407333374,2.5664541721343994,1.5496900081634521,0.14425672590732574,1.6843254566192627,22.3117618560791,1260.0320104200568,3.447359258362579e-05
13200,1.4496514797210693,2.347444772720337,1.632136583328247,0.14168374240398407,2.1922900676727295,22.034128189086914,1260.027659453342,3.4409102526802215e-05
13210,1.4191497564315796,2.3000519275665283,1.4572138786315918,0.16224391758441925,1.953147292137146,22.348512649536133,1260.0234077316418,3.434466591480926e-05
13220,1.2955591678619385,2.2468929290771484,1.0848623514175415,0.10636486113071442,2.1457340717315674,22.465194702148438,1260.0189788634295,3.428028291489576e-05
13230,1.4920141696929932,2.414716958999634,1.461429238319397,0.1379498541355133,1.9700137376785278,22.14590072631836,1260.0145213254445,3.421595369417137e-05
13240,1.4122827053070068,2.3235867023468018,1.468666911125183,0.13359692692756653,1.7723984718322754,21.876916885375977,1260.0100261523041,3.415167841960624e-05
13250,1.401519536972046,2.3495912551879883,1.2161881923675537,0.12258461117744446,2.4775283336639404,22.291582107543945,1260.0056511757698,3.408745725803042e-05
13260,1.5349791049957275,2.4628493785858154,1.4688268899917603,0.14594069123268127,1.4566152095794678,22.178081512451172,1260.0013457418054,3.402329037613357e-05
13270,1.4264456033706665,2.2662320137023926,1.6707013845443726,0.14607621729373932,1.587106466293335,22.131900787353516,1259.9969467582368,3.3959177940464424e-05
13280,1.534990668296814,2.401869058609009,1.8088089227676392,0.13055700063705444,1.830865502357483,22.17830467224121,1259.9924788481997,3.389512011743043e-05
13290,1.450156331062317,2.3675928115844727,1.4336745738983154,0.1444491744041443,1.7749234437942505,22.32747459411621,1259.9880679122957,3.3831117073297205e-05
13300,1.5177874565124512,2.590787172317505,1.2568376064300537,0.1334247589111328,2.8818111419677734,22.180736541748047,1259.9836365451674,3.376716897418831e-05
13310,1.4512479305267334,2.40695858001709,1.3733705282211304,0.13219155371189117,1.9462718963623047,22.094221115112305,1259.9792810111248,3.3703275986084584e-05
13320,1.4237663745880127,2.277966260910034,1.37628173828125,0.13920821249485016,1.6327704191207886,22.309595108032227,1259.9749938975722,3.363943827482389e-05
13330,1.3984636068344116,2.2861547470092773,1.448981761932373,0.12527085840702057,2.17714262008667,22.139005661010742,1259.970613898387,3.357565600610059e-05
13340,1.400948166847229,2.28066086769104,1.5791202783584595,0.12620292603969574,2.3069281578063965,22.439958572387695,1259.9662036021991,3.351192934546512e-05
13350,1.4201139211654663,2.3671886920928955,1.4306429624557495,0.11770778894424438,3.5653138160705566,22.466976165771484,1259.9617521309763,3.3448258458323634e-05
13360,1.52326500415802,2.4427645206451416,1.6173797845840454,0.11921194195747375,2.259089708328247,22.47563934326172,1259.9573805668142,3.3384643509937466e-05
13370,1.502321481704712,2.405212163925171,1.54690420627594,0.1535731703042984,1.4847608804702759,22.52560043334961,1259.953035695831,3.3321084665422807e-05
13380,1.3578883409500122,2.231377363204956,1.5404963493347168,0.15862220525741577,2.523883819580078,22.065595626831055,1259.948511838832,3.3257582089750224e-05
13390,1.3390761613845825,2.2107338905334473,1.2621893882751465,0.12954935431480408,1.6719913482666016,22.01112937927246,1259.9440659283619,3.31941359477442e-05
13400,1.263495683670044,2.111617088317871,1.3154895305633545,0.12066902965307236,1.5557262897491455,21.856300354003906,1259.9397302178947,3.313074640408273e-05
13410,1.3313872814178467,2.132321357727051,1.5831855535507202,0.14338739216327667,2.2003026008605957,22.31125259399414,1259.9352782035796,3.3067413623296984e-05
13420,1.393710732460022,2.26489520072937,1.596741795539856,0.11905845254659653,1.6198149919509888,21.951526641845703,1259.9307702260323,3.300413776977071e-05
13430,1.4776966571807861,2.4143667221069336,1.3912233114242554,0.13979847729206085,1.9685041904449463,23.25552749633789,1259.9263231565603,3.294091900773997e-05
13440,1.3601106405258179,2.177581310272217,1.5098813772201538,0.1321561634540558,2.278049945831299,22.291141510009766,1259.9217000002143,3.2877757501292605e-05
13450,1.4711230993270874,2.39884877204895,1.4105852842330933,0.14032144844532013,1.4110081195831299,22.26373863220215,1259.9172422005236,3.281465341436782e-05
13460,1.4837501049041748,2.4658708572387695,1.3869445323944092,0.1665615290403366,2.7693305015563965,21.77630043029785,1259.9130836173067,3.275160691075586e-05
13470,1.373475193977356,2.271115303039551,1.4455235004425049,0.12544064223766327,1.5244789123535156,22.223146438598633,1259.9093290122184,3.268861815409743e-05
13480,1.476746916770935,2.292860269546509,1.7536964416503906,0.134872168302536,1.6490757465362549,22.204187393188477,1259.9056700048102,3.262568730788339e-05
13490,1.4208121299743652,2.2630317211151123,1.628201961517334,0.13408900797367096,1.7201353311538696,22.310657501220703,1259.9020594491888,3.256281453545432e-05
13500,1.5128905773162842,2.382404088973999,1.673398494720459,0.16891267895698547,1.782869815826416,22.332202911376953,1259.8983557631382,3.250000000000001e-05
13510,1.4385623931884766,2.3351573944091797,1.5684640407562256,0.1254773885011673,1.6391745805740356,22.061521530151367,1259.894470855044,3.243724386455909e-05
13520,1.4819539785385132,2.443605899810791,1.3293992280960083,0.12602829933166504,2.2978291511535645,22.196229934692383,1259.8907396389704,3.237454629201867e-05
13530,1.4652488231658936,2.3265035152435303,1.6704095602035522,0.12364111095666885,1.8804621696472168,21.960290908813477,1259.8869618474087,3.2311907445113785e-05
13540,1.566402554512024,2.605149507522583,1.4627808332443237,0.14590775966644287,2.617814064025879,22.15891456604004,1259.883353610225,3.2249327486427125e-05
13550,1.344605565071106,2.196970224380493,1.5491418838500977,0.13681365549564362,2.406494617462158,22.290538787841797,1259.8795325323417,3.218680657838845e-05
13560,1.4736779928207397,2.4509530067443848,1.2904218435287476,0.14068415760993958,2.2288455963134766,22.052875518798828,1259.875708841125,3.212434488327428e-05
13570,1.4131983518600464,2.31632924079895,1.6007016897201538,0.10582238435745239,2.078841209411621,22.492612838745117,1259.8719930896102,3.2061942563207494e-05
13580,1.3907759189605713,2.2814559936523438,1.6270108222961426,0.1465892791748047,3.048722982406616,22.490859985351562,1259.868123252906,3.199959978015677e-05
13590,1.5290067195892334,2.528038501739502,1.3875356912612915,0.1460789293050766,2.2378830909729004,22.207223892211914,1259.8643757544585,3.1937316695936324e-05
13600,1.353613257408142,2.257035732269287,1.2175077199935913,0.1481267660856247,1.6394600868225098,22.112564086914062,1259.8605011012364,3.187509347220542e-05
13610,1.4701299667358398,2.4417788982391357,1.2719271183013916,0.11832134425640106,1.8398557901382446,22.089065551757812,1259.8569081975677,3.1812930270467903e-05
13620,1.4765459299087524,2.345792531967163,1.684269905090332,0.14374789595603943,1.659669280052185,22.43136978149414,1259.853147108064,3.175082725207184e-05
13630,1.4784470796585083,2.389218330383301,1.4809015989303589,0.13155704736709595,1.8644239902496338,22.255510330200195,1259.849501641571,3.168878457820915e-05
13640,1.3194921016693115,2.1491215229034424,1.4481055736541748,0.1393250972032547,2.655379295349121,22.318185806274414,1259.8457124090764,3.162680240991502e-05
13650,1.4889259338378906,2.355478286743164,1.5350912809371948,0.13003399968147278,2.3112597465515137,22.252405166625977,1259.841960087182,3.1564880908067694e-05
13660,1.3950058221817017,2.326180934906006,1.434421420097351,0.1586349904537201,2.0184426307678223,22.494659423828125,1259.8381837135591,3.1503020233387915e-05
13670,1.3429051637649536,2.246915817260742,1.1473491191864014,0.14321886003017426,1.6538528203964233,22.35001564025879,1259.8343572120693,3.144122054643847e-05
13680,1.357820749282837,2.2446465492248535,1.3686727285385132,0.13919459283351898,2.1181185245513916,22.433597564697266,1259.8307162463473,3.1379482007623965e-05
13690,1.20697021484375,2.0262434482574463,1.2788292169570923,0.13567349314689636,3.26934552192688,22.163002014160156,1259.8269157127156,3.1317804777190254e-05
13700,1.421021819114685,2.285473108291626,1.5423781871795654,0.13473698496818542,2.0099430084228516,22.261735916137695,1259.823268204994,3.1256189015224025e-05
13710,1.4242544174194336,2.3684308528900146,1.546299934387207,0.1374780833721161,2.16153883934021,22.32395362854004,1259.8193921379088,3.119463488165247e-05
13720,1.3850398063659668,2.216193199157715,1.591220736503601,0.1253460943698883,2.4437248706817627,22.361494064331055,1259.8155984347852,3.1133142536242786e-05
13730,1.4217814207077026,2.3241634368896484,1.4326752424240112,0.13243071734905243,2.1492559909820557,22.113710403442383,1259.8119240331464,3.1071712138601806e-05
13740,1.4146738052368164,2.243333578109741,1.5365954637527466,0.14616498351097107,1.7756651639938354,22.27597999572754,1259.8080248265687,3.101034384817558e-05
13750,1.4073537588119507,2.2509474754333496,1.5460907220840454,0.1244344562292099,2.8358545303344727,22.543094635009766,1259.8041326569764,3.094903782424895e-05
13760,1.5071176290512085,2.412766218185425,1.7318012714385986,0.14107252657413483,2.7207000255584717,22.328908920288086,1259.8003461969824,3.088779422594514e-05
13770,1.5291781425476074,2.465916633605957,1.3969601392745972,0.15057207643985748,2.342996120452881,22.510709762573242,1259.796598222467,3.0826613212225395e-05
13780,1.4667034149169922,2.3451504707336426,1.5356841087341309,0.14688096940517426,1.6734495162963867,22.458744049072266,1259.7928551354942,3.076549494188839e-05
13790,1.4540634155273438,2.2747490406036377,1.7972790002822876,0.14727117121219635,1.8461439609527588,22.357149124145508,1259.7890286524196,3.070443957357008e-05
13800,1.4588487148284912,2.3697304725646973,1.528459906578064,0.14352048933506012,1.7729988098144531,22.41487693786621,1259.785258331823,3.0643447265743096e-05
13810,1.5105345249176025,2.426741361618042,1.3933358192443848,0.16305318474769592,2.7561442852020264,22.539247512817383,1259.7814982658524,3.058251817671638e-05
13820,1.3787814378738403,2.261885166168213,1.3263978958129883,0.12585404515266418,1.9018056392669678,22.347585678100586,1259.7777473396989,3.052165246463483e-05
13830,1.5295352935791016,2.399374008178711,1.6858707666397095,0.1283552348613739,1.317817211151123,22.385276794433594,1259.7739740816896,3.0460850287478803e-05
13840,1.38926362991333,2.23254132270813,1.6432868242263794,0.13366621732711792,1.8366665840148926,22.74946403503418,1259.7701172455338,3.040011180306376e-05
13850,1.4897557497024536,2.4117448329925537,1.5223958492279053,0.14881114661693573,3.2858481407165527,22.335079193115234,1259.7663944054602,3.0339437169039862e-05
13860,1.3793253898620605,2.3373279571533203,1.2465094327926636,0.13375413417816162,2.1949496269226074,22.146265029907227,1259.7628728905938,3.0278826542891507e-05
13870,1.4817487001419067,2.352320432662964,1.525543451309204,0.13007426261901855,1.6273361444473267,22.340572357177734,1259.7590923539867,3.0218280081936994e-05
13880,1.405949354171753,2.2950892448425293,1.4155439138412476,0.132584810256958,1.63702392578125,22.51736068725586,1259.7553208318163,3.015779794332809e-05
13890,1.4403663873672485,2.299100160598755,1.5129398107528687,0.13145458698272705,1.7999675273895264,22.614112854003906,1259.7516690819216,3.0097380284049527e-05
13900,1.4873237609863281,2.351658821105957,1.6563886404037476,0.15320052206516266,2.042731285095215,22.459558486938477,1259.7479306087546,3.003702726091875e-05
13910,1.3389073610305786,2.1780505180358887,1.4490976333618164,0.1397266834974289,1.4823073148727417,22.216690063476562,1259.744091977409,2.9976739030585442e-05
13920,1.5106440782546997,2.395004987716675,1.4858423471450806,0.17216666042804718,3.1116435527801514,22.697071075439453,1259.7403534420584,2.991651574953107e-05
13930,1.4811829328536987,2.3474276065826416,1.5722925662994385,0.15335294604301453,2.1277198791503906,22.38888168334961,1259.7365664824445,2.985635757406856e-05
13940,1.33708655834198,2.188835382461548,1.5537651777267456,0.11609549075365067,1.9658360481262207,22.317184448242188,1259.7325968854454,2.9796264660341817e-05
13950,1.4577025175094604,2.320830821990967,1.5100828409194946,0.1398153454065323,1.671565055847168,22.44414710998535,1259.7287761865164,2.9736237164325364e-05
13960,1.4547277688980103,2.3412368297576904,1.5197131633758545,0.14073382318019867,2.1844379901885986,22.423532485961914,1259.7249478924664,2.9676275241823963e-05
13970,1.4808266162872314,2.3885629177093506,1.3725637197494507,0.14400111138820648,2.11767578125,22.27639389038086,1259.7212701779072,2.961637904847212e-05
13980,1.4033124446868896,2.227919340133667,1.4691888093948364,0.1506199687719345,2.316540002822876,22.49674415588379,1259.7176052278878,2.9556548739733797e-05
13990,1.5916773080825806,2.4816367626190186,1.6838871240615845,0.15198788046836853,1.636757493019104,22.288639068603516,1259.7138569455296,2.9496784470901938e-05
14000,1.4677706956863403,2.3416450023651123,1.670906662940979,0.13052503764629364,1.7289183139801025,22.53811264038086,1259.7100822980256,2.9437086397097995e-05
14010,1.5106406211853027,2.4472076892852783,1.3661643266677856,0.1419663280248642,1.908827304840088,22.294973373413086,1259.7061912058034,2.937745467327171e-05
14020,1.4214917421340942,2.366532802581787,1.483221411705017,0.13966625928878784,1.919456958770752,22.507064819335938,1259.70241832815,2.931788945420058e-05
14030,1.469650149345398,2.370021343231201,1.2920523881912231,0.13652540743350983,1.438791275024414,22.452604293823242,1259.6986940722293,2.9258390894489452e-05
14040,1.4798861742019653,2.389385938644409,1.6367281675338745,0.1540413796901703,2.618520736694336,22.54358673095703,1259.6948733694353,2.9198959148570193e-05
14050,1.316177487373352,2.1240267753601074,1.447227120399475,0.16242721676826477,1.7063771486282349,22.099523544311523,1259.6911141717706,2.913959437070124e-05
14060,1.3896373510360718,2.240051746368408,1.484532356262207,0.13457198441028595,2.122286558151245,22.532407760620117,1259.6873217319862,2.9080296714967188e-05
14070,1.4598803520202637,2.331540822982788,1.6912988424301147,0.1316639930009842,2.47007417678833,22.552047729492188,1259.6835605475576,2.9021066335278452e-05
14080,1.4008352756500244,2.196978807449341,1.7190288305282593,0.13117076456546783,1.619827389717102,22.31881332397461,1259.679808510166,2.896190338537079e-05
14090,1.472580075263977,2.3362414836883545,1.5961812734603882,0.14241014420986176,2.165377378463745,22.12002182006836,1259.6761396324366,2.890280801880497e-05
14100,1.2648417949676514,2.1786506175994873,1.2799720764160156,0.12500889599323273,2.4200387001037598,22.185710906982422,1259.672360210715,2.8843780388966367e-05
14110,1.516932725906372,2.449286937713623,1.423732876777649,0.1308322250843048,1.5039316415786743,22.294700622558594,1259.6686651974755,2.8784820649064448e-05
14120,1.4627714157104492,2.3105170726776123,1.6728111505508423,0.14173074066638947,2.0079152584075928,22.054683685302734,1259.6648906929315,2.8725928952132554e-05
14130,1.3041696548461914,2.1787638664245605,1.2470372915267944,0.11515463888645172,1.792323350906372,22.088048934936523,1259.6609898039228,2.8667105451027408e-05
14140,1.593693494796753,2.5620553493499756,1.3538495302200317,0.15644113719463348,1.8442045450210571,22.617725372314453,1259.6571547687947,2.8608350298428686e-05
14150,1.3267240524291992,2.220487356185913,1.3007373809814453,0.10906365513801575,1.6751306056976318,22.44974708557129,1259.6534295056367,2.854966364683872e-05
14160,1.370932698249817,2.20790696144104,1.6064434051513672,0.11468394845724106,1.6182293891906738,22.6630802154541,1259.649673828543,2.8491045648581973e-05
14170,1.50295889377594,2.3976566791534424,1.6824111938476562,0.14271783828735352,1.7456063032150269,22.347917556762695,1259.6460971689908,2.8432496455804758e-05
14180,1.4694832563400269,2.3502979278564453,1.5868158340454102,0.1528063863515854,1.9379230737686157,22.247018814086914,1259.642378226629,2.837401622047481e-05
14190,1.4640299081802368,2.3855385780334473,1.5496877431869507,0.1369686722755432,1.8886266946792603,22.422557830810547,1259.638556038954,2.8315605094380837e-05
14200,1.4986220598220825,2.448826551437378,1.5795183181762695,0.13342085480690002,2.3803746700286865,23.033178329467773,1259.634736905918,2.8257263229132224e-05
14210,1.3666315078735352,2.201220750808716,1.4683915376663208,0.14003384113311768,1.4504634141921997,22.71022605895996,1259.6310835349673,2.819899077615854e-05
14220,1.6444469690322876,2.5308165550231934,1.7904398441314697,0.16965357959270477,1.5682833194732666,22.362524032592773,1259.6273019901382,2.814078788670922e-05
14230,1.4682999849319458,2.324512004852295,1.6433677673339844,0.13037289679050446,1.7484863996505737,22.917259216308594,1259.6235454707478,2.8082654711853118e-05
14240,1.4475626945495605,2.3197715282440186,1.5972778797149658,0.14934180676937103,2.4327824115753174,22.204404830932617,1259.6197660809185,2.8024591402478186e-05
14250,1.4980264902114868,2.3881843090057373,1.667120337486267,0.12391919642686844,1.6461243629455566,23.05593490600586,1259.6159938060605,2.7966598109290942e-05
14260,1.4152692556381226,2.3814055919647217,1.3050057888031006,0.12859512865543365,1.8072093725204468,22.73907470703125,1259.612279875233,2.7908674982816308e-05
14270,1.4781371355056763,2.364531993865967,1.5429502725601196,0.13661417365074158,2.2034239768981934,22.66993522644043,1259.608528666621,2.7850822173396966e-05
14280,1.417209267616272,2.27791690826416,1.6447432041168213,0.13033710420131683,2.4518325328826904,22.201963424682617,1259.6046858830075,2.7793039831193136e-05
14290,1.5002505779266357,2.395479917526245,1.5614330768585205,0.1327638477087021,1.7211933135986328,22.61536979675293,1259.600922084809,2.7735328106182134e-05
14300,1.372530221939087,2.2187423706054688,1.4026505947113037,0.12310315668582916,2.3793108463287354,22.55728530883789,1259.5971386601648,2.7677687148157998e-05
14310,1.5424602031707764,2.401371479034424,1.7360552549362183,0.15349219739437103,1.6905697584152222,22.22650909423828,1259.5933380243248,2.7620117106731064e-05
14320,1.4536546468734741,2.346283435821533,1.3615286350250244,0.15096330642700195,3.0671029090881348,22.64868927001953,1259.5896871869738,2.7562618131327588e-05
14330,1.4524155855178833,2.364231824874878,1.499692678451538,0.13066700100898743,2.09470534324646,22.8232421875,1259.585966830762,2.7505190371189416e-05
14340,1.4536947011947632,2.2337710857391357,1.7064868211746216,0.14961811900138855,1.5943951606750488,22.18665313720703,1259.5822017224407,2.7447833975373494e-05
14350,1.4272441864013672,2.270906686782837,1.5614951848983765,0.14358532428741455,2.633371591567993,22.59115219116211,1259.5784731914184,2.7390549092751604e-05
14360,1.3071088790893555,2.130406379699707,1.485033631324768,0.11381331831216812,1.430169701576233,22.52815055847168,1259.574724910607,2.7333335872009845e-05
14370,1.4489545822143555,2.363720655441284,1.2155588865280151,0.1346026211977005,2.742060661315918,22.80385398864746,1259.5709233918076,2.7276194461648374e-05
14380,1.334356427192688,2.1646506786346436,1.5264817476272583,0.13032756745815277,1.8235055208206177,22.446529388427734,1259.5671560960216,2.7219125009980904e-05
14390,1.3763874769210815,2.207350730895996,1.5278457403182983,0.12424425780773163,1.7581241130828857,22.638256072998047,1259.5634474255555,2.7162127665134407e-05
14400,1.52998685836792,2.481745481491089,1.4820173978805542,0.14877821505069733,1.5642521381378174,22.77861213684082,1259.5597194981997,2.7105202575048684e-05
14410,1.4597291946411133,2.3290586471557617,1.6819368600845337,0.12713384628295898,2.3193016052246094,22.209138870239258,1259.5559453198891,2.7048349887476037e-05
14420,1.4057923555374146,2.235689163208008,1.6037236452102661,0.10470906645059586,2.102405548095703,22.55569076538086,1259.552240703145,2.6991569749980782e-05
14430,1.420507788658142,2.3863918781280518,1.298932433128357,0.14682379364967346,2.78076171875,22.77899169921875,1259.5484331123819,2.6934862309938945e-05
14440,1.529837727546692,2.46067476272583,1.3513000011444092,0.14150431752204895,2.1176748275756836,22.721332550048828,1259.5447413667878,2.6878227714537896e-05
14450,1.4769470691680908,2.439122438430786,1.307248830795288,0.14104880392551422,3.25944185256958,22.16535186767578,1259.5411047457799,2.682166611077589e-05
14460,1.4244087934494019,2.315659999847412,1.5252392292022705,0.14242087304592133,2.4862124919891357,23.339637756347656,1259.5382547564514,2.676517764546175e-05
14470,1.5023841857910156,2.409459114074707,1.451448917388916,0.12679602205753326,1.9210877418518066,22.633642196655273,1259.5353103336952,2.6708762465214456e-05
14480,1.4525233507156372,2.305473804473877,1.5971177816390991,0.12006036937236786,2.4086577892303467,22.88507843017578,1259.5323947705042,2.6652420716462802e-05
14490,1.4270522594451904,2.2931413650512695,1.587868094444275,0.13165973126888275,1.5083918571472168,22.129806518554688,1259.5294605571285,2.6596152545444925e-05
14500,1.4109588861465454,2.2068424224853516,1.6872057914733887,0.13498088717460632,2.0861451625823975,22.502296447753906,1259.5266610499402,2.6539958098208027e-05
14510,1.4251166582107544,2.279752016067505,1.5421538352966309,0.1302270144224167,1.7226430177688599,22.655744552612305,1259.523872481572,2.6483837520607964e-05
14520,1.4180583953857422,2.285454750061035,1.6122450828552246,0.11944103240966797,2.067702054977417,22.93500518798828,1259.5210136772014,2.6427790958308862e-05
14530,1.4118919372558594,2.3216946125030518,1.2813385725021362,0.12106170505285263,1.7420248985290527,22.731700897216797,1259.5179717258184,2.637181855678269e-05
14540,1.515537142753601,2.3965401649475098,1.6020522117614746,0.1451236754655838,1.361818552017212,22.881637573242188,1259.5149877484384,2.6315920461308964e-05
14550,1.442263126373291,2.4047319889068604,1.303878903388977,0.14471648633480072,2.6306276321411133,22.428131103515625,1259.5120687305186,2.6260096816974355e-05
14560,1.6682225465774536,2.5604183673858643,1.83306884765625,0.15130484104156494,3.547135353088379,22.618200302124023,1259.509173539142,2.6204347768672226e-05
14570,1.483188271522522,2.4382379055023193,1.4481277465820312,0.14018481969833374,2.501016855239868,22.60951805114746,1259.5062460223162,2.61486734611024e-05
14580,1.398763656616211,2.2254793643951416,1.5172960758209229,0.13933850824832916,1.8332034349441528,22.59920883178711,1259.5033427653586,2.6093074038770638e-05
14590,1.4222497940063477,2.2703967094421387,1.610812783241272,0.14883795380592346,2.202800750732422,22.871957778930664,1259.500548588686,2.6037549645988397e-05
14600,1.45779287815094,2.403775453567505,1.3936622142791748,0.11752936989068985,1.5323176383972168,22.96670913696289,1259.4976268768505,2.5982100426872337e-05
14610,1.497044324874878,2.4060986042022705,1.5516960620880127,0.13164173066616058,2.28450608253479,22.36879539489746,1259.4947221064215,2.5926726525344004e-05
14620,1.4901843070983887,2.33284068107605,1.547763466835022,0.16255809366703033,1.4120759963989258,22.67307472229004,1259.491951760645,2.587142808512948e-05
14630,1.4055157899856567,2.2867202758789062,1.5269465446472168,0.11150230467319489,2.160857677459717,23.145023345947266,1259.4890263846783,2.5816205249758997e-05
14640,1.4996293783187866,2.3375494480133057,1.628446340560913,0.14247258007526398,2.914168357849121,23.006298065185547,1259.4861322191996,2.57610581625665e-05
14650,1.3777905702590942,2.2220816612243652,1.4648014307022095,0.1321362555027008,2.2752251625061035,22.494712829589844,1259.4832158772479,2.5705986966689337e-05
14660,1.3461277484893799,2.1924896240234375,1.6095330715179443,0.119473896920681,3.1039369106292725,22.46467399597168,1259.4802212991688,2.565099180506792e-05
14670,1.5389398336410522,2.432663917541504,1.4150288105010986,0.1389036327600479,2.2659835815429688,22.925357818603516,1259.477321850296,2.5596072820445254e-05
14680,1.2916940450668335,2.162681818008423,1.1986792087554932,0.12661731243133545,2.0604920387268066,22.455930709838867,1259.4744434094873,2.554123015536668e-05
14690,1.352217435836792,2.22301983833313,1.3640222549438477,0.13650986552238464,1.396815299987793,22.491649627685547,1259.4714585214294,2.5486463952179385e-05
14700,1.5478419065475464,2.5617525577545166,1.216845989227295,0.15385009348392487,2.529141664505005,22.63348388671875,1259.468606454067,2.5431774353032123e-05
14710,1.3900326490402222,2.261878252029419,1.5443981885910034,0.14545929431915283,3.0534064769744873,22.322185516357422,1259.4657058340083,2.5377161499874845e-05
14720,1.4681386947631836,2.3837010860443115,1.2874656915664673,0.13643299043178558,2.966754198074341,22.432010650634766,1259.4628159033568,2.5322625534458246e-05
14730,1.3638238906860352,2.195965528488159,1.6432386636734009,0.1378181427717209,1.9602893590927124,22.72281837463379,1259.4598877977076,2.5268166598333503e-05
14740,1.422394037246704,2.2497918605804443,1.6686863899230957,0.12255088239908218,1.9592682123184204,22.560894012451172,1259.456771834307,2.5213784832851863e-05
14750,1.3745917081832886,2.19773268699646,1.5002813339233398,0.15478774905204773,1.8946770429611206,22.393957138061523,1259.4538952539115,2.515948037916423e-05
14760,1.4201304912567139,2.308805465698242,1.5475386381149292,0.12458910048007965,2.130483627319336,22.33743667602539,1259.4510944382457,2.510525337822085e-05
14770,1.5185883045196533,2.4506843090057373,1.7217381000518799,0.1176043376326561,2.1241800785064697,22.802165985107422,1259.4481307515748,2.5051103970770972e-05
14780,1.5515527725219727,2.400653123855591,1.7603321075439453,0.14886045455932617,3.418262243270874,22.7086238861084,1259.4452312754026,2.4997032297362404e-05
14790,1.5739332437515259,2.4982833862304688,1.642553687095642,0.1283312886953354,1.9196476936340332,22.448869705200195,1259.4421813999993,2.494303849834124e-05
14800,1.3766505718231201,2.179380416870117,1.6785887479782104,0.11866704374551773,2.1543655395507812,22.5788516998291,1259.4393020718448,2.4889122713851394e-05
14810,1.3462985754013062,2.2258689403533936,1.353323221206665,0.11585023254156113,2.7087738513946533,22.49099349975586,1259.436473232552,2.4835285083834305e-05
14820,1.5555431842803955,2.3870465755462646,1.7887699604034424,0.1542300283908844,1.857900857925415,22.867443084716797,1259.433572263745,2.478152574802858e-05
14830,1.4133615493774414,2.230759620666504,1.6181086301803589,0.13440397381782532,1.5313888788223267,22.664466857910156,1259.4307810220118,2.4727844845969603e-05
14840,1.4511771202087402,2.324678897857666,1.4682856798171997,0.13372966647148132,1.8347615003585815,22.653926849365234,1259.4279052062789,2.4674242516989144e-05
14850,1.486918568611145,2.408374071121216,1.4381827116012573,0.16935808956623077,3.7263314723968506,22.844818115234375,1259.425022030405,2.4620718900215082e-05
14860,1.4563716650009155,2.2998507022857666,1.6406899690628052,0.1720017045736313,3.010157585144043,23.33291244506836,1259.4221460755634,2.4567274134570957e-05
14870,1.4308003187179565,2.3010733127593994,1.5138306617736816,0.145996555685997,2.1823301315307617,22.806215286254883,1259.419181243262,2.4513908358775653e-05
14880,1.3877308368682861,2.2179391384124756,1.4558706283569336,0.13870112597942352,1.700650691986084,22.48601531982422,1259.4160997783656,2.4460621711343058e-05
14890,1.4376088380813599,2.337928295135498,1.5524318218231201,0.1248830035328865,1.5052822828292847,22.74864387512207,1259.413189000557,2.4407414330581622e-05
14900,1.5663352012634277,2.447031259536743,1.658305048942566,0.13595405220985413,2.4554336071014404,22.63117027282715,1259.410244678055,2.4354286354594124e-05
14910,1.4245470762252808,2.2748403549194336,1.6103546619415283,0.14024709165096283,1.9702856540679932,22.620227813720703,1259.4073447257933,2.430123792127722e-05
14920,1.409666895866394,2.3680412769317627,1.2621067762374878,0.11799032241106033,1.9607101678848267,22.819255828857422,1259.4043980225133,2.424826916832105e-05
14930,1.6027889251708984,2.5164122581481934,1.8083385229110718,0.14916764199733734,1.743407964706421,22.419017791748047,1259.4014116182173,2.4195380233209008e-05
14940,1.394047498703003,2.227588415145874,1.5832024812698364,0.13866594433784485,3.547943353652954,22.713621139526367,1259.3984438089392,2.414257125321732e-05
14950,1.5021240711212158,2.4022624492645264,1.672798991203308,0.1475183516740799,2.8607401847839355,22.707740783691406,1259.395539048029,2.4089842365414614e-05
14960,1.5019811391830444,2.405531644821167,1.6992154121398926,0.13485360145568848,1.6770188808441162,22.87541389465332,1259.3926649929442,2.403719370666172e-05
14970,1.408416748046875,2.323012351989746,1.3745076656341553,0.14209918677806854,1.4865933656692505,22.614376068115234,1259.3897306752415,2.398462541361117e-05
14980,1.4665727615356445,2.2733781337738037,1.625892162322998,0.13643108308315277,1.4323482513427734,22.77593231201172,1259.386759865514,2.393213762270691e-05
14990,1.4361286163330078,2.3186521530151367,1.4732842445373535,0.12478857487440109,2.1814143657684326,22.515676498413086,1259.3837677684596,2.387973047018397e-05
15000,1.3950002193450928,2.2622692584991455,1.4259843826293945,0.1156003326177597,2.185260534286499,22.760149002075195,1259.3807883279712,2.3827404092068032e-05
15010,1.4395700693130493,2.319859743118286,1.6124910116195679,0.15755556523799896,1.964296579360962,22.81070327758789,1259.3779154411977,2.377515862417516e-05
15020,1.4084537029266357,2.322216510772705,1.3871612548828125,0.13488563895225525,1.7972607612609863,22.69612693786621,1259.375140442327,2.3722994202111436e-05
15030,1.6046764850616455,2.521045684814453,1.828581690788269,0.1370353400707245,3.3030803203582764,22.784984588623047,1259.372289088503,2.3670910961272485e-05
15040,1.2775272130966187,2.198335647583008,1.3011153936386108,0.11138961464166641,1.8229632377624512,22.54845428466797,1259.3694631776834,2.3618909036843307e-05
15050,1.7056596279144287,2.631213665008545,1.6241354942321777,0.15718349814414978,1.8455513715744019,22.60249900817871,1259.3666326179166,2.3566988563797842e-05
15060,1.4490216970443726,2.3056750297546387,1.6157023906707764,0.13104787468910217,1.8004549741744995,22.828411102294922,1259.3636954322506,2.3515149676898555e-05
15070,1.3759031295776367,2.304013729095459,1.363958716392517,0.144439697265625,1.6137787103652954,23.06058692932129,1259.360760653586,2.3463392510696223e-05
15080,1.4023699760437012,2.3042032718658447,1.4086276292800903,0.1187235489487648,4.644522190093994,22.463001251220703,1259.3578610611314,2.3411717199529457e-05
15090,1.3236405849456787,2.1396806240081787,1.4511785507202148,0.15368694067001343,2.561244487762451,22.662813186645508,1259.3548203178173,2.336012387752441e-05
15100,1.4010852575302124,2.227220058441162,1.5959359407424927,0.13196730613708496,2.0370028018951416,22.897706985473633,1259.3518791416516,2.3308612678594488e-05
15110,1.410645604133606,2.2774901390075684,1.6524581909179688,0.15392138063907623,2.6536030769348145,22.822126388549805,1259.3490134847725,2.3257183736439865e-05
15120,1.3514206409454346,2.164090871810913,1.5383371114730835,0.15329310297966003,1.8692102432250977,23.065900802612305,1259.3460896834042,2.3205837184547265e-05
15130,1.3567321300506592,2.246281385421753,1.3647798299789429,0.13367938995361328,2.140216588973999,22.851675033569336,1259.3431940573305,2.3154573156189572e-05
15140,1.4834835529327393,2.350918769836426,1.5880125761032104,0.12966883182525635,1.5240510702133179,23.08522605895996,1259.3402547193061,2.3103391784425393e-05
15150,1.3981760740280151,2.2164928913116455,1.5601444244384766,0.13704444468021393,2.014846086502075,23.096471786499023,1259.3373504269252,2.3052293202098884e-05
15160,1.3066706657409668,2.214752674102783,1.304761290550232,0.12299169600009918,2.61785888671875,22.65441131591797,1259.3344548668626,2.3001277541839295e-05
15170,1.3091717958450317,2.060352325439453,1.640625,0.11467582732439041,1.715032696723938,22.94025993347168,1259.3316029217829,2.295034493606061e-05
15180,1.3437795639038086,2.2014498710632324,1.3522571325302124,0.14071501791477203,2.031554937362671,23.11397361755371,1259.32868702042,2.2899495516961297e-05
15190,1.4002145528793335,2.3255739212036133,1.3535118103027344,0.12428354471921921,2.1001133918762207,23.07347869873047,1259.325885269873,2.284872941652386e-05
15200,1.355068564414978,2.1608502864837646,1.5518817901611328,0.12614372372627258,2.291085958480835,22.747455596923828,1259.3229624961157,2.279804676651455e-05
15210,1.4103580713272095,2.350571870803833,1.3494980335235596,0.13721148669719696,2.0297436714172363,23.023176193237305,1259.3200289840877,2.2747447698483074e-05
15220,1.4616366624832153,2.3629863262176514,1.460593819618225,0.13983522355556488,1.9447096586227417,23.033958435058594,1259.3170428810265,2.2696932343762105e-05
15230,1.4218943119049072,2.3151137828826904,1.3585041761398315,0.14460411667823792,1.6989598274230957,22.787212371826172,1259.3141424361352,2.264650083346711e-05
15240,1.404765248298645,2.260723114013672,1.5551857948303223,0.1309930384159088,2.0924594402313232,22.714385986328125,1259.3111782638773,2.2596153298495925e-05
15250,1.5256832838058472,2.42502498626709,1.518086552619934,0.1292007565498352,2.2943191528320312,22.84366798400879,1259.308311880142,2.2545889869528354e-05
15260,1.4093469381332397,2.2893033027648926,1.4184348583221436,0.13971292972564697,1.1914799213409424,23.049205780029297,1259.3053885205143,2.249571067702597e-05
15270,1.4701250791549683,2.3645527362823486,1.4826154708862305,0.143374502658844,2.360481023788452,22.48885726928711,1259.3026064688393,2.2445615851231715e-05
15280,1.3699785470962524,2.186750650405884,1.5728497505187988,0.12427425384521484,2.122007131576538,22.608415603637695,1259.2996649584884,2.239560552216948e-05
15290,1.447508454322815,2.335573196411133,1.4962421655654907,0.11181195825338364,1.8022453784942627,22.788522720336914,1259.2966962967832,2.2345679819643918e-05
15300,1.371434211730957,2.1834352016448975,1.512378454208374,0.11381827294826508,1.3139817714691162,22.977684020996094,1259.2937647777421,2.2295838873239965e-05
15310,1.4058105945587158,2.261425495147705,1.6069868803024292,0.13647624850273132,2.0188584327697754,22.930219650268555,1259.2907455156978,2.22460828123226e-05
15320,1.474543809890747,2.3822431564331055,1.5763853788375854,0.1350916475057602,2.095043659210205,22.714704513549805,1259.2878274900631,2.219641176603649e-05
15330,1.300276517868042,2.166593551635742,1.391149878501892,0.13219194114208221,1.6432454586029053,23.430980682373047,1259.2848824300977,2.2146825863305603e-05
15340,1.3628100156784058,2.282665729522705,1.4385249614715576,0.13082149624824524,1.7068257331848145,23.109920501708984,1259.28185133312,2.2097325232832943e-05
15350,1.4429835081100464,2.309277296066284,1.388606309890747,0.16341157257556915,1.5506250858306885,22.831422805786133,1259.2789711670164,2.204791000310021e-05
15360,1.4552066326141357,2.326716899871826,1.5431091785430908,0.1305532604455948,1.8023897409439087,22.723756790161133,1259.2759210273969,2.199858030236734e-05
15370,1.4786396026611328,2.32731032371521,1.5635515451431274,0.15734967589378357,1.699718713760376,23.23476219177246,1259.2729816431324,2.194933625867238e-05
15380,1.4389160871505737,2.3077714443206787,1.5599998235702515,0.12693972885608673,2.0390005111694336,23.109289169311523,1259.270015562289,2.1900177999831024e-05
15390,1.5139456987380981,2.3418192863464355,1.7559983730316162,0.14626666903495789,1.496976375579834,22.9815616607666,1259.2672322510305,2.1851105653436258e-05
15400,1.4084898233413696,2.2608745098114014,1.5002646446228027,0.14705343544483185,2.1255671977996826,23.192541122436523,1259.2643792690665,2.1802119346858147e-05
15410,1.6075243949890137,2.466358184814453,1.7744946479797363,0.1571888029575348,1.9494200944900513,23.103551864624023,1259.2615522873782,2.1753219207243388e-05
15420,1.4260164499282837,2.2447004318237305,1.6236844062805176,0.1287759393453598,1.9628620147705078,23.392868041992188,1259.2586518948747,2.1704405361515012e-05
15430,1.3424996137619019,2.1302053928375244,1.5518097877502441,0.1293635070323944,1.4921207427978516,23.103862762451172,1259.2557304542865,2.1655677936372142e-05
15440,1.4862405061721802,2.2993364334106445,1.722933292388916,0.13690438866615295,1.803054690361023,22.576631546020508,1259.2527976528804,2.160703705828951e-05
15450,1.4302172660827637,2.3562450408935547,1.3981190919876099,0.14347097277641296,2.2611706256866455,23.019182205200195,1259.2499348138158,2.1558482853517257e-05
15460,1.4359397888183594,2.286231756210327,1.542707085609436,0.15325896441936493,2.0759005546569824,22.93202781677246,1259.2470451250038,2.1510015448080568e-05
15470,1.3393967151641846,2.094181537628174,1.789235234260559,0.12226397544145584,2.1271350383758545,22.98351287841797,1259.244102526777,2.1461634967779294e-05
15480,1.547666311264038,2.511643886566162,1.3321605920791626,0.14231723546981812,1.7005997896194458,22.793914794921875,1259.241106441106,2.1413341538187675e-05
15490,1.4666656255722046,2.3368725776672363,1.601591944694519,0.14709554612636566,2.0820891857147217,22.838199615478516,1259.2381498134491,2.1365135284654057e-05
15500,1.3845621347427368,2.2277770042419434,1.5490117073059082,0.11895193159580231,1.9249285459518433,22.625831604003906,1259.2351342434965,2.1317016332300447e-05
15510,1.5335770845413208,2.4641225337982178,1.5833877325057983,0.14836418628692627,2.6980910301208496,22.827348709106445,1259.2322792009145,2.1268984806022314e-05
15520,1.5770500898361206,2.5137624740600586,1.4720932245254517,0.13957981765270233,1.9459724426269531,22.721467971801758,1259.2292818951871,2.1221040830488163e-05
15530,1.3247499465942383,2.167412757873535,1.4476385116577148,0.11995644122362137,1.738883137702942,23.133085250854492,1259.22638873698,2.1173184530139262e-05
15540,1.325793743133545,2.1411869525909424,1.479132056236267,0.13350293040275574,1.6498311758041382,22.831634521484375,1259.2235791894125,2.1125416029189345e-05
15550,1.4495823383331299,2.33095383644104,1.5870712995529175,0.1319330930709839,1.570541262626648,23.172264099121094,1259.2207463197462,2.107773545162424e-05
15560,1.3633782863616943,2.3310396671295166,1.3227925300598145,0.11825282871723175,2.1163642406463623,22.440242767333984,1259.217824165977,2.1030142921201556e-05
15570,1.4889857769012451,2.3641021251678467,1.516257405281067,0.13404062390327454,1.8704051971435547,22.78641128540039,1259.214961401616,2.098263856145039e-05
15580,1.4101380109786987,2.368929862976074,1.3536376953125,0.14549106359481812,2.2093896865844727,23.141857147216797,1259.2120297268207,2.093522249567097e-05
15590,1.3650295734405518,2.2461142539978027,1.5457686185836792,0.11044468730688095,1.7828314304351807,22.867033004760742,1259.2091107198908,2.0887894846934333e-05
15600,1.5052025318145752,2.351146936416626,1.7930176258087158,0.12915170192718506,2.1850788593292236,23.392343521118164,1259.2064028766858,2.0840655738082086e-05
15610,1.3733607530593872,2.210214614868164,1.4930715560913086,0.13665145635604858,1.7398544549942017,23.00723648071289,1259.2040886664913,2.079350529172596e-05
15620,1.5898371934890747,2.538400650024414,1.6311615705490112,0.1608947515487671,2.9358127117156982,23.193828582763672,1259.201736575805,2.0746443630247603e-05
15630,1.4654687643051147,2.308732748031616,1.6247830390930176,0.13928821682929993,2.230600118637085,23.13881492614746,1259.1992970315855,2.06994708757982e-05
15640,1.3658922910690308,2.2302331924438477,1.4985140562057495,0.11735901236534119,3.099479913711548,22.695680618286133,1259.1970569490743,2.0652587150298157e-05
15650,1.4693044424057007,2.3080573081970215,1.5729272365570068,0.14931385219097137,2.418989896774292,22.78925895690918,1259.1946658701393,2.0605792575436823e-05
15660,1.3989231586456299,2.158904790878296,1.7793428897857666,0.13639040291309357,1.7998608350753784,22.847976684570312,1259.1924479901327,2.0559087272672163e-05
15670,1.616850733757019,2.55013108253479,1.5594873428344727,0.14220358431339264,1.7939770221710205,23.003324508666992,1259.190184194693,2.0512471363230396e-05
15680,1.5110290050506592,2.365544080734253,1.7867319583892822,0.13304375112056732,1.648034691810608,22.719823837280273,1259.1878126824665,2.0465944968105723e-05
15690,1.444509506225586,2.320162534713745,1.6862961053848267,0.1303343027830124,2.4477150440216064,23.043338775634766,1259.185478742156,2.041950820806004e-05
15700,1.3781110048294067,2.227959632873535,1.4890773296356201,0.12906919419765472,1.5176366567611694,22.844423294067383,1259.1832048779,2.0373161203622533e-05
15710,1.3672186136245728,2.264043092727661,1.4102563858032227,0.14246398210525513,1.9840383529663086,23.216941833496094,1259.1808262587356,2.0326904075089492e-05
15720,1.2803740501403809,1.9851491451263428,1.7559691667556763,0.11294536292552948,1.5141849517822266,22.801542282104492,1259.1785805753195,2.0280736942523856e-05
15730,1.4832355976104736,2.325976848602295,1.6455482244491577,0.13123810291290283,2.5148849487304688,22.848434448242188,1259.1762273333193,2.0234659925755043e-05
15740,1.373174786567688,2.2361702919006348,1.5792961120605469,0.13036134839057922,1.8510349988937378,22.89960289001465,1259.1739448138644,2.0188673144378522e-05
15750,1.341717004776001,2.1709094047546387,1.4405523538589478,0.12874735891819,1.8225313425064087,22.87141990661621,1259.1715281839963,2.014277671775555e-05
15760,1.3972464799880981,2.194223403930664,1.6720999479293823,0.11863879859447479,2.073720693588257,23.20561981201172,1259.1692672361369,2.0096970765012896e-05
15770,1.4062824249267578,2.307474136352539,1.5636951923370361,0.13822732865810394,1.808266043663025,22.811307907104492,1259.1669754858701,2.005125540504249e-05
15780,1.3587253093719482,2.237586498260498,1.389455795288086,0.14210475981235504,1.787725567817688,22.64630699157715,1259.1647012072062,2.000563075650111e-05
15790,1.3846850395202637,2.1790544986724854,1.6611381769180298,0.1317490041255951,2.105029344558716,23.16206169128418,1259.1623670394918,1.996009693781008e-05
15800,1.500728726387024,2.450533866882324,1.5469005107879639,0.11887121945619583,2.191316604614258,22.645353317260742,1259.1599838805037,1.9914654067154996e-05
15810,1.3740575313568115,2.2185769081115723,1.5734113454818726,0.11701563000679016,2.6412792205810547,22.792755126953125,1259.1576998246037,1.9869302262485378e-05
15820,1.4014946222305298,2.3307125568389893,1.246666669845581,0.15426431596279144,2.0547330379486084,23.11686897277832,1259.1554948619564,1.982404164151439e-05
15830,1.3270373344421387,2.1455888748168945,1.5903927087783813,0.1168566569685936,2.1064980030059814,23.114376068115234,1259.153087746064,1.977887232171849e-05
15840,1.3658519983291626,2.2738094329833984,1.514066219329834,0.13925519585609436,2.212498188018799,22.9382266998291,1259.1506863587852,1.9733794420337214e-05
15850,1.3902102708816528,2.311744213104248,1.4870470762252808,0.11905616521835327,1.5739103555679321,23.29665756225586,1259.1483071720386,1.9688808054372775e-05
15860,1.458109736442566,2.357872247695923,1.5412224531173706,0.12072329223155975,2.1088807582855225,23.396703720092773,1259.145962619474,1.96439133405898e-05
15870,1.4261761903762817,2.2366886138916016,1.6292147636413574,0.1427314430475235,1.8725959062576294,22.99374771118164,1259.1436138568745,1.9599110395515042e-05
15880,1.3355358839035034,2.2071523666381836,1.5149985551834106,0.12564373016357422,1.8739601373672485,23.11301612854004,1259.1414493280686,1.9554399335437086e-05
15890,1.520390272140503,2.406339645385742,1.4743695259094238,0.1425776481628418,1.659296989440918,22.897592544555664,1259.1391667795986,1.950978027640598e-05
15900,1.387938380241394,2.232516288757324,1.4128100872039795,0.1406506448984146,1.8209728002548218,23.106081008911133,1259.1367850182828,1.946525333423298e-05
15910,1.4160982370376587,2.1904544830322266,1.7810152769088745,0.12356729805469513,1.642208218574524,22.714271545410156,1259.134610582175,1.94208186244903e-05
15920,1.4016000032424927,2.3051512241363525,1.348107933998108,0.1095530092716217,1.8659337759017944,23.45792579650879,1259.1323537272876,1.9376476262510697e-05
15930,1.4591195583343506,2.215101957321167,1.73941171169281,0.1583830714225769,1.4217880964279175,22.820402145385742,1259.1299211522169,1.9332226363387277e-05
15940,1.4524872303009033,2.2815186977386475,1.7105730772018433,0.14317885041236877,2.6622486114501953,22.959434509277344,1259.127583747583,1.9288069041973123e-05
15950,1.442564606666565,2.3234317302703857,1.4828218221664429,0.12618882954120636,3.2049620151519775,22.938030242919922,1259.1252122357187,1.924400441288107e-05
15960,1.4389472007751465,2.2723846435546875,1.6092216968536377,0.13523413240909576,1.5517719984054565,23.037416458129883,1259.1228305159611,1.9200032590483307e-05
15970,1.4517725706100464,2.349306106567383,1.5975701808929443,0.12902337312698364,1.6755775213241577,22.890356063842773,1259.1203842701664,1.9156153688911177e-05
15980,1.4128801822662354,2.213189125061035,1.6833922863006592,0.1338556557893753,1.5626345872879028,23.313474655151367,1259.1180493868317,1.9112367822054826e-05
15990,1.4357690811157227,2.2991859912872314,1.5173100233078003,0.13234905898571014,2.293321371078491,23.408674240112305,1259.1157140303744,1.906867510356296e-05
16000,1.4177320003509521,2.2668237686157227,1.4224103689193726,0.15829622745513916,1.6137924194335938,22.644777297973633,1259.1133998066182,1.902507564684246e-05
16010,1.4101964235305786,2.27262282371521,1.5201512575149536,0.12925150990486145,1.5752381086349487,22.929821014404297,1259.1110735003904,1.8981569565058152e-05
16020,1.429824948310852,2.3145358562469482,1.6575158834457397,0.13036035001277924,2.1399946212768555,22.910602569580078,1259.1086329016468,1.8938156971132545e-05
16030,1.2913528680801392,2.1430752277374268,1.296244502067566,0.11474446952342987,1.474652647972107,23.058629989624023,1259.1061814204672,1.8894837977745434e-05
16040,1.3822859525680542,2.2890419960021973,1.3462425470352173,0.11141456663608551,1.7378498315811157,23.153606414794922,1259.1037115793504,1.8851612697333725e-05
16050,1.3535429239273071,2.2103374004364014,1.3825067281723022,0.14110101759433746,1.411914348602295,22.9478759765625,1259.1014009465687,1.880848124209104e-05
16060,1.4159270524978638,2.2946460247039795,1.4610365629196167,0.1553184986114502,1.949061393737793,22.960100173950195,1259.098894696548,1.8765443723967513e-05
16070,1.4943829774856567,2.306755781173706,1.7926043272018433,0.137420654296875,1.5754563808441162,23.62870216369629,1259.0965813727487,1.8722500254669416e-05
16080,1.378182053565979,2.165114402770996,1.677129864692688,0.11981724947690964,3.120311975479126,22.903005599975586,1259.0942100375837,1.8679650945658956e-05
16090,1.3376342058181763,2.1886746883392334,1.4098871946334839,0.15416334569454193,2.5589358806610107,23.091279983520508,1259.09175219084,1.8636895908153897e-05
16100,1.4184985160827637,2.196300745010376,1.7612229585647583,0.12107901275157928,1.7641329765319824,23.209592819213867,1259.0892903963033,1.8594235253127375e-05
16110,1.40634024143219,2.2211201190948486,1.6106525659561157,0.1336962729692459,2.0082356929779053,23.231332778930664,1259.0869800525566,1.855166909130748e-05
16120,1.4274710416793823,2.3523576259613037,1.0983966588974,0.14408770203590393,1.4765124320983887,23.06474494934082,1259.0846332307153,1.8509197533177087e-05
16130,1.4277114868164062,2.274190902709961,1.5585767030715942,0.11864111572504044,1.4915720224380493,23.23434066772461,1259.0823177092432,1.8466820688973525e-05
16140,1.327526330947876,2.1249916553497314,1.5692559480667114,0.11909932643175125,1.6431089639663696,22.718460083007812,1259.0799194602366,1.8424538668688243e-05
16150,1.4522829055786133,2.3321964740753174,1.5055418014526367,0.1569562405347824,2.4150402545928955,23.05424690246582,1259.0776188696095,1.8382351582066616e-05
16160,1.4145628213882446,2.206968069076538,1.6847401857376099,0.13955235481262207,2.3697664737701416,23.163082122802734,1259.0753720043417,1.8340259538607623e-05
16170,1.5025184154510498,2.398918867111206,1.6282495260238647,0.1269703358411789,1.7587652206420898,23.017681121826172,1259.0730474848488,1.8298262647563475e-05
16180,1.3569093942642212,2.166196584701538,1.4102586507797241,0.1377408653497696,1.4341639280319214,23.113616943359375,1259.0706554643848,1.8256361017939484e-05
16190,1.5246485471725464,2.4680042266845703,1.4535702466964722,0.16305871307849884,2.7338802814483643,22.676191329956055,1259.0682768405497,1.82145547584937e-05
16200,1.5198012590408325,2.4107260704040527,1.6493405103683472,0.14545950293540955,2.2454640865325928,23.456401824951172,1259.0659154683574,1.8172843977736583e-05
16210,1.4017081260681152,2.23264479637146,1.4226465225219727,0.13393646478652954,1.8985687494277954,23.139911651611328,1259.0636433602483,1.8131228783930843e-05
16220,1.2449475526809692,1.9908883571624756,1.487021565437317,0.12394832074642181,2.0419962406158447,23.033645629882812,1259.0613307093972,1.8089709285091028e-05
16230,1.4512622356414795,2.3021793365478516,1.5416396856307983,0.1439967304468155,1.742992639541626,22.91755485534668,1259.0590891252264,1.804828558898332e-05
16240,1.3808075189590454,2.2520945072174072,1.4841268062591553,0.09655572474002838,1.74921715259552,23.23017120361328,1259.0568648516432,1.8006957803125278e-05
16250,1.2073032855987549,1.9994932413101196,1.4174562692642212,0.11582495272159576,2.2130961418151855,22.718616485595703,1259.0545558510632,1.7965726034785466e-05
16260,1.3745139837265015,2.182183027267456,1.5064541101455688,0.14362794160842896,1.6686078310012817,23.098573684692383,1259.0522023263088,1.7924590390983263e-05
16270,1.4520972967147827,2.301588535308838,1.4396384954452515,0.13349108397960663,1.5303902626037598,23.174314498901367,1259.049801368869,1.788355097848856e-05
16280,1.4647620916366577,2.367776393890381,1.5659384727478027,0.13720643520355225,2.0493218898773193,23.198999404907227,1259.047359951979,1.7842607903821417e-05
16290,1.4917672872543335,2.4104502201080322,1.54746675491333,0.13655038177967072,1.8281168937683105,23.13242530822754,1259.044977731659,1.780176127325191e-05
16300,1.4603474140167236,2.3191182613372803,1.5652137994766235,0.13698020577430725,1.9423747062683105,23.28276824951172,1259.042683508372,1.7761011192799764e-05
16310,1.3488783836364746,2.206695079803467,1.2563282251358032,0.13655444979667664,1.3260282278060913,23.151582717895508,1259.0403580309546,1.7720357768234085e-05
16320,1.3792463541030884,2.2354233264923096,1.5162708759307861,0.12661737203598022,2.2321226596832275,22.918380737304688,1259.0380606203046,1.7679801105073142e-05
16330,1.5290815830230713,2.3675601482391357,1.6113682985305786,0.14578358829021454,1.6901289224624634,23.000295639038086,1259.0357071446788,1.7639341308584018e-05
16340,1.2844985723495483,2.127838373184204,1.3438076972961426,0.12131159007549286,2.8685555458068848,23.073959350585938,1259.0333350213632,1.7598978483782375e-05
16350,1.364518165588379,2.206117868423462,1.524834156036377,0.12872037291526794,2.4482600688934326,22.95342254638672,1259.030965990414,1.7558712735432214e-05
16360,1.4769316911697388,2.310840368270874,1.6116045713424683,0.13119705021381378,2.3958535194396973,23.277027130126953,1259.028617673886,1.7518544168045525e-05
16370,1.4556450843811035,2.3464877605438232,1.4892255067825317,0.15290120244026184,1.9458062648773193,23.069673538208008,1259.026242296123,1.747847288588209e-05
16380,1.446579933166504,2.2952723503112793,1.6108596324920654,0.14061924815177917,2.4566683769226074,23.291122436523438,1259.023955948516,1.7438498992949192e-05
16390,1.416846513748169,2.2616827487945557,1.5674211978912354,0.12829744815826416,1.7188135385513306,23.445392608642578,1259.021644600443,1.7398622593001278e-05
16400,1.499682903289795,2.428185224533081,1.600141167640686,0.13745079934597015,2.6719980239868164,22.943058013916016,1259.0192357347428,1.7358843789539798e-05
16410,1.5110986232757568,2.3746116161346436,1.5578584671020508,0.13035987317562103,2.339974880218506,23.232675552368164,1259.016872429873,1.7319162685812878e-05
16420,1.3287255764007568,2.1350085735321045,1.461525321006775,0.14815185964107513,1.6075286865234375,23.016489028930664,1259.0144928229831,1.7279579384815043e-05
16430,1.4090543985366821,2.2523434162139893,1.5959362983703613,0.1303180605173111,1.8369358777999878,23.15966033935547,1259.0121266645544,1.724009398928698e-05
16440,1.454460859298706,2.253660202026367,1.7248494625091553,0.12457967549562454,1.9442121982574463,23.22612762451172,1259.0097370251551,1.7200706601715247e-05
16450,1.3665008544921875,2.2350356578826904,1.3904407024383545,0.14590336382389069,1.627481460571289,22.746492385864258,1259.0074318734166,1.7161417324332007e-05
16460,1.3437727689743042,2.196794033050537,1.3930085897445679,0.1256866306066513,2.2026968002319336,23.16286277770996,1259.0050000243943,1.712222625911481e-05
16470,1.365506887435913,2.232390880584717,1.449047565460205,0.11619061231613159,1.4620542526245117,23.344337463378906,1259.0025604006498,1.7083133507786243e-05
16480,1.3498809337615967,2.20185923576355,1.4913077354431152,0.1331862509250641,1.3891994953155518,23.044536590576172,1259.0001327666862,1.704413917181375e-05
16490,1.3982683420181274,2.2343573570251465,1.537179946899414,0.12248676270246506,1.6570274829864502,23.234485626220703,1258.9977842161406,1.7005243352409334e-05
16500,1.4213100671768188,2.314195156097412,1.3939361572265625,0.13732440769672394,1.6597399711608887,23.507610321044922,1258.9954149748874,1.6966446150529244e-05
16510,1.5712296962738037,2.4604780673980713,1.6043140888214111,0.14524690806865692,1.7583253383636475,23.504549026489258,1258.9931741515525,1.6927747666873812e-05
16520,1.368409276008606,2.1792168617248535,1.4337645769119263,0.12219598889350891,2.1394896507263184,23.332693099975586,1258.9908698500992,1.688914800188714e-05
16530,1.4646438360214233,2.3207290172576904,1.6415975093841553,0.12960027158260345,2.805438280105591,22.958410263061523,1258.9885568802931,1.68506472557568e-05
16540,1.4218494892120361,2.245474100112915,1.5400903224945068,0.13579963147640228,2.039536714553833,23.26856231689453,1258.986204850536,1.6812245528413665e-05
16550,1.4096720218658447,2.266935110092163,1.4332834482192993,0.1364077776670456,2.0429999828338623,23.694116592407227,1258.9837373097469,1.677394291953156e-05
16560,1.429304599761963,2.296849489212036,1.5987136363983154,0.13918481767177582,1.6700466871261597,23.07722282409668,1258.981390726877,1.6735739528527054e-05
16570,1.3899757862091064,2.242157459259033,1.4165974855422974,0.13199599087238312,2.3776466846466064,22.998388290405273,1258.9791271606134,1.669763545455921e-05
16580,1.4168671369552612,2.3336808681488037,1.4358752965927124,0.13926860690116882,1.6466724872589111,23.09482192993164,1258.9766267978648,1.6659630796529273e-05
16590,1.4534072875976562,2.2547950744628906,1.8537949323654175,0.13083890080451965,1.9902294874191284,23.140369415283203,1258.9743204028573,1.6621725653080473e-05
16600,1.3697404861450195,2.220710039138794,1.4449074268341064,0.13613297045230865,1.791228175163269,23.17008399963379,1258.9720004796436,1.6583920122597764e-05
16610,1.4348565340042114,2.313276529312134,1.5586328506469727,0.1308959275484085,2.829193115234375,23.424732208251953,1258.9696643956702,1.6546214303207474e-05
16620,1.3465946912765503,2.2308218479156494,1.376010537147522,0.12625285983085632,1.729434847831726,22.917619705200195,1258.9672920593657,1.6508608292777204e-05
16630,1.3707337379455566,2.2399492263793945,1.3898974657058716,0.12522871792316437,1.5775563716888428,23.210208892822266,1258.9648341709208,1.647110218891547e-05
16640,1.4663065671920776,2.388638496398926,1.317029595375061,0.13728921115398407,3.2944602966308594,23.334131240844727,1258.9624670235637,1.643369608897145e-05
16650,1.4310970306396484,2.3007664680480957,1.4111517667770386,0.1677050143480301,1.8339555263519287,23.18578338623047,1258.9601334090169,1.639639009003481e-05
16660,1.2954574823379517,2.142838954925537,1.3758049011230469,0.1068054810166359,1.4407157897949219,23.603044509887695,1258.9577836679573,1.6359184288935336e-05
16670,1.3330894708633423,2.236435651779175,1.12050199508667,0.11896713823080063,1.7149001359939575,23.248626708984375,1258.9554755559411,1.632207878224277e-05
16680,1.463903546333313,2.406691074371338,1.2325767278671265,0.14792747795581818,2.309272050857544,23.33784294128418,1258.953066774702,1.6285073666266552e-05
16690,1.285325527191162,2.0868661403656006,1.538461685180664,0.12829363346099854,1.566977858543396,22.99392318725586,1258.9507382604315,1.6248169037055553e-05
16700,1.38454008102417,2.216357946395874,1.645477056503296,0.12362302839756012,2.6024117469787598,23.070484161376953,1258.9483538230515,1.6211364990397783e-05
16710,1.4459850788116455,2.3225693702697754,1.45109224319458,0.13229048252105713,2.2692575454711914,23.56576919555664,1258.9461015680927,1.6174661621820232e-05
16720,1.3916690349578857,2.264486312866211,1.4655460119247437,0.1400451958179474,1.848770260810852,23.63692855834961,1258.9437794751072,1.6138059026588542e-05
16730,1.4618693590164185,2.3446671962738037,1.642684817314148,0.12402578443288803,1.5771840810775757,23.395065307617188,1258.9413922219878,1.61015572997068e-05
16740,1.4149141311645508,2.3293793201446533,1.3938629627227783,0.09915885329246521,2.3739333152770996,23.65443229675293,1258.9391135046465,1.6065156535917305e-05
16750,1.4473028182983398,2.2457754611968994,1.7530288696289062,0.14979690313339233,2.9745564460754395,23.29140853881836,1258.9367660841813,1.602885682970026e-05
16760,1.3987195491790771,2.2056846618652344,1.6313176155090332,0.1389407068490982,2.0387589931488037,23.371816635131836,1258.934398932861,1.599265827527362e-05
16770,1.5629112720489502,2.3781139850616455,1.7545006275177002,0.15128086507320404,1.9856890439987183,23.30445671081543,1258.9321092975847,1.5956560966592742e-05
16780,1.4899907112121582,2.4057295322418213,1.4068964719772339,0.1355302780866623,2.1463682651519775,23.4261417388916,1258.9297250725483,1.5920564997350226e-05
16790,1.426741123199463,2.259831190109253,1.596623420715332,0.12179778516292572,1.2740402221679688,23.309354782104492,1258.9273552971092,1.5884670460975623e-05
16800,1.3942829370498657,2.184286594390869,1.6251869201660156,0.13543932139873505,1.4993703365325928,23.699993133544922,1258.9250879365768,1.5848877450635237e-05
16810,1.3511306047439575,2.181978702545166,1.6400202512741089,0.12580463290214539,1.4846315383911133,23.17023277282715,1258.9227407048352,1.5813186059231816e-05
16820,1.4829217195510864,2.3501484394073486,1.5799669027328491,0.15542051196098328,2.625544786453247,23.392942428588867,1258.9203421695331,1.577759637940439e-05
16830,1.4363548755645752,2.367004871368408,1.3839051723480225,0.12388154864311218,2.8013546466827393,22.983102798461914,1258.9179103519207,1.5742108503527956e-05
16840,1.419095516204834,2.223754405975342,1.7195689678192139,0.11605655401945114,1.960668683052063,23.182374954223633,1258.915577477328,1.5706722523713285e-05
16850,1.5375207662582397,2.3829619884490967,1.7567068338394165,0.12040673941373825,1.6796035766601562,23.457796096801758,1258.913141521135,1.5671438531806696e-05
16860,1.2803128957748413,2.145179033279419,1.3747752904891968,0.11280117183923721,1.889076590538025,23.180574417114258,1258.910899773575,1.5636256619389747e-05
16870,1.3532047271728516,2.2507131099700928,1.362959384918213,0.13647416234016418,1.512279987335205,23.08238410949707,1258.9086248448543,1.5601176877779088e-05
16880,1.369693636894226,2.167719841003418,1.6433818340301514,0.13826648890972137,2.326788902282715,23.30526351928711,1258.9062640125799,1.5566199398026146e-05
16890,1.386800765991211,2.180849552154541,1.6320749521255493,0.13067108392715454,1.7501674890518188,23.40703582763672,1258.9039747750132,1.553132427091693e-05
16900,1.4575390815734863,2.3221702575683594,1.6569321155548096,0.12255339324474335,1.384848713874817,22.988359451293945,1258.901603966234,1.5496551586971795e-05
16910,1.4809037446975708,2.3759543895721436,1.5822722911834717,0.12041743844747543,2.259650945663452,23.125988006591797,1258.8992092217707,1.54618814364452e-05
16920,1.4506556987762451,2.3680989742279053,1.3722825050354004,0.14044277369976044,3.0862789154052734,23.430936813354492,1258.8967889943472,1.5427313909325467e-05
16930,1.3932281732559204,2.2905170917510986,1.3132292032241821,0.14601242542266846,1.9350388050079346,23.45574188232422,1258.8944424838883,1.539284909533455e-05
16940,1.3138576745986938,2.1145362854003906,1.594298005104065,0.11979091912508011,1.9991949796676636,22.913679122924805,1258.8920514738722,1.5358487083927816e-05
16950,1.445536494255066,2.342664957046509,1.5267350673675537,0.11886341869831085,2.7382099628448486,23.35938262939453,1258.8897320344086,1.5324227964293775e-05
16960,1.4789377450942993,2.3081400394439697,1.651713252067566,0.15240181982517242,2.3281290531158447,22.978578567504883,1258.887347809686,1.529007182535392e-05
16970,1.4072461128234863,2.2850587368011475,1.4967992305755615,0.14463062584400177,2.722400188446045,23.406517028808594,1258.8850983746904,1.5256018755762411e-05
16980,1.4636704921722412,2.2919223308563232,1.6304876804351807,0.15387123823165894,3.538898468017578,23.74062728881836,1258.8827934024414,1.5222068843905915e-05
16990,1.3254687786102295,2.099193811416626,1.7109931707382202,0.10498756915330887,1.7281336784362793,23.306148529052734,1258.8805101472803,1.5188222177903328e-05
17000,1.3800578117370605,2.2418506145477295,1.4190956354141235,0.1380041241645813,2.0776431560516357,23.46396255493164,1258.878116681436,1.515447884560556e-05
17010,1.353086233139038,2.243032455444336,1.302314043045044,0.12631720304489136,2.5061378479003906,23.037755966186523,1258.8757060430755,1.5120838934595339e-05
17020,1.5471493005752563,2.338498830795288,1.9265830516815186,0.1124679371714592,1.3342134952545166,23.257692337036133,1258.8732210950448,1.5087302532186948e-05
17030,1.4089689254760742,2.2512733936309814,1.5316089391708374,0.14017002284526825,2.2895889282226562,23.346311569213867,1258.8708506410487,1.5053869725425989e-05
17040,1.4434036016464233,2.245089530944824,1.624703049659729,0.140017569065094,1.789700984954834,22.93843650817871,1258.8685172044184,1.50205406010892e-05
17050,1.463541030883789,2.3477532863616943,1.4972445964813232,0.13656675815582275,1.6489872932434082,23.245216369628906,1258.8662346231167,1.4987315245684197e-05
17060,1.3310734033584595,2.180436372756958,1.4428601264953613,0.1191805750131607,1.9884811639785767,23.862993240356445,1258.8638487709404,1.495419374544923e-05
17070,1.3228651285171509,2.1087334156036377,1.511462688446045,0.1331849992275238,2.133599042892456,23.49107551574707,1258.8614632879908,1.4921176186353047e-05
17080,1.4782323837280273,2.399761438369751,1.6688494682312012,0.14624597132205963,2.927518129348755,23.69244384765625,1258.8593490072838,1.4888262654094553e-05
17090,1.3743504285812378,2.2171945571899414,1.6074143648147583,0.11591813713312149,1.7950109243392944,23.683731079101562,1258.8579344600307,1.4855453234102681e-05
17100,1.4305557012557983,2.2544021606445312,1.6761287450790405,0.14112654328346252,1.9922813177108765,23.327787399291992,1258.8564285156765,1.4822748011536122e-05
17110,1.4159765243530273,2.300706624984741,1.3872894048690796,0.1617897003889084,1.82525634765625,23.38581085205078,1258.8549880193539,1.4790147071283109e-05
17120,1.3696850538253784,2.240408182144165,1.3731390237808228,0.11924941092729568,1.7023952007293701,23.409814834594727,1258.8536097053582,1.4757650497961218e-05
17130,1.3408055305480957,2.225410223007202,1.197664737701416,0.1248142197728157,1.784842848777771,23.29600715637207,1258.8522848734153,1.4725258375917137e-05
17140,1.4398168325424194,2.348299026489258,1.3814313411712646,0.13311521708965302,1.7522306442260742,23.35988426208496,1258.850926348222,1.469297078922642e-05
17150,1.3836673498153687,2.229367256164551,1.4715157747268677,0.15262891352176666,1.9374768733978271,23.479557037353516,1258.8496550926436,1.4660787821693331e-05
17160,1.271291971206665,2.0553226470947266,1.4653103351593018,0.1293707937002182,1.309526801109314,23.577749252319336,1258.8481458399522,1.4628709556850565e-05
17170,1.554791808128357,2.4807538986206055,1.4598153829574585,0.1634889543056488,2.0905535221099854,23.08108139038086,1258.846869231523,1.4596736077959044e-05
17180,1.3450089693069458,2.1458537578582764,1.4750428199768066,0.11475510895252228,2.053942918777466,23.366695404052734,1258.845428247149,1.4564867468007751e-05
17190,1.3507417440414429,2.076491117477417,1.7880854606628418,0.12907423079013824,1.5784662961959839,23.222238540649414,1258.8440209449727,1.4533103809713427e-05
17200,1.3085657358169556,2.142699718475342,1.3967643976211548,0.1188182458281517,2.0850088596343994,23.623111724853516,1258.8426479519562,1.4501445185520459e-05
17210,1.3787562847137451,2.16098952293396,1.6929978132247925,0.1284952461719513,1.5796608924865723,23.266660690307617,1258.8412491997371,1.4469891677600564e-05
17220,1.3242275714874268,2.147273302078247,1.4403469562530518,0.13745911419391632,2.4063267707824707,23.429424285888672,1258.8398773226202,1.4438443367852645e-05
17230,1.4877300262451172,2.344961166381836,1.6457443237304688,0.1584746390581131,2.1357104778289795,23.52474021911621,1258.8384350121235,1.4407100337902557e-05
17240,1.3948793411254883,2.3202662467956543,1.3106095790863037,0.12349706888198853,1.5592122077941895,23.06817626953125,1258.837035245358,1.4375862669102903e-05
17250,1.408101201057434,2.1896913051605225,1.6639602184295654,0.13467839360237122,1.7822566032409668,23.321727752685547,1258.8355701589946,1.4344730442532806e-05
17260,1.4293030500411987,2.286139965057373,1.5821973085403442,0.1392544060945511,2.101881742477417,23.278362274169922,1258.8342300712136,1.4313703738997691e-05
17270,1.3757857084274292,2.1929187774658203,1.5717581510543823,0.13039837777614594,1.4470289945602417,23.512042999267578,1258.8328157789842,1.428278263902913e-05
17280,1.4169820547103882,2.2203938961029053,1.5493429899215698,0.1357571929693222,1.676794171333313,23.24290657043457,1258.8314681711897,1.4251967222884551e-05
17290,1.3084025382995605,2.0594425201416016,1.5812333822250366,0.14908084273338318,2.690593719482422,23.297170639038086,1258.8300905361598,1.4221257570547117e-05
17300,1.4616522789001465,2.3139116764068604,1.5656570196151733,0.14206446707248688,1.9024745225906372,23.14309310913086,1258.8286597107615,1.4190653761725458e-05
17310,1.4169611930847168,2.2529406547546387,1.5881164073944092,0.13939858973026276,1.4841617345809937,23.03571891784668,1258.8273160341275,1.4160155875853464e-05
17320,1.3483729362487793,2.1760876178741455,1.500475287437439,0.12456554919481277,1.291232705116272,23.464218139648438,1258.8258373853478,1.412976399209011e-05
17330,1.423712134361267,2.2838797569274902,1.604820728302002,0.12254215776920319,1.7605762481689453,23.205833435058594,1258.8243896591646,1.4099478189319254e-05
17340,1.397132158279419,2.222052574157715,1.526960849761963,0.14233088493347168,1.6324303150177002,23.361101150512695,1258.8230216405939,1.4069298546149374e-05
17350,1.4284828901290894,2.310258626937866,1.4142990112304688,0.1481369435787201,1.9487918615341187,23.5994873046875,1258.821728772552,1.4039225140913446e-05
17360,1.4487870931625366,2.3110156059265137,1.7263505458831787,0.12231060862541199,3.404794692993164,23.316282272338867,1258.8203063583699,1.4009258051668681e-05
17370,1.495347261428833,2.4008750915527344,1.518435001373291,0.13651356101036072,2.861098051071167,23.22339630126953,1258.8188553989296,1.3979397356196328e-05
17380,1.4149965047836304,2.3496623039245605,1.0884909629821777,0.12078776210546494,3.412994146347046,23.371763229370117,1258.817334496299,1.3949643132001512e-05
17390,1.2817736864089966,2.072763204574585,1.5114136934280396,0.13138456642627716,1.841111421585083,23.4036808013916,1258.8159921626811,1.3919995456312986e-05
17400,1.5688409805297852,2.4933276176452637,1.50433349609375,0.1348731368780136,1.9712337255477905,23.75562858581543,1258.8146364538857,1.389045440608296e-05
17410,1.4135010242462158,2.2981250286102295,1.5204216241836548,0.1241263747215271,1.8935099840164185,23.8420467376709,1258.8131625023343,1.3861020057986893e-05
17420,1.3895076513290405,2.2728185653686523,1.350340485572815,0.11045805364847183,1.7003473043441772,23.342548370361328,1258.8116995317694,1.3831692488423283e-05
17430,1.443037509918213,2.279024839401245,1.6396149396896362,0.12229844182729721,2.321647882461548,23.606462478637695,1258.8101944971793,1.3802471773513479e-05
17440,1.3744770288467407,2.2159030437469482,1.5368472337722778,0.13002784550189972,2.431671619415283,23.408119201660156,1258.8088093665,1.3773357989101501e-05
17450,1.4392091035842896,2.35968017578125,1.4473748207092285,0.1284472942352295,2.1219074726104736,23.989219665527344,1258.8074909312465,1.3744351210753792e-05
17460,1.3744535446166992,2.214592218399048,1.5542457103729248,0.1266668438911438,2.117682456970215,23.635282516479492,1258.8060630746545,1.3715451513759095e-05
17470,1.4430657625198364,2.3105273246765137,1.5452262163162231,0.1434461623430252,1.9443796873092651,23.41714096069336,1258.8046876093156,1.3686658973128183e-05
17480,1.4242881536483765,2.294692277908325,1.543758749961853,0.12826471030712128,1.767615795135498,23.4885311126709,1258.8032392412015,1.365797366359371e-05
17490,1.5343971252441406,2.4331161975860596,1.5781476497650146,0.14102259278297424,2.1582982540130615,23.24475860595703,1258.8019313527525,1.362939565961002e-05
17500,1.4355452060699463,2.2872774600982666,1.4214556217193604,0.14791812002658844,3.6683027744293213,23.28239631652832,1258.800500200002,1.3600925035352913e-05
17510,1.394078254699707,2.2565813064575195,1.4467756748199463,0.11731594055891037,2.3875551223754883,23.6644229888916,1258.799131694937,1.3572561864719496e-05
17520,1.4891278743743896,2.3478193283081055,1.6247819662094116,0.11379428952932358,1.6959494352340698,23.308338165283203,1258.7977176137645,1.3544306221327988e-05
17530,1.2615835666656494,2.0578675270080566,1.4184445142745972,0.13474400341510773,1.5533404350280762,23.66368865966797,1258.7962553811692,1.3516158178517482e-05
17540,1.405068039894104,2.272473096847534,1.4430915117263794,0.14307205379009247,1.509706735610962,23.045942306518555,1258.794862124169,1.3488117809347798e-05
17550,1.495784878730774,2.3822062015533447,1.5831010341644287,0.15495707094669342,2.1307919025421143,23.257299423217773,1258.793438515502,1.3460185186599306e-05
17560,1.4741276502609253,2.389814853668213,1.495748519897461,0.12820078432559967,1.8465749025344849,23.430099487304688,1258.7920181862314,1.3432360382772677e-05
17570,1.3648399114608765,2.171553611755371,1.5772655010223389,0.1355130821466446,2.9180169105529785,23.21007537841797,1258.7905079007346,1.3404643470088774e-05
17580,1.4142770767211914,2.2254910469055176,1.6325548887252808,0.14947649836540222,2.205070972442627,23.353832244873047,1258.7891306890588,1.3377034520488386e-05
17590,1.4677398204803467,2.3650436401367188,1.4054216146469116,0.1620389074087143,1.523846983909607,23.228378295898438,1258.7876533679096,1.334953360563209e-05
17600,1.3928678035736084,2.2238571643829346,1.5840147733688354,0.12440568208694458,1.7409495115280151,23.012012481689453,1258.7862462328746,1.3322140796900066e-05
17610,1.3851125240325928,2.228018283843994,1.5437684059143066,0.13414908945560455,1.7830986976623535,23.72467041015625,1258.784868253145,1.3294856165391872e-05
17620,1.2875685691833496,2.0997257232666016,1.3947747945785522,0.10918965190649033,1.7214503288269043,23.276872634887695,1258.7834551165943,1.3267679781926311e-05
17630,1.4727065563201904,2.3271663188934326,1.4972342252731323,0.13349691033363342,1.6160788536071777,23.19945526123047,1258.7820533532959,1.3240611717041215e-05
17640,1.4943745136260986,2.381693124771118,1.624158263206482,0.13790647685527802,1.9340158700942993,23.207447052001953,1258.7806363605519,1.3213652040993266e-05
17650,1.4141757488250732,2.2082464694976807,1.7060327529907227,0.11595101654529572,1.3653351068496704,23.19240379333496,1258.779173219735,1.3186800823757809e-05
17660,1.4191807508468628,2.261608123779297,1.702871561050415,0.1163754016160965,1.673880696296692,23.499591827392578,1258.7776993233726,1.3160058135028691e-05
17670,1.4188625812530518,2.2862491607666016,1.4146603345870972,0.12973448634147644,1.8801424503326416,23.17311668395996,1258.7763291459353,1.3133424044218057e-05
17680,1.3393216133117676,2.209245443344116,1.2391160726547241,0.1128435954451561,1.7912191152572632,23.62796974182129,1258.7749135875356,1.3106898620456199e-05
17690,1.4180463552474976,2.231266498565674,1.6575413942337036,0.144476979970932,1.7376048564910889,23.72212028503418,1258.7735167009992,1.3080481932591335e-05
17700,1.436041235923767,2.2984633445739746,1.5373412370681763,0.1261090487241745,1.6453245878219604,23.124696731567383,1258.7721040509177,1.3054174049189455e-05
17710,1.5011430978775024,2.343691110610962,1.6827075481414795,0.14440427720546722,2.4158172607421875,23.373701095581055,1258.7707681289792,1.302797503853416e-05
17720,1.415728211402893,2.280280351638794,1.4773380756378174,0.1326819509267807,1.6059868335723877,23.530376434326172,1258.7692566459061,1.3001884968626437e-05
17730,1.4371165037155151,2.2343897819519043,1.6422839164733887,0.1498405486345291,2.091580390930176,23.553056716918945,1258.7678297849861,1.2975903907184545e-05
17740,1.3282972574234009,2.2004659175872803,1.1488609313964844,0.14685846865177155,1.5740506649017334,23.899633407592773,1258.7664376614302,1.2950031921643785e-05
17750,1.2665175199508667,2.128021717071533,1.2156985998153687,0.10786772519350052,2.7685933113098145,23.62882423400879,1258.7650589819773,1.292426907915634e-05
17760,1.5165551900863647,2.339603900909424,1.6839312314987183,0.13501830399036407,1.264206886291504,23.379894256591797,1258.7636986981104,1.2898615446591111e-05
17770,1.3472437858581543,2.233025550842285,1.133156418800354,0.1301388442516327,1.900465488433838,23.141719818115234,1258.7622694113522,1.287307109053356e-05
17780,1.5292102098464966,2.479013442993164,1.3620284795761108,0.14685006439685822,2.003052234649658,23.039262771606445,1258.760935588295,1.284763607728548e-05
17790,1.3876712322235107,2.195939302444458,1.5954105854034424,0.11234400421380997,2.1246867179870605,23.11574363708496,1258.7595364042083,1.2822310472864884e-05
17800,1.339898943901062,2.1056227684020996,1.7181648015975952,0.11214706301689148,1.7556239366531372,23.426639556884766,1258.7581251743109,1.2797094343005807e-05
17810,1.4471089839935303,2.2860922813415527,1.6553953886032104,0.13991916179656982,1.565453290939331,23.41114044189453,1258.756773551396,1.277198775315811e-05
17820,1.4417718648910522,2.2368149757385254,1.7065061330795288,0.13464079797267914,1.6900250911712646,23.58730697631836,1258.7553166778296,1.2746990768487376e-05
17830,1.416187047958374,2.257084846496582,1.5639088153839111,0.15345938503742218,1.6617138385772705,24.467557907104492,1258.7539540917953,1.2722103453874671e-05
17840,1.4480645656585693,2.364295244216919,1.4704962968826294,0.15681913495063782,1.9422287940979004,22.89190673828125,1258.7525717796439,1.2697325873916416e-05
17850,1.4160200357437134,2.2393224239349365,1.561129093170166,0.14340434968471527,2.4378035068511963,23.58448028564453,1258.751188604716,1.267265809292423e-05
17860,1.3742833137512207,2.2241642475128174,1.4826452732086182,0.11213641613721848,1.7879462242126465,23.022233963012695,1258.7498079125883,1.2648100174924704e-05
17870,1.5175085067749023,2.464764356613159,1.5853182077407837,0.1432623714208603,2.719762086868286,23.31321907043457,1258.7483577651067,1.2623652183659296e-05
17880,1.3249034881591797,2.1748344898223877,1.4128659963607788,0.149026557803154,1.6261589527130127,23.34737205505371,1258.7469555137325,1.2599314182584152e-05
17890,1.4449963569641113,2.3007214069366455,1.5128135681152344,0.13601326942443848,2.8992419242858887,23.74333381652832,1258.7454916133393,1.2575086234869904e-05
17900,1.3836395740509033,2.185986280441284,1.5240908861160278,0.15164797008037567,2.083231210708618,23.10780906677246,1258.7440954864715,1.2550968403401558e-05
17910,1.3170864582061768,2.216095447540283,1.3414925336837769,0.11524561792612076,2.2246975898742676,23.259769439697266,1258.7426875215424,1.2526960750778311e-05
17920,1.3457555770874023,2.156761407852173,1.5581141710281372,0.12157860398292542,1.7353215217590332,23.54082489013672,1258.741264982515,1.2503063339313356e-05
17930,1.495523452758789,2.3135862350463867,1.6731516122817993,0.1579018384218216,1.60944664478302,22.967329025268555,1258.7397967325833,1.2479276231033771e-05
17940,1.3761438131332397,2.205641984939575,1.5827343463897705,0.11588262766599655,1.573470950126648,23.273784637451172,1258.7384924165674,1.245559948768034e-05
17950,1.3695521354675293,2.1943514347076416,1.5048164129257202,0.14758801460266113,1.8189245462417603,23.51131248474121,1258.7370743152114,1.2432033170707367e-05
17960,1.3001935482025146,2.1224186420440674,1.4613146781921387,0.11492034047842026,1.475167989730835,23.497106552124023,1258.7356869216355,1.2408577341282562e-05
17970,1.4569816589355469,2.3297998905181885,1.5267584323883057,0.14545604586601257,1.7225918769836426,23.616567611694336,1258.7342603535692,1.2385232060286844e-05
17980,1.4686055183410645,2.3428595066070557,1.4926666021347046,0.12456158548593521,1.84811532497406,23.41928482055664,1258.732849502044,1.2361997388314196e-05
17990,1.3855043649673462,2.2675533294677734,1.367889642715454,0.11859770864248276,2.7118430137634277,23.704448699951172,1258.7314574147804,1.2338873385671515e-05
18000,1.3710107803344727,2.172828197479248,1.6082662343978882,0.136849507689476,1.6726046800613403,23.54495620727539,1258.7300059271777,1.2315860112378455e-05
18010,1.4165688753128052,2.3030195236206055,1.5495890378952026,0.13897322118282318,1.8419623374938965,23.71001434326172,1258.7285989687095,1.2292957628167248e-05
18020,1.3168147802352905,2.1536271572113037,1.488792896270752,0.11611853539943695,2.068110466003418,23.533811569213867,1258.727212194161,1.22701659924826e-05
18030,1.3270988464355469,2.138115882873535,1.433915138244629,0.15627537667751312,1.621742606163025,23.359249114990234,1258.7258442491402,1.224748526448145e-05
18040,1.2995634078979492,2.1139276027679443,1.4404444694519043,0.15000925958156586,1.701750636100769,23.56502914428711,1258.7244554766173,1.2224915503032916e-05
18050,1.4073765277862549,2.255573034286499,1.4356977939605713,0.15532903373241425,1.282617449760437,23.500335693359375,1258.7229141358341,1.2202456766718093e-05
18060,1.518759846687317,2.3689968585968018,1.7107025384902954,0.12142875045537949,3.044987440109253,23.40325927734375,1258.721535648104,1.2180109113829871e-05
18070,1.4593592882156372,2.2699012756347656,1.699288249015808,0.13386423885822296,1.796199917793274,23.65757942199707,1258.7201567483596,1.2157872602372858e-05
18080,1.3367841243743896,2.105832099914551,1.6143455505371094,0.11810538917779922,1.563256859779358,23.625030517578125,1258.7187414777043,1.2135747290063155e-05
18090,1.4970263242721558,2.37496280670166,1.5127840042114258,0.1402648687362671,1.8322199583053589,23.328353881835938,1258.7173915324875,1.2113733234328249e-05
18100,1.3960022926330566,2.4304893016815186,1.019304633140564,0.11012016981840134,1.5874099731445312,23.442760467529297,1258.7159482867714,1.209183049230687e-05
18110,1.5205292701721191,2.365366220474243,1.655257225036621,0.1677834838628769,1.9407426118850708,23.437374114990234,1258.7145729751037,1.2070039120848802e-05
18120,1.3942363262176514,2.261589288711548,1.4947230815887451,0.15103887021541595,1.822801947593689,23.274349212646484,1258.7131442105474,1.2048359176514784e-05
18130,1.485738754272461,2.348963975906372,1.6479429006576538,0.12646523118019104,1.7674745321273804,23.252294540405273,1258.711813066233,1.202679071557634e-05
18140,1.4885244369506836,2.35147762298584,1.5651878118515015,0.15292277932167053,2.0934460163116455,23.102521896362305,1258.7104169176985,1.200533379401559e-05
18150,1.412000060081482,2.2513089179992676,1.5428721904754639,0.13697262108325958,1.8544474840164185,23.58365249633789,1258.7089881797185,1.1983988467525193e-05
18160,1.5016510486602783,2.3811135292053223,1.5190013647079468,0.1468348503112793,2.1329262256622314,23.268951416015625,1258.707632255698,1.1962754791508155e-05
18170,1.4153560400009155,2.2617225646972656,1.4238026142120361,0.14741851389408112,1.4574685096740723,23.604421615600586,1258.706160059797,1.1941632821077657e-05
18180,1.4646103382110596,2.3904147148132324,1.3672771453857422,0.14533497393131256,2.383362293243408,23.216552734375,1258.7046878527744,1.1920622611056975e-05
18190,1.3434730768203735,2.2365005016326904,1.4872208833694458,0.10610159486532211,2.014493942260742,23.76022720336914,1258.7032829736518,1.1899724215979278e-05
18200,1.3076001405715942,2.1888973712921143,1.218430519104004,0.12166646867990494,2.066363573074341,23.561853408813477,1258.7019103216007,1.1878937690087522e-05
18210,1.3688591718673706,2.263062000274658,1.4122611284255981,0.12075003236532211,2.754213571548462,23.79438591003418,1258.7005393986037,1.1858263087334311e-05
18220,1.4061834812164307,2.2157421112060547,1.608980655670166,0.1530541032552719,1.616140604019165,23.572704315185547,1258.6990772070135,1.1837700461381728e-05
18230,1.4326398372650146,2.190746784210205,1.697525143623352,0.13489888608455658,1.4751447439193726,23.218896865844727,1258.6976075410385,1.1817249865601234e-05
18240,1.3052136898040771,2.073216676712036,1.5411428213119507,0.12451363354921341,1.9777218103408813,23.848026275634766,1258.696299677062,1.1796911353073494e-05
18250,1.3674720525741577,2.1756229400634766,1.6003879308700562,0.11977877467870712,1.6473195552825928,23.899873733520508,1258.6948269720756,1.177668497658825e-05
18260,1.3474098443984985,2.161386489868164,1.5849262475967407,0.1143404021859169,1.6730425357818604,23.621702194213867,1258.6934583663776,1.1756570788644208e-05
18270,1.347146987915039,2.267298698425293,1.2665927410125732,0.1337376832962036,1.8672581911087036,23.383636474609375,1258.6920268673173,1.1736568841448872e-05
18280,1.4136123657226562,2.2641279697418213,1.5536690950393677,0.12916867434978485,1.7156130075454712,23.56045150756836,1258.6906616114975,1.1716679186918418e-05
18290,1.3317822217941284,2.1215012073516846,1.6118658781051636,0.12683771550655365,1.8751472234725952,23.502384185791016,1258.6892451533236,1.169690187667756e-05
18300,1.3517730236053467,2.2122058868408203,1.3967843055725098,0.12820613384246826,1.8860862255096436,23.569507598876953,1258.6878316980633,1.1677236962059421e-05
18310,1.3782916069030762,2.175341844558716,1.5800118446350098,0.12657001614570618,1.4716796875,23.500757217407227,1258.6864985855182,1.1657684494105387e-05
18320,1.4793674945831299,2.364194869995117,1.4783540964126587,0.14551565051078796,1.7217702865600586,23.57735824584961,1258.6850838787382,1.1638244523564987e-05
18330,1.343535304069519,2.169926166534424,1.453994870185852,0.10941196978092194,1.4408217668533325,23.60094451904297,1258.6836203248733,1.161891710089575e-05
18340,1.5161961317062378,2.3723108768463135,1.546545386314392,0.12786731123924255,2.89050555229187,23.58610725402832,1258.682259562122,1.1599702276263103e-05
18350,1.4385989904403687,2.2450902462005615,1.6608458757400513,0.14205507934093475,2.3701930046081543,23.549346923828125,1258.6807839027979,1.158060009954019e-05
18360,1.3204582929611206,2.0915677547454834,1.620275616645813,0.11891496181488037,1.8602380752563477,24.068218231201172,1258.6793863026655,1.1561610620307784e-05
18370,1.503157138824463,2.4153332710266113,1.5921165943145752,0.13285256922245026,2.1708903312683105,23.496137619018555,1258.6780047195493,1.1542733887854142e-05
18380,1.497017502784729,2.385519504547119,1.6177194118499756,0.1280810385942459,2.0908777713775635,23.014202117919922,1258.6765703150777,1.1523969951174896e-05
18390,1.35642671585083,2.1995747089385986,1.4716410636901855,0.12161421030759811,1.9376020431518555,23.69778823852539,1258.6751704762435,1.1505318858972884e-05
18400,1.4583886861801147,2.265838623046875,1.8251521587371826,0.1341753751039505,1.997576117515564,23.523059844970703,1258.6736909453027,1.148678065965807e-05
18410,1.4124081134796143,2.1936941146850586,1.6790404319763184,0.13797475397586823,1.9810281991958618,23.561756134033203,1258.6722669741478,1.1468355401347392e-05
18420,1.3517826795578003,2.1001079082489014,1.771669864654541,0.13412684202194214,1.670082449913025,23.49723243713379,1258.6707845651958,1.1450043131864632e-05
18430,1.3802051544189453,2.1554152965545654,1.6190011501312256,0.15020506083965302,1.6272140741348267,23.325199127197266,1258.6693171728907,1.1431843898740326e-05
18440,1.4103233814239502,2.2400310039520264,1.7376171350479126,0.11722027510404587,1.8621004819869995,23.454917907714844,1258.6679247321333,1.1413757749211602e-05
18450,1.4335846900939941,2.2073893547058105,1.6159518957138062,0.16681034862995148,1.7456510066986084,23.761194229125977,1258.6665491098033,1.1395784730222076e-05
18460,1.403327465057373,2.213135242462158,1.574781894683838,0.16853319108486176,1.7312030792236328,23.434663772583008,1258.6652096695796,1.1377924888421729e-05
18470,1.411052942276001,2.274021863937378,1.5392721891403198,0.12531454861164093,1.8072893619537354,23.406909942626953,1258.663773707384,1.1360178270166778e-05
18480,1.4030985832214355,2.2740097045898438,1.4518139362335205,0.1254560351371765,2.3715944290161133,23.912023544311523,1258.6623327664338,1.1342544921519567e-05
18490,1.3967673778533936,2.199397325515747,1.597662329673767,0.12295864522457123,1.8627105951309204,23.85272789001465,1258.660922698602,1.1325024888248456e-05
18500,1.3427616357803345,2.190908670425415,1.4527511596679688,0.11617004871368408,1.7300952672958374,23.592775344848633,1258.6595292997652,1.130761821582766e-05
18510,1.526483416557312,2.4545860290527344,1.6021565198898315,0.12967900931835175,2.2478556632995605,23.27718162536621,1258.6581436176198,1.1290324949437182e-05
18520,1.282317042350769,2.0544638633728027,1.5351519584655762,0.12560047209262848,2.42512583732605,23.576126098632812,1258.656678637535,1.127314513396267e-05
18530,1.4315462112426758,2.2754809856414795,1.546930193901062,0.17892661690711975,3.0964972972869873,23.493013381958008,1258.655262581938,1.1256078813995285e-05
18540,1.3892269134521484,2.2032346725463867,1.4370715618133545,0.14722485840320587,1.6508036851882935,23.750774383544922,1258.6538723955027,1.1239126033831631e-05
18550,1.3937747478485107,2.2795958518981934,1.270415186882019,0.13216467201709747,1.8945106267929077,23.845905303955078,1258.652431525437,1.1222286837473602e-05
18560,1.3619632720947266,2.2202494144439697,1.4047950506210327,0.11920013278722763,1.3397022485733032,23.231033325195312,1258.6509676577543,1.120556126862827e-05
18570,1.4030767679214478,2.2437210083007812,1.3955765962600708,0.13666115701198578,1.365686297416687,23.672685623168945,1258.6495455565196,1.1188949370707787e-05
18580,1.3866384029388428,2.230651378631592,1.5585676431655884,0.12270505726337433,1.667948842048645,23.68555450439453,1258.6481594213515,1.1172451186829277e-05
18590,1.412708044052124,2.2077717781066895,1.6644731760025024,0.1298137903213501,1.3864426612854004,23.66866683959961,1258.6467889612297,1.1156066759814697e-05
18600,1.3187696933746338,2.1405317783355713,1.3540335893630981,0.115312360227108,1.9393470287322998,23.809621810913086,1258.645379863054,1.113979613219075e-05
18610,1.3484619855880737,2.198408603668213,1.2770735025405884,0.1281982958316803,3.2723636627197266,23.715229034423828,1258.6439785615607,1.1123639346188755e-05
18620,1.4351996183395386,2.372171401977539,1.4551395177841187,0.12998855113983154,1.990447998046875,23.720495223999023,1258.642494332487,1.1107596443744568e-05
18630,1.4582326412200928,2.3461127281188965,1.4271903038024902,0.1316952258348465,2.299711227416992,23.709747314453125,1258.6410074222076,1.1091667466498436e-05
18640,1.367356777191162,2.239595890045166,1.444870948791504,0.1299467831850052,2.04089093208313,23.226430892944336,1258.6396211130038,1.1075852455794918e-05
18650,1.403623104095459,2.2608377933502197,1.4664076566696167,0.1389773041009903,1.8018347024917603,23.770938873291016,1258.6381969758647,1.1060151452682756e-05
18660,1.3313088417053223,2.146519184112549,1.3995561599731445,0.1344151347875595,1.8108203411102295,23.7514591217041,1258.636795497845,1.1044564497914793e-05
18670,1.4004029035568237,2.2844879627227783,1.4844318628311157,0.1550569236278534,2.250401258468628,23.6939640045166,1258.6354029979996,1.1029091631947846e-05
18680,1.282564640045166,2.1244819164276123,1.366172432899475,0.1431157886981964,2.65887188911438,23.961149215698242,1258.6339667242073,1.1013732894942596e-05
18690,1.186404824256897,2.0048880577087402,1.1675609350204468,0.11787240207195282,1.4509044885635376,23.684001922607422,1258.632523587424,1.0998488326763526e-05
18700,1.355346918106079,2.257601261138916,1.4071109294891357,0.11142446845769882,1.7457362413406372,23.88971710205078,1258.6311227191404,1.0983357966978745e-05
18710,1.3941670656204224,2.205077648162842,1.6049333810806274,0.130255326628685,3.4152305126190186,23.619068145751953,1258.6296969542148,1.0968341854859972e-05
18720,1.368507981300354,2.2118663787841797,1.5107921361923218,0.12752242386341095,1.4715595245361328,23.468353271484375,1258.6282531348809,1.0953440029382362e-05
18730,1.3030308485031128,2.0824713706970215,1.4604805707931519,0.127605140209198,1.755756139755249,23.90972328186035,1258.6268085639804,1.0938652529224435e-05
18740,1.4339252710342407,2.2692482471466064,1.598909854888916,0.13169609010219574,2.4302337169647217,23.34616470336914,1258.625353949169,1.0923979392767983e-05
18750,1.252253770828247,2.0584824085235596,1.461014747619629,0.11976555734872818,1.7387958765029907,23.84779930114746,1258.6239916253414,1.0909420658097956e-05
18760,1.487293004989624,2.3678035736083984,1.458738088607788,0.13455535471439362,1.7650845050811768,23.568010330200195,1258.6225013401122,1.089497636300236e-05
18770,1.421250343322754,2.2973556518554688,1.5171451568603516,0.1346648931503296,1.6292062997817993,23.837980270385742,1258.62118105086,1.088064654497219e-05
18780,1.3456711769104004,2.225417137145996,1.3876301050186157,0.1305464655160904,2.2884552478790283,23.48313331604004,1258.6197985761723,1.0866431241201278e-05
18790,1.3087140321731567,2.109003782272339,1.4585297107696533,0.12087487429380417,1.7154704332351685,23.750688552856445,1258.6183848598073,1.0852330488586251e-05
18800,1.3767585754394531,2.177722692489624,1.4814038276672363,0.13709604740142822,1.2123245000839233,23.938932418823242,1258.61686121298,1.0838344323726395e-05
18810,1.4370856285095215,2.3218188285827637,1.3578190803527832,0.12106727808713913,2.4311363697052,23.37782859802246,1258.615536776608,1.08244727829236e-05
18820,1.42629873752594,2.259617567062378,1.5438429117202759,0.13451127707958221,1.8279575109481812,23.800561904907227,1258.6140672886825,1.0810715902182216e-05
18830,1.2533791065216064,2.0635218620300293,1.412436842918396,0.12364674359560013,2.2186403274536133,23.585826873779297,1258.6127246022852,1.0797073717209014e-05
18840,1.3106858730316162,2.1164557933807373,1.509924054145813,0.122218057513237,1.911533236503601,23.568260192871094,1258.6112772797596,1.0783546263413034e-05
18850,1.3281904458999634,2.062168598175049,1.6717599630355835,0.12947504222393036,3.0925309658050537,23.604047775268555,1258.609921744008,1.0770133575905555e-05
18860,1.2403695583343506,2.0186502933502197,1.5338102579116821,0.11582442373037338,2.804622173309326,23.342021942138672,1258.6085260920825,1.0756835689499953e-05
18870,1.331480860710144,2.130882501602173,1.4844777584075928,0.11955295503139496,2.370403289794922,23.562406539916992,1258.607171208877,1.074365263871164e-05
18880,1.4254097938537598,2.248274087905884,1.6473636627197266,0.1339143067598343,2.3839809894561768,23.45973777770996,1258.605677784999,1.0730584457757972e-05
18890,1.427132487297058,2.1837246417999268,1.7246183156967163,0.13668856024742126,1.8448814153671265,23.471445083618164,1258.6043061456385,1.0717631180558141e-05
18900,1.5287505388259888,2.373080253601074,1.6682963371276855,0.13595952093601227,1.9187363386154175,23.856218338012695,1258.6029389563823,1.0704792840733102e-05
18910,1.370288610458374,2.1698005199432373,1.4130536317825317,0.12458689510822296,1.2706782817840576,23.825950622558594,1258.601513370181,1.0692069471605491e-05
18920,1.426521897315979,2.1871445178985596,1.7218736410140991,0.13258446753025055,2.0497524738311768,23.067569732666016,1258.6000730537537,1.0679461106199526e-05
18930,1.3163028955459595,2.147775888442993,1.4797121286392212,0.14161141216754913,1.7517328262329102,23.61504554748535,1258.5986454806093,1.0666967777240928e-05
18940,1.3800256252288818,2.2326958179473877,1.4759355783462524,0.1255781501531601,1.804038643836975,23.886320114135742,1258.597243606533,1.0654589517156835e-05
18950,1.368746280670166,2.203939914703369,1.389316201210022,0.1505768895149231,1.454688549041748,23.55779266357422,1258.5958587699001,1.0642326358075715e-05
18960,1.3091543912887573,2.1589279174804688,1.422683835029602,0.12219680100679398,1.5717829465866089,23.853527069091797,1258.5944711817817,1.0630178331827282e-05
18970,1.386086344718933,2.251054525375366,1.503535509109497,0.16674014925956726,2.6739003658294678,23.55919647216797,1258.5930694610759,1.0618145469942425e-05
18980,1.2923567295074463,2.1085586547851562,1.4295707941055298,0.1319231241941452,2.672955274581909,23.928573608398438,1258.591649215932,1.0606227803653106e-05
18990,1.4588059186935425,2.263040542602539,1.5965936183929443,0.13816601037979126,1.8064565658569336,23.418798446655273,1258.5902097879707,1.059442536389231e-05
19000,1.3413809537887573,2.261960983276367,1.1093707084655762,0.12720245122909546,2.038938522338867,23.448204040527344,1258.5887760853782,1.0582738181293923e-05
19010,1.3772289752960205,2.180986166000366,1.5937672853469849,0.13486039638519287,1.6580232381820679,23.351577758789062,1258.5873328994342,1.0571166286192685e-05
19020,1.4259097576141357,2.326724052429199,1.3360238075256348,0.1514754444360733,1.9100232124328613,23.51613426208496,1258.5859794798664,1.05597097086241e-05
19030,1.4652906656265259,2.2883598804473877,1.697957992553711,0.13350792229175568,1.8337538242340088,23.563434600830078,1258.5845135299496,1.0548368478324357e-05
19040,1.3628604412078857,2.174492359161377,1.4081729650497437,0.12238255143165588,1.3572287559509277,23.61598014831543,1258.5831785741375,1.0537142624730258e-05
19050,1.5082672834396362,2.3543505668640137,1.563804268836975,0.1527242660522461,1.7798748016357422,23.7484130859375,1258.581789942455,1.0526032176979137e-05
19060,1.2929929494857788,2.0941390991210938,1.500553846359253,0.12536373734474182,1.3816019296646118,23.344356536865234,1258.5804072827148,1.0515037163908778e-05
19070,1.4568079710006714,2.339226245880127,1.5778865814208984,0.11948588490486145,1.7069545984268188,23.873348236083984,1258.5790194657716,1.0504157614057366e-05
19080,1.45081627368927,2.2579920291900635,1.637791633605957,0.1494833081960678,1.5908706188201904,23.88089370727539,1258.5775905999628,1.0493393555663376e-05
19090,1.459313988685608,2.266618013381958,1.639430046081543,0.15741530060768127,2.057985305786133,23.580955505371094,1258.576194620261,1.0482745016665526e-05
19100,1.4683732986450195,2.341050863265991,1.5048631429672241,0.14018161594867706,2.0784003734588623,23.552959442138672,1258.574773900577,1.04722120247027e-05
19110,1.3830043077468872,2.255154848098755,1.338832139968872,0.10259608924388885,1.5861742496490479,23.625465393066406,1258.5733314867286,1.046179460711387e-05
19120,1.4045981168746948,2.2337985038757324,1.531099557876587,0.13727985322475433,2.1900382041931152,23.322229385375977,1258.5720012817073,1.0451492790938029e-05
19130,1.3573369979858398,2.1527481079101562,1.4507670402526855,0.12432830035686493,1.558530569076538,23.981279373168945,1258.5705315645648,1.0441306602914116e-05
19140,1.433970332145691,2.288100481033325,1.5421754121780396,0.14169283211231232,2.1830708980560303,23.649993896484375,1258.5691687491885,1.0431236069480955e-05
19150,1.3197306394577026,2.1163272857666016,1.5540410280227661,0.11141251772642136,2.0147252082824707,23.439477920532227,1258.5676997126725,1.0421281216777182e-05
19160,1.5333126783370972,2.429171323776245,1.3682246208190918,0.1351228952407837,1.6521137952804565,23.84659194946289,1258.5663038663965,1.0411442070641179e-05
19170,1.3808215856552124,2.2525808811187744,1.4665418863296509,0.12900224328041077,2.036499261856079,23.708341598510742,1258.5648673879064,1.0401718656610991e-05
19180,1.4600672721862793,2.265648603439331,1.6606765985488892,0.13116604089736938,2.0255963802337646,23.997554779052734,1258.5633700570609,1.0392110999924299e-05
19190,1.4632920026779175,2.3312180042266846,1.5844547748565674,0.12245593219995499,1.9256370067596436,24.014644622802734,1258.5619949708046,1.0382619125518309e-05
19200,1.4174033403396606,2.245175838470459,1.6445683240890503,0.12053187191486359,2.1488606929779053,23.636491775512695,1258.5606150242675,1.0373243058029709e-05
19210,1.4529497623443604,2.322857618331909,1.3112493753433228,0.14448505640029907,1.8714511394500732,23.63718605041504,1258.5591647500237,1.036398282179462e-05
19220,1.4612643718719482,2.2916259765625,1.722438097000122,0.13330665230751038,1.8323979377746582,23.636043548583984,1258.5578418008504,1.0354838440848503e-05
19230,1.5656242370605469,2.4910824298858643,1.632054328918457,0.13335511088371277,1.90775465965271,23.598506927490234,1258.5564651826116,1.03458099389261e-05
19240,1.4206669330596924,2.248403549194336,1.5745552778244019,0.15364742279052734,3.5600132942199707,23.931941986083984,1258.5550424992591,1.0336897339461406e-05
19250,1.3777395486831665,2.181981086730957,1.597021222114563,0.11201667785644531,2.1774535179138184,23.858726501464844,1258.5537381253805,1.0328100665587574e-05
19260,1.497511625289917,2.3858392238616943,1.42667555809021,0.13978852331638336,2.163468360900879,23.72736167907715,1258.5523037655325,1.0319419940136857e-05
19270,1.4292240142822266,2.223700523376465,1.7081208229064941,0.1287612020969391,1.9922386407852173,23.700716018676758,1258.5509058663263,1.031085518564057e-05
19280,1.3738731145858765,2.197422981262207,1.5445111989974976,0.12154946476221085,1.5687255859375,23.288055419921875,1258.5494782689987,1.0302406424329017e-05
19290,1.334728717803955,2.176506519317627,1.488065481185913,0.1307278275489807,3.3841097354888916,24.053926467895508,1258.5480517269116,1.029407367813143e-05
19300,1.3751845359802246,2.2603299617767334,1.4115110635757446,0.13793662190437317,1.6847138404846191,23.62248992919922,1258.54676304192,1.0285856968675917e-05
19310,1.370442271232605,2.192838430404663,1.4357843399047852,0.13666030764579773,2.343437671661377,23.66375732421875,1258.5453330509297,1.0277756317289407e-05
19320,1.3808223009109497,2.2424283027648926,1.428113579750061,0.11721160262823105,1.8299509286880493,23.547435760498047,1258.5439500736977,1.0269771744997607e-05
19330,1.3543181419372559,2.1311793327331543,1.5740352869033813,0.12675520777702332,1.6378309726715088,23.7587833404541,1258.5425398879051,1.0261903272524915e-05
19340,1.4225001335144043,2.2896924018859863,1.518897533416748,0.1324002891778946,1.9593335390090942,23.516489028930664,1258.5411368298185,1.0254150920294388e-05
19350,1.4208966493606567,2.326157569885254,1.3671737909317017,0.1231306940317154,1.872367262840271,23.739652633666992,1258.5396755897239,1.0246514708427702e-05
19360,1.4376498460769653,2.2743756771087646,1.473429560661316,0.17285281419754028,1.8089293241500854,23.383651733398438,1258.538302571434,1.0238994656745064e-05
19370,1.3259514570236206,2.1415767669677734,1.4853589534759521,0.1226082369685173,2.4639785289764404,23.56670379638672,1258.536817557677,1.0231590784765199e-05
19380,1.3558685779571533,2.160594940185547,1.4092662334442139,0.12039967626333237,1.6718039512634277,23.79817771911621,1258.535342943158,1.022430311170527e-05
19390,1.4967613220214844,2.3537755012512207,1.64357328414917,0.1433858573436737,1.649854302406311,23.281635284423828,1258.5338709995356,1.0217131656480831e-05
19400,1.260655403137207,2.120060443878174,1.2422752380371094,0.1393282115459442,1.5633894205093384,23.782917022705078,1258.5323926545411,1.0210076437705812e-05
19410,1.3509622812271118,2.1683714389801025,1.5403525829315186,0.1162848025560379,1.7832528352737427,23.687082290649414,1258.5309571808305,1.0203137473692422e-05
19420,1.442492127418518,2.283486843109131,1.5889910459518433,0.13588158786296844,1.7562923431396484,23.798742294311523,1258.5295291087975,1.0196314782451136e-05
19430,1.3783830404281616,2.26583194732666,1.2546827793121338,0.11623357236385345,1.5958720445632935,23.972837448120117,1258.5281011766378,1.0189608381690625e-05
19440,1.3818310499191284,2.2274093627929688,1.595524787902832,0.13251054286956787,2.3678295612335205,23.99757194519043,1258.526676104324,1.0183018288817737e-05
19450,1.3853039741516113,2.200596332550049,1.61784827709198,0.12454065680503845,1.8872625827789307,23.833072662353516,1258.5252181547783,1.017654452093742e-05
19460,1.4049324989318848,2.2962217330932617,1.298612356185913,0.1343756765127182,2.0667834281921387,23.589576721191406,1258.5237804649287,1.017018709485271e-05
19470,1.2938549518585205,2.1707301139831543,1.4202516078948975,0.1114232987165451,2.591257333755493,23.809696197509766,1258.5223723969145,1.0163946027064654e-05
19480,1.3899898529052734,2.2572078704833984,1.5272009372711182,0.12659253180027008,1.8334901332855225,23.50719451904297,1258.520991782709,1.0157821333772305e-05
19490,1.4040427207946777,2.2896947860717773,1.241187334060669,0.13934895396232605,1.7157042026519775,23.8437442779541,1258.519563990414,1.0151813030872642e-05
19500,1.494437575340271,2.374255895614624,1.6884729862213135,0.15905611217021942,1.7491706609725952,23.364999771118164,1258.5182091340416,1.0145921133960554e-05
19510,1.5327882766723633,2.4280574321746826,1.6541554927825928,0.17087717354297638,1.8180820941925049,23.620439529418945,1258.516766695352,1.0140145658328787e-05
19520,1.4301100969314575,2.284480333328247,1.5240330696105957,0.15509477257728577,1.7772778272628784,23.776809692382812,1258.5153218310918,1.0134486618967916e-05
19530,1.3175371885299683,2.196812629699707,1.4156628847122192,0.11847057193517685,1.5864025354385376,23.74281120300293,1258.5139271557055,1.012894403056629e-05
19540,1.3516616821289062,2.2002577781677246,1.3188021183013916,0.1340111494064331,1.8395262956619263,23.78996467590332,1258.5124920798867,1.0123517907510021e-05
19550,1.4191415309906006,2.2200539112091064,1.608036756515503,0.1489814668893814,1.6551917791366577,23.66623306274414,1258.5110792242485,1.0118208263882904e-05
19560,1.3147622346878052,2.1201655864715576,1.5037506818771362,0.1151137575507164,1.791801929473877,23.577510833740234,1258.5095883922193,1.0113015113466415e-05
19570,1.5347986221313477,2.364637613296509,1.6804566383361816,0.14111031591892242,2.414529800415039,23.937707901000977,1258.508139977372,1.0107938469739682e-05
19580,1.3827927112579346,2.1712279319763184,1.6307661533355713,0.13394297659397125,1.6591925621032715,23.5196475982666,1258.5066761797302,1.0102978345879405e-05
19590,1.4022330045700073,2.267977476119995,1.5286314487457275,0.12811467051506042,1.692782998085022,24.365814208984375,1258.5053328140414,1.0098134754759875e-05
19600,1.3470276594161987,2.1509037017822266,1.5903942584991455,0.13764937222003937,1.7611665725708008,23.59650421142578,1258.5039050599048,1.0093407708952894e-05
19610,1.3885303735733032,2.205454111099243,1.563733458518982,0.12188117206096649,2.464747905731201,23.863903045654297,1258.5024722813894,1.008879722072778e-05
19620,1.3728328943252563,2.1922171115875244,1.6677165031433105,0.1267930120229721,1.6077038049697876,23.667028427124023,1258.5010234781453,1.0084303302051316e-05
19630,1.3790004253387451,2.248494863510132,1.4174768924713135,0.12310574948787689,1.6915061473846436,23.88097381591797,1258.4995852180334,1.0079925964587718e-05
19640,1.465139389038086,2.213742256164551,1.9240902662277222,0.12960824370384216,1.8717960119247437,23.59087371826172,1258.498201469433,1.0075665219698608e-05
19650,1.2820175886154175,2.109738826751709,1.493821144104004,0.13128694891929626,2.2937448024749756,23.278100967407227,1258.4968022300648,1.0071521078443e-05
19660,1.3317625522613525,2.17582368850708,1.4263120889663696,0.11817674338817596,1.8870184421539307,23.48409080505371,1258.4953101390888,1.0067493551577232e-05
19670,1.3256680965423584,2.158285140991211,1.3493891954421997,0.12014417350292206,1.5291683673858643,23.798654556274414,1258.493878544702,1.0063582649554983e-05
19680,1.3888988494873047,2.1421849727630615,1.7745894193649292,0.12479555606842041,1.7011688947677612,23.919654846191406,1258.4923716320602,1.0059788382527215e-05
19690,1.4037694931030273,2.2619361877441406,1.4036357402801514,0.12344695627689362,2.651104211807251,23.588821411132812,1258.4909731781352,1.0056110760342167e-05
19700,1.5259321928024292,2.36316180229187,1.5924386978149414,0.14369891583919525,1.6578271389007568,23.492326736450195,1258.489479787798,1.0052549792545301e-05
19710,1.409111738204956,2.235780715942383,1.5787336826324463,0.12241507321596146,2.1946558952331543,23.923240661621094,1258.4880818928277,1.004910548837933e-05
19720,1.4752719402313232,2.313171625137329,1.5355515480041504,0.1418444812297821,2.3192172050476074,23.8380069732666,1258.4866790176877,1.0045777856784121e-05
19730,1.3751356601715088,2.2317891120910645,1.4677494764328003,0.11873313784599304,1.915647029876709,23.511863708496094,1258.4852475601024,1.0042566906396738e-05
19740,1.256508708000183,2.004192590713501,1.6059165000915527,0.11758584529161453,1.3795734643936157,23.96449851989746,1258.483806554605,1.0039472645551373e-05
19750,1.3652081489562988,2.233213424682617,1.3784617185592651,0.12819266319274902,1.592800259590149,23.605613708496094,1258.4823360983328,1.0036495082279369e-05
19760,1.4291903972625732,2.2783279418945312,1.593650221824646,0.12366177886724472,1.619783639907837,24.5184326171875,1258.4809675031568,1.0033634224309144e-05
19770,1.5220803022384644,2.405261516571045,1.6285094022750854,0.14666080474853516,2.3078644275665283,23.46332550048828,1258.479538805803,1.0030890079066225e-05
19780,1.5247622728347778,2.3743393421173096,1.6497762203216553,0.14201951026916504,2.2276768684387207,23.860912322998047,1258.4781582086946,1.002826265367319e-05
19790,1.474974513053894,2.3111791610717773,1.6202476024627686,0.14330047369003296,1.7294663190841675,23.84479331970215,1258.476731810118,1.0025751954949672e-05
19800,1.4054123163223267,2.3136935234069824,1.3359923362731934,0.12622956931591034,2.7116036415100098,23.579479217529297,1258.4753564376795,1.0023357989412332e-05
19810,1.3766487836837769,2.183640241622925,1.5147911310195923,0.1356203705072403,1.6279457807540894,23.926841735839844,1258.4739491217276,1.0021080763274831e-05
19820,1.3523192405700684,2.2003936767578125,1.5428457260131836,0.12707430124282837,1.917223572731018,24.15962028503418,1258.472559392055,1.001892028244785e-05
19830,1.342822790145874,2.1510283946990967,1.455278992652893,0.1345190554857254,1.4624483585357666,23.91632843017578,1258.471174736766,1.001687655253904e-05
19840,1.2604048252105713,2.09409236907959,1.3202576637268066,0.11981552094221115,2.0363664627075195,23.47281265258789,1258.4697940981275,1.0014949578853e-05
19850,1.3617042303085327,2.233933925628662,1.2876408100128174,0.12880954146385193,2.179391384124756,23.833250045776367,1258.468363459827,1.0013139366391319e-05
19860,1.5748192071914673,2.3790032863616943,1.8388493061065674,0.1485421061515808,2.524052858352661,23.678531646728516,1258.4668583410148,1.0011445919852492e-05
19870,1.4808106422424316,2.3667685985565186,1.528445839881897,0.1623154878616333,2.5634310245513916,23.411094665527344,1258.4654947136664,1.0009869243631953e-05
19880,1.313983678817749,2.1244192123413086,1.3803596496582031,0.140360489487648,1.4064279794692993,23.559030532836914,1258.464018500661,1.0008409341822062e-05
19890,1.5159885883331299,2.380598306655884,1.6195329427719116,0.15716207027435303,2.269038677215576,23.825668334960938,1258.4625810824823,1.0007066218212075e-05
19900,1.3010389804840088,2.1635797023773193,1.3156108856201172,0.10892353951931,1.827944278717041,23.599157333374023,1258.4611728233922,1.000583987628814e-05
19910,1.3022505044937134,2.0476720333099365,1.545271873474121,0.1324615180492401,2.2639846801757812,24.081777572631836,1258.459690486872,1.0004730319233297e-05
19920,1.3137876987457275,2.175086259841919,1.3484041690826416,0.12220381945371628,2.1444737911224365,24.15288543701172,1258.4583078240564,1.0003737549927467e-05
19930,1.3440232276916504,2.1272311210632324,1.4800291061401367,0.12831656634807587,1.6585326194763184,23.5932674407959,1258.456941299205,1.000286157094744e-05
19940,1.5143837928771973,2.2902133464813232,1.7780333757400513,0.13484764099121094,1.631412386894226,23.816829681396484,1258.4555618350028,1.0002102384566859e-05
19950,1.5316026210784912,2.3452916145324707,1.6746835708618164,0.15595364570617676,1.920884609222412,23.809757232666016,1258.4541701518776,1.0001459992756243e-05
19960,1.3183064460754395,2.1235456466674805,1.4299663305282593,0.13271564245224,1.862246036529541,24.10370445251465,1258.4527563379036,1.0000934397182959e-05
19970,1.39851975440979,2.267125129699707,1.250084638595581,0.13867230713367462,1.5401086807250977,23.985187530517578,1258.4513184407688,1.000052559921121e-05
19980,1.267359733581543,2.022190570831299,1.5400850772857666,0.12564852833747864,1.5594205856323242,23.6114444732666,1258.4499733523908,1.0000233599902064e-05
19990,1.3557276725769043,2.1820061206817627,1.4989964962005615,0.12615936994552612,1.531505823135376,23.93218231201172,1258.448529055721,1.0000058400013411e-05
20000,1.311963677406311,2.1380722522735596,1.3736472129821777,0.11578879505395889,2.429778814315796,24.190725326538086,1258.4471427177164,1e-05
