step,loss,loss_num,loss_type,loss_order,loss_grammar,grad_norm,logit_max,weight_norm,lr,loss_total,loss_aux,aux_new_acc,aux_new_recall,aux_pos_acc,aux_merge_acc,aux_merge_recall,aux_count_acc,aux_count_mae,aux_cyc_acc,aux_period_acc,aux_period_mae
10,7.723198413848877,7.769373416900635,7.774508953094482,7.868999481201172,7.524919509887695,2.914179563522339,3.0080018043518066,1293.6219361124079,6.599999999999999e-06,8.983063697814941,4.199551105499268,0.5715636610984802,0.8108591437339783,0.03902826085686684,0.36996400356292725,0.19450132548809052,0.046875,10.453125,0.014995990321040154,0.0372130423784256,10.454243659973145
20,7.471670627593994,7.608404159545898,7.186506748199463,7.661259174346924,7.2799577713012695,3.1232054233551025,3.2282261848449707,1293.6205631481484,1.26e-05,8.703295707702637,4.105416297912598,0.5395314693450928,0.7618774175643921,0.055492039769887924,0.4495181441307068,0.1482006162405014,0.0,13.859375,0.012002145871520042,0.028175923973321915,9.91641902923584
30,7.258077621459961,7.499667644500732,6.784611225128174,7.3744425773620605,6.884040832519531,2.879145860671997,3.122497081756592,1293.6176119966276,1.8599999999999998e-05,8.460925102233887,4.009491443634033,0.6174532175064087,0.7097275853157043,0.04409005865454674,0.5864191055297852,0.12054188549518585,0.046875,11.234375,0.016394685953855515,0.07233533263206482,10.231704711914062
40,6.795426368713379,7.3953375816345215,5.687073707580566,6.886261463165283,6.482802867889404,2.953446626663208,3.616365432739258,1293.611875000475,2.4599999999999998e-05,7.945083141326904,3.832188606262207,0.6680828332901001,0.7013353705406189,0.04556792974472046,0.726294755935669,0.05999999865889549,0.015625,9.796875,0.036679696291685104,0.16524185240268707,8.90624713897705
50,6.459607124328613,7.249415874481201,4.628256320953369,6.549376964569092,5.915875434875488,2.6486659049987793,4.2958245277404785,1293.6025009356078,3.06e-05,7.549505710601807,3.6329946517944336,0.7254551649093628,0.6590296626091003,0.07607794553041458,0.8205456733703613,0.026663215830922127,0.0625,5.4375,0.12897372245788574,0.25471964478492737,8.001174926757812
60,6.304873943328857,7.342426776885986,4.114398956298828,6.210115909576416,5.584681510925293,2.224813222885132,4.938777923583984,1293.5896994474174,3.6599999999999995e-05,7.321320056915283,3.388153553009033,0.8283058404922485,0.7659599781036377,0.20338091254234314,0.878882646560669,0.0065019503235816956,0.140625,5.0,0.3560359477996826,0.3972306251525879,5.7978973388671875
70,5.858955383300781,6.81812047958374,3.800570487976074,5.973225116729736,5.087397575378418,2.354961633682251,5.697912693023682,1293.5737690313506,4.259999999999999e-05,6.76186466217041,3.0096967220306396,0.8504000902175903,0.7444515228271484,0.4151622951030731,0.876330554485321,0.0034443167969584465,0.171875,5.078125,0.6587426662445068,0.4854342043399811,4.7423319816589355
80,5.619546413421631,7.162703990936279,2.9071736335754395,5.492191791534424,4.933588027954102,2.302128553390503,6.580224514007568,1293.554847798989,4.8599999999999995e-05,6.486525535583496,2.88992977142334,0.8733801245689392,0.8003333806991577,0.44905784726142883,0.8691089749336243,0.002160994103178382,0.125,7.03125,0.5105870962142944,0.4784497916698456,4.215113162994385
90,5.118725299835205,6.600903034210205,2.214237689971924,5.394424915313721,4.110293865203857,2.005366325378418,7.111368179321289,1293.5338169202619,5.459999999999999e-05,5.945018768310547,2.7543110847473145,0.8921292424201965,0.8225948810577393,0.429767906665802,0.8748071789741516,0.0005603810423053801,0.15625,6.46875,0.5768261551856995,0.4634343087673187,5.904291152954102
100,5.0463948249816895,6.386851787567139,2.1465604305267334,4.9950947761535645,4.061474800109863,1.7053825855255127,7.868979454040527,1293.510869337408,6.0599999999999996e-05,5.7858076095581055,2.464709758758545,0.9353964924812317,0.9361565709114075,0.5211151242256165,0.8758201599121094,0.0011293054558336735,0.15625,7.3125,0.6445326209068298,0.5679848194122314,4.831888675689697
110,4.543203830718994,5.977097034454346,1.7526711225509644,4.952409267425537,3.268770933151245,1.5870006084442139,8.20185661315918,1293.4855280490551,6.659999999999999e-05,5.341497421264648,2.660977840423584,0.938174307346344,0.9131918549537659,0.41361990571022034,0.8678470253944397,0.0013390465173870325,0.171875,6.65625,0.521867036819458,0.45888811349868774,6.758675575256348
120,4.800632953643799,6.492959499359131,1.7338480949401855,4.3824143409729,3.469329833984375,1.3289072513580322,8.545312881469727,1293.4591008449413,7.259999999999999e-05,5.498433589935303,2.3260014057159424,0.9306934475898743,0.9265084862709045,0.4909668564796448,0.8646125793457031,0.0,0.140625,7.046875,0.6700209975242615,0.5507791638374329,3.4525222778320312
130,4.421686172485352,6.195446014404297,1.5680235624313354,4.095386505126953,2.9076120853424072,1.2819364070892334,8.662022590637207,1293.4299593759881,7.86e-05,5.127396106719971,2.3523662090301514,0.9337295293807983,0.9406892657279968,0.500477135181427,0.8596891760826111,0.0012712941970676184,0.15625,6.046875,0.6204855442047119,0.5284515023231506,4.158277988433838
140,4.118552207946777,5.832578182220459,1.2075860500335693,4.367237091064453,2.497562885284424,1.2571070194244385,8.646682739257812,1293.398502937258,8.459999999999998e-05,4.793899059295654,2.2511556148529053,0.9327173829078674,0.9136204719543457,0.6181197762489319,0.8872907757759094,0.0030693677254021168,0.09375,6.828125,0.6600139737129211,0.538730800151825,5.483104228973389
150,4.007828235626221,5.887789726257324,1.2075881958007812,3.773555278778076,2.1805496215820312,1.133573293685913,8.700428009033203,1293.3635827679632,9.059999999999999e-05,4.662295818328857,2.181558609008789,0.9396904110908508,0.9320770502090454,0.5776582360267639,0.8820904493331909,0.006468685809522867,0.171875,6.109375,0.6840810775756836,0.609838604927063,4.791549205780029
160,4.051026344299316,6.0446038246154785,0.9807749390602112,3.6717841625213623,1.9779049158096313,1.0034898519515991,8.721468925476074,1293.325016638586,9.659999999999999e-05,4.779463291168213,2.428123712539673,0.950141191482544,0.9491559267044067,0.5526933670043945,0.8965505361557007,0.008893280290067196,0.140625,6.421875,0.5372337102890015,0.43946266174316406,5.455129623413086
170,3.8713583946228027,5.8598408699035645,0.8641855716705322,3.3902623653411865,2.0035336017608643,0.9469621181488037,8.849943161010742,1293.2833089822159,0.0001026,4.538931846618652,2.2252440452575684,0.9425230622291565,0.936618447303772,0.5985723733901978,0.8781923055648804,0.006876790896058083,0.125,6.546875,0.6180312633514404,0.5307058691978455,4.945349216461182
180,3.4427647590637207,5.2940449714660645,0.767116367816925,3.255218744277954,1.456074833869934,0.9386820197105408,9.122589111328125,1293.2398942304444,0.00010859999999999998,4.098164081573486,2.184664726257324,0.9493201375007629,0.940710723400116,0.6257081627845764,0.8815693259239197,0.01166180707514286,0.234375,4.09375,0.5852281451225281,0.41680908203125,5.240906715393066
190,3.4016921520233154,5.566082954406738,0.7060555219650269,2.9463388919830322,1.5142379999160767,1.1934276819229126,9.362442016601562,1293.1933767795367,0.0001146,4.040078639984131,2.127955436706543,0.9245948791503906,0.876177966594696,0.5848855376243591,0.8771442174911499,0.019757267087697983,0.234375,4.625,0.6356675028800964,0.5251312255859375,4.07329797744751
200,3.1444597244262695,5.301023483276367,0.37011027336120605,3.0695884227752686,1.0565543174743652,0.787943959236145,9.508333206176758,1293.145421331577,0.00012059999999999999,3.861196994781494,2.3891239166259766,0.9429473280906677,0.9327213764190674,0.571422815322876,0.8914074301719666,0.04813329130411148,0.171875,4.65625,0.49001240730285645,0.3336678743362427,6.094992637634277
210,3.1899538040161133,5.439099311828613,0.32368505001068115,3.1035523414611816,1.212303876876831,0.7245490550994873,9.632831573486328,1293.0968160587668,0.0001266,3.8161725997924805,2.087395668029785,0.9315789341926575,0.9029450416564941,0.5537829995155334,0.8817743062973022,0.0438772551715374,0.1875,4.59375,0.6763593554496765,0.5467371344566345,4.578945636749268
220,2.9005439281463623,4.871110439300537,0.2255607545375824,2.867959499359131,0.9619640707969666,0.6752406358718872,9.794709205627441,1293.0460616861283,0.0001326,3.577247381210327,2.2556779384613037,0.949333667755127,0.9479069709777832,0.6502049565315247,0.8928670287132263,0.06635944545269012,0.234375,3.96875,0.48208656907081604,0.38940441608428955,6.9468488693237305
230,2.9521517753601074,4.856875419616699,0.34850209951400757,2.785454511642456,0.957172691822052,0.750223696231842,9.969559669494629,1292.9944758602333,0.0001386,3.60184907913208,2.1656579971313477,0.9403877854347229,0.9288884401321411,0.6769276857376099,0.8961070775985718,0.09309590607881546,0.171875,3.796875,0.5155404210090637,0.4107099771499634,5.2653703689575195
240,3.0689237117767334,5.257696151733398,0.21768541634082794,2.7111732959747314,0.9198189973831177,0.6260391473770142,10.078266143798828,1292.942266708492,0.0001446,3.6792309284210205,2.0343570709228516,0.9414102435112,0.9193857908248901,0.6473403573036194,0.8894800543785095,0.100947305560112,0.28125,3.84375,0.594323992729187,0.516605794429779,4.49619197845459
250,3.104868173599243,5.305051803588867,0.16983795166015625,2.6121010780334473,0.9951627254486084,0.7105575203895569,10.163792610168457,1292.888566086587,0.00015059999999999997,3.7333197593688965,2.0948383808135986,0.9351551532745361,0.8655387759208679,0.6063825488090515,0.8906223177909851,0.13518299162387848,0.25,3.734375,0.5776163935661316,0.48264095187187195,4.751645565032959
260,2.851036310195923,4.761023044586182,0.2000764161348343,2.8614845275878906,0.7875776290893555,0.5234658718109131,10.373725891113281,1292.8353708970533,0.00015659999999999998,3.4325523376464844,1.9383862018585205,0.948229193687439,0.939207136631012,0.6664538383483887,0.8945398926734924,0.14839693903923035,0.28125,3.15625,0.6325421929359436,0.495218962430954,5.024078369140625
270,2.7925965785980225,4.944554328918457,0.22902323305606842,2.3067421913146973,0.7077462077140808,0.564699649810791,10.444519996643066,1292.7815243078949,0.0001626,3.4307565689086914,2.127199411392212,0.9361628890037537,0.8415944576263428,0.5933577418327332,0.9022722244262695,0.19696968793869019,0.234375,2.875,0.5828462243080139,0.4423705041408539,5.274139881134033
280,2.713749885559082,4.736972332000732,0.2593003511428833,2.3673393726348877,0.6512539982795715,0.6319071054458618,10.499945640563965,1292.726677020115,0.0001686,3.2781550884246826,1.8813506364822388,0.9492377042770386,0.9481533169746399,0.6594926118850708,0.8922964930534363,0.13782817125320435,0.390625,2.5625,0.6354094743728638,0.529014527797699,4.890556335449219
290,2.868929147720337,5.123795509338379,0.24538609385490417,2.2746756076812744,0.6544660329818726,0.6257613897323608,10.545220375061035,1292.6720144608494,0.00017459999999999996,3.3883025646209717,1.7312449216842651,0.9508883357048035,0.9457851052284241,0.7207325100898743,0.8892835974693298,0.14281541109085083,0.359375,2.546875,0.6705229878425598,0.58405601978302,3.0521018505096436
300,2.7344677448272705,4.693215370178223,0.13501465320587158,2.6396377086639404,0.5675413012504578,0.5230854749679565,10.693845748901367,1292.6143441348527,0.00018059999999999997,3.3812637329101562,2.155986785888672,0.9459440112113953,0.9292675852775574,0.6242126226425171,0.8833415508270264,0.15607580542564392,0.1875,3.109375,0.4815369248390198,0.43101751804351807,6.504570960998535
310,2.6616480350494385,4.545538425445557,0.1574442982673645,2.684553384780884,0.531795859336853,0.5572270750999451,10.867646217346191,1292.5549690556645,0.00018659999999999998,3.267603874206543,2.019853115081787,0.9431267976760864,0.931551992893219,0.6881592869758606,0.8959237933158875,0.2177978903055191,0.171875,3.203125,0.5990731120109558,0.49824512004852295,6.148521423339844
320,2.5296249389648438,4.656126976013184,0.1606835573911667,2.3862104415893555,0.45214423537254333,0.6466695070266724,10.824776649475098,1292.4959996877292,0.0001926,3.1081008911132812,1.928252935409546,0.9414322376251221,0.9119194149971008,0.6492874622344971,0.8846099376678467,0.22270983457565308,0.296875,2.46875,0.5430837869644165,0.46096062660217285,4.532338619232178
330,2.5106914043426514,4.390566825866699,0.1813775599002838,2.4338502883911133,0.45990994572639465,0.6756306290626526,10.884649276733398,1292.4376550565005,0.0001986,3.012453317642212,1.6725395917892456,0.9394911527633667,0.9026330709457397,0.7173535227775574,0.89702308177948,0.2074340581893921,0.34375,2.046875,0.7443474531173706,0.5735549926757812,4.530465602874756
340,2.7950263023376465,4.700292110443115,0.19823874533176422,2.367466688156128,0.4374709129333496,0.5432694554328918,10.941985130310059,1292.3793659426299,0.00020459999999999999,3.3499343395233154,1.8496935367584229,0.9646685123443604,0.9600937366485596,0.7332771420478821,0.8738950490951538,0.13716356456279755,0.359375,2.53125,0.5777778029441833,0.4651411473751068,5.0739946365356445
350,2.59118914604187,4.609908580780029,0.19195224344730377,2.485506534576416,0.38212454319000244,0.6173573136329651,10.974323272705078,1292.318943526628,0.00021059999999999997,3.1364471912384033,1.8175264596939087,0.953026294708252,0.9220386743545532,0.6088261604309082,0.8900448083877563,0.20391933619976044,0.375,1.9375,0.6187864542007446,0.5141866207122803,5.714725971221924
360,2.5304830074310303,4.35015869140625,0.18401019275188446,2.4116785526275635,0.3752962052822113,0.6497380137443542,11.157315254211426,1292.2603453570098,0.00021659999999999998,3.0769217014312744,1.8214623928070068,0.947773814201355,0.8890952467918396,0.7310361266136169,0.9061716794967651,0.18359375,0.3125,2.390625,0.5846028327941895,0.4745617210865021,5.825173854827881
370,2.5123298168182373,4.487253189086914,0.08433078974485397,2.1937825679779053,0.40294361114501953,0.73528653383255,11.222237586975098,1292.2008351710992,0.0002226,3.0656094551086426,1.8442656993865967,0.9563896656036377,0.930833101272583,0.7066870927810669,0.9046338796615601,0.2852574288845062,0.34375,2.015625,0.5103722214698792,0.39965546131134033,4.747872352600098
380,2.546363115310669,4.749117851257324,0.15059010684490204,2.2462620735168457,0.3489145040512085,0.4877992272377014,11.377237319946289,1292.14090072523,0.00022859999999999997,3.0606637001037598,1.7143352031707764,0.962769627571106,0.9573825597763062,0.7133987545967102,0.9025593400001526,0.20081453025341034,0.359375,1.9375,0.6306737065315247,0.5226269364356995,3.7608306407928467
390,2.426255941390991,4.3885273933410645,0.19029033184051514,2.1937644481658936,0.34933701157569885,0.7140856385231018,11.340916633605957,1292.079914752376,0.00023459999999999998,2.8764801025390625,1.5007470846176147,0.952157735824585,0.9342746734619141,0.7297940254211426,0.9088595509529114,0.29575639963150024,0.46875,1.46875,0.6779694557189941,0.5800316333770752,3.701747179031372
400,2.426848888397217,4.449016571044922,0.15507738292217255,2.2137136459350586,0.29112088680267334,0.5754977464675903,11.419013023376465,1292.0191785164002,0.0002406,2.9210476875305176,1.647329330444336,0.9459571838378906,0.9026558995246887,0.6211725473403931,0.9032235145568848,0.27640584111213684,0.359375,1.703125,0.6471827626228333,0.5409625172615051,4.002636909484863
410,2.2226009368896484,3.8507444858551025,0.10752304643392563,2.3491644859313965,0.29105839133262634,0.527073860168457,11.574628829956055,1291.95738772708,0.0002466,2.7894716262817383,1.8895692825317383,0.9556373357772827,0.9548500776290894,0.694420337677002,0.8881161212921143,0.3149442970752716,0.390625,1.734375,0.5049156546592712,0.3784506618976593,6.524930477142334
420,2.2966244220733643,3.9729323387145996,0.16330954432487488,2.391636371612549,0.3085571229457855,0.5643672943115234,11.746808052062988,1291.893907174492,0.00025259999999999996,2.8175454139709473,1.736402988433838,0.9548494219779968,0.9543026089668274,0.7369452118873596,0.8971207737922668,0.2606728672981262,0.390625,1.84375,0.5975825190544128,0.4638693928718567,6.471804618835449
430,2.580540895462036,4.392358303070068,0.19166651368141174,2.4762237071990967,0.2801602780818939,0.46754881739616394,11.741996765136719,1291.8313847883273,0.0002586,3.0599050521850586,1.5978801250457764,0.9588085412979126,0.9362788796424866,0.7465949654579163,0.9015486836433411,0.2732919156551361,0.390625,2.578125,0.6527084112167358,0.5473116636276245,4.8433966636657715
440,2.3332455158233643,4.164812088012695,0.12534092366695404,2.3586316108703613,0.2908141314983368,0.4977698028087616,11.831636428833008,1291.7635352502916,0.0002646,2.8575055599212646,1.7475332021713257,0.9559565186500549,0.9414252042770386,0.6417948007583618,0.9002587199211121,0.2679145932197571,0.34375,1.734375,0.5750419497489929,0.481995552778244,5.930045127868652
450,2.4196712970733643,4.322631359100342,0.15279856324195862,2.3963050842285156,0.29532870650291443,1.4159430265426636,11.770734786987305,1291.6952332654282,0.00027059999999999996,2.896714687347412,1.5901448726654053,0.9517498016357422,0.9391598701477051,0.6855338215827942,0.8874232769012451,0.2741492986679077,0.359375,1.296875,0.7275290489196777,0.606087327003479,4.3938069343566895
460,2.3889505863189697,4.056722164154053,0.12846297025680542,2.3596208095550537,0.2727677822113037,0.9975928068161011,11.938847541809082,1291.6294234496816,0.0002766,2.9175233840942383,1.761908769607544,0.9410123229026794,0.9026119709014893,0.637833297252655,0.8969162702560425,0.32548588514328003,0.421875,1.53125,0.5443969368934631,0.4599471390247345,6.089162826538086
470,2.144202947616577,3.9467949867248535,0.12062771618366241,2.0985443592071533,0.2788620591163635,0.6078028082847595,12.053629875183105,1291.5591978671746,0.0002826,2.686708450317383,1.8083515167236328,0.9425215125083923,0.9291300773620605,0.6236554384231567,0.9044382572174072,0.2778289020061493,0.40625,1.46875,0.51401287317276,0.3782940208911896,5.508807182312012
480,2.209530830383301,4.107292652130127,0.12739728391170502,2.2588765621185303,0.2630314230918884,0.6216294765472412,12.110302925109863,1291.4900202465267,0.00028859999999999997,2.6733617782592773,1.5461028814315796,0.9504409432411194,0.9170912504196167,0.701866626739502,0.9141101837158203,0.3472135365009308,0.421875,1.40625,0.5879514813423157,0.5503295063972473,4.251595973968506
490,2.255812644958496,4.1198835372924805,0.17416810989379883,2.1286959648132324,0.24179990589618683,0.5301086902618408,12.246038436889648,1291.423150489462,0.00029459999999999995,2.7098333835601807,1.5134023427963257,0.949862003326416,0.9194033145904541,0.7316705584526062,0.9009587168693542,0.25456178188323975,0.40625,1.4375,0.5932265520095825,0.5319505333900452,3.866446018218994
500,2.296126365661621,3.998640537261963,0.11219080537557602,2.3078434467315674,0.2785353362560272,1.1674388647079468,12.258136749267578,1291.352442362598,0.0003,2.781859874725342,1.6191115379333496,0.9481455087661743,0.9332040548324585,0.6800015568733215,0.9000837802886963,0.383174866437912,0.390625,1.390625,0.6075471639633179,0.5285574793815613,5.608120441436768
510,2.2055599689483643,4.072476387023926,0.07567984610795975,2.174001932144165,0.25378602743148804,0.643079400062561,12.339032173156738,1291.2844766356634,0.0002999998247999598,2.7553458213806152,1.832619071006775,0.9496773481369019,0.9017341136932373,0.6387937068939209,0.9112167358398438,0.36770305037498474,0.265625,1.921875,0.47765228152275085,0.4055171012878418,5.9355998039245605
520,2.170813798904419,3.6696977615356445,0.07721134275197983,2.3423807621002197,0.21250683069229126,0.6691482067108154,12.467772483825684,1291.2181593643645,0.0002999992992002938,2.644627094268799,1.5793777704238892,0.94933021068573,0.9492504596710205,0.7124888896942139,0.9066544771194458,0.33869579434394836,0.453125,1.171875,0.6691698431968689,0.48908400535583496,7.013469696044922
530,2.3454387187957764,4.02754020690918,0.13385102152824402,2.3491039276123047,0.21615348756313324,0.5430909991264343,12.491584777832031,1291.1516780928619,0.0002999984232023663,2.834869384765625,1.631435513496399,0.9498440027236938,0.9169957041740417,0.7281368970870972,0.8956711888313293,0.3192526400089264,0.390625,0.9375,0.606076717376709,0.4915122091770172,5.4780731201171875
540,2.218590021133423,3.8465466499328613,0.11562782526016235,2.4054861068725586,0.20956732332706451,0.7046172022819519,12.686810493469238,1291.0860625093512,0.0002999971968084511,2.6799538135528564,1.5378789901733398,0.9473758935928345,0.9425123333930969,0.6660221815109253,0.8984852433204651,0.3792065680027008,0.40625,1.140625,0.6062535643577576,0.5340912938117981,5.001412391662598
550,2.2772109508514404,3.9586477279663086,0.1331787407398224,2.265835762023926,0.21121098101139069,0.6130497455596924,12.78890609741211,1291.018470163545,0.0002999956200217312,2.734433889389038,1.5240764617919922,0.9594005346298218,0.9276752471923828,0.71152663230896,0.9061163663864136,0.40910452604293823,0.5,0.96875,0.6588504910469055,0.5087451338768005,5.208769798278809
560,2.403078556060791,4.358129978179932,0.1379164457321167,1.9403623342514038,0.20757944881916046,0.5998232364654541,12.79517650604248,1290.9523428415055,0.0002999936928462994,2.820795774459839,1.3923909664154053,0.9654259085655212,0.9583136439323425,0.7403878569602966,0.9204997420310974,0.36277085542678833,0.546875,1.25,0.6660024523735046,0.5723259449005127,4.101057052612305
570,2.1773736476898193,3.8811395168304443,0.06985402852296829,2.095802068710327,0.21307769417762756,0.5605009198188782,12.79897403717041,1290.8881179844018,0.00029999141528715763,2.6831953525543213,1.6860724687576294,0.9569743871688843,0.946349024772644,0.6678287982940674,0.9112744927406311,0.2746903598308563,0.421875,1.078125,0.5298718810081482,0.41646823287010193,5.469130516052246
580,2.1822102069854736,3.8290741443634033,0.11677835881710052,2.337820053100586,0.19319693744182587,1.1268631219863892,13.000624656677246,1290.8244342440164,0.0002999887873502176,2.6590182781219482,1.589359998703003,0.9564523100852966,0.9408355355262756,0.7409043908119202,0.9114011526107788,0.31092438101768494,0.484375,1.296875,0.5612173676490784,0.4704150855541229,6.259425640106201
590,2.1955819129943848,3.917994260787964,0.13039889931678772,2.1037375926971436,0.20308449864387512,0.622367262840271,13.122682571411133,1290.7593932224465,0.0002999858090423001,2.632955551147461,1.4579124450683594,0.9594916701316833,0.9572624564170837,0.7458609938621521,0.9013134837150574,0.3526514172554016,0.46875,1.140625,0.6204088926315308,0.5223223567008972,5.0230560302734375
600,2.1982038021087646,4.133067607879639,0.13078543543815613,1.8827593326568604,0.2110070437192917,0.7473899126052856,12.758905410766602,1290.693935722318,0.00029998248037113557,2.599980354309082,1.3392548561096191,0.952459454536438,0.9312174320220947,0.6817858815193176,0.910133957862854,0.3898012042045593,0.46875,0.953125,0.6903771758079529,0.6314408183097839,3.0231921672821045
610,1.8790690898895264,3.4982805252075195,0.04683854058384895,2.0482935905456543,0.1919528692960739,0.739923894405365,12.994943618774414,1290.6286748429866,0.0002999788013453637,2.3187503814697266,1.4656039476394653,0.9515532851219177,0.9335224032402039,0.7072896957397461,0.9031136631965637,0.25985151529312134,0.484375,1.078125,0.6039561629295349,0.488749235868454,5.316038608551025
620,1.9585611820220947,3.6882948875427246,0.10222502797842026,2.0015292167663574,0.19211982190608978,0.7099135518074036,13.309830665588379,1290.5656995311665,0.0002999747719745338,2.4217042922973633,1.5438107252120972,0.945707380771637,0.9117875695228577,0.6713753938674927,0.8839598298072815,0.3636363446712494,0.4375,0.890625,0.6326357126235962,0.557984471321106,5.1240997314453125
630,2.217930555343628,4.058279991149902,0.0786748006939888,1.8584529161453247,0.19392354786396027,2.0345633029937744,13.260327339172363,1290.5025294153402,0.0002999703922691041,2.6908376216888428,1.5763567686080933,0.9525474905967712,0.9256591200828552,0.7415570020675659,0.9001081585884094,0.3108702003955841,0.46875,1.0,0.5187636613845825,0.5221729874610901,4.452880382537842
640,2.2462611198425293,3.978386878967285,0.10323231667280197,2.1928045749664307,0.18196412920951843,0.6997299194335938,13.084052085876465,1290.4420917565212,0.0002999656622404425,2.710249900817871,1.5466289520263672,0.9519755244255066,0.9440461993217468,0.7281360626220703,0.9145660996437073,0.3820638656616211,0.5,0.828125,0.5370680093765259,0.5005374550819397,5.224264144897461
650,2.163163900375366,3.8632004261016846,0.07501482963562012,2.092562198638916,0.1857263594865799,0.8830816745758057,13.178213119506836,1290.379485630944,0.000299960581900826,2.661860704421997,1.6623226404190063,0.9553036093711853,0.9273289442062378,0.7086296677589417,0.909239649772644,0.38402366638183594,0.390625,1.125,0.4544140100479126,0.4280044734477997,6.044074535369873
660,2.160353899002075,3.943510055541992,0.15483099222183228,1.8821736574172974,0.2071647346019745,0.6331263780593872,13.029104232788086,1290.315993313906,0.000299955151263441,2.5803775787353516,1.4000792503356934,0.9555057287216187,0.9393585324287415,0.718665361404419,0.9182227849960327,0.3861643373966217,0.375,0.9375,0.6247694492340088,0.6037002801895142,2.6736133098602295
670,2.1260323524475098,3.974775552749634,0.0957171618938446,1.8894908428192139,0.21408022940158844,1.1300157308578491,13.193037033081055,1290.2532427782187,0.0002999493703423829,2.545984983444214,1.3998417854309082,0.9545581936836243,0.9100842475891113,0.6443878412246704,0.9056385159492493,0.32313308119773865,0.578125,0.578125,0.6662664413452148,0.6152955889701843,4.030647277832031
680,1.9193694591522217,3.5063977241516113,0.08796089887619019,2.068481683731079,0.19614596664905548,1.0147840976715088,13.486578941345215,1290.1918755783677,0.00029994323915265644,2.429666042327881,1.700989007949829,0.9444969296455383,0.8606745004653931,0.6054747700691223,0.908621072769165,0.4091043174266815,0.453125,0.78125,0.5057967901229858,0.43234747648239136,5.32710599899292
690,2.1294422149658203,3.6925697326660156,0.15597286820411682,2.17513370513916,0.17711220681667328,0.760970950126648,13.448729515075684,1290.1311350578883,0.00029993675771017547,2.6150171756744385,1.61858332157135,0.9515194296836853,0.9355942606925964,0.6719611883163452,0.9097023606300354,0.32944342494010925,0.5,0.78125,0.5117292404174805,0.4864780008792877,5.854499340057373
700,2.1094539165496826,3.7201719284057617,0.06321647018194199,2.071155309677124,0.1983807384967804,0.7172598242759705,13.5018310546875,1290.0702210799295,0.00029992992603176304,2.5550620555877686,1.4853607416152954,0.9633501172065735,0.9673116207122803,0.7652888298034668,0.9270283579826355,0.31448379158973694,0.46875,1.21875,0.5709062218666077,0.47070977091789246,5.853785991668701
710,2.0974278450012207,3.3962860107421875,0.07277920842170715,2.3088557720184326,0.16832883656024933,0.5978025197982788,13.565803527832031,1290.0117131283323,0.00029992274413515095,2.6080732345581055,1.7021510601043701,0.9592640399932861,0.9482928514480591,0.7304219603538513,0.9153367280960083,0.4351213574409485,0.515625,0.8125,0.41985929012298584,0.35989707708358765,6.0428009033203125
720,2.292008638381958,4.1708903312683105,0.16101521253585815,2.2030184268951416,0.17771464586257935,0.96214359998703,13.547508239746094,1289.951247961084,0.0002999152120389804,2.6906044483184814,1.3286528587341309,0.9632044434547424,0.9366520047187805,0.7070964574813843,0.9215197563171387,0.4347148537635803,0.515625,0.84375,0.6201280355453491,0.6283954381942749,3.3499772548675537
730,2.049870491027832,3.470980644226074,0.11361406743526459,2.1676390171051025,0.16959775984287262,0.724544882774353,13.63314151763916,1289.8908889558272,0.0002999073297628013,2.520793914794922,1.56974458694458,0.9480886459350586,0.9216177463531494,0.6627907156944275,0.889555037021637,0.36138132214546204,0.5,0.703125,0.5036224722862244,0.5178055763244629,5.087980270385742
740,2.1520252227783203,4.0223188400268555,0.07530048489570618,2.044447898864746,0.17319132387638092,1.2444088459014893,13.458528518676758,1289.8313416819362,0.00029989909732707257,2.5404582023620605,1.2947769165039062,0.9529765248298645,0.9205618500709534,0.6639124751091003,0.9130995869636536,0.40683409571647644,0.515625,0.75,0.6437845230102539,0.603213906288147,3.544722557067871
750,2.111525774002075,3.74200439453125,0.13321930170059204,2.2847447395324707,0.16236385703086853,1.0416148900985718,13.761385917663574,1289.7682422990265,0.0002998905147531619,2.537165880203247,1.4188004732131958,0.9473904371261597,0.913526177406311,0.691041111946106,0.9142737984657288,0.3828951418399811,0.46875,0.9375,0.6579434871673584,0.5645554065704346,4.139678955078125
760,2.2890093326568604,4.003833293914795,0.11455591022968292,2.175875425338745,0.16485460102558136,0.830578625202179,13.775786399841309,1289.7084964087162,0.00029988158206334587,2.7040319442749023,1.3834089040756226,0.9666505455970764,0.9632534384727478,0.769599974155426,0.9232518076896667,0.4265536665916443,0.5,0.8125,0.6610791683197021,0.5919049382209778,4.5055460929870605
770,2.1032066345214844,3.875703811645508,0.08114723116159439,2.1446430683135986,0.17568646371364594,0.7885714769363403,13.615569114685059,1289.6509639029864,0.00029987229928080973,2.570416212081909,1.5573649406433105,0.9524762034416199,0.9416539669036865,0.6937710642814636,0.9130039215087891,0.41335999965667725,0.609375,0.5625,0.40923866629600525,0.46805012226104736,4.3480544090271
780,2.174668312072754,3.948580026626587,0.0980219691991806,2.056205987930298,0.16410520672798157,0.6489096879959106,13.912762641906738,1289.5942952850744,0.0002998626664296476,2.5558981895446777,1.270766258239746,0.9550029635429382,0.9433838725090027,0.7222425937652588,0.9061563611030579,0.4003826081752777,0.578125,0.8125,0.690040647983551,0.6603939533233643,3.2058355808258057
790,1.962401270866394,3.5607473850250244,0.09413477778434753,2.080303192138672,0.14695267379283905,0.755042314529419,13.990135192871094,1289.5388731387757,0.000299852683534862,2.352771520614624,1.3012340068817139,0.9550961852073669,0.9528582096099854,0.7014844417572021,0.9101130962371826,0.4209786355495453,0.609375,0.484375,0.5899060964584351,0.5811722278594971,3.4003794193267822
800,2.3247716426849365,4.0744805335998535,0.17212508618831635,2.177896738052368,0.15277911722660065,0.8665976524353027,13.918533325195312,1289.4766303538836,0.0002998423506223641,2.6867129802703857,1.2064709663391113,0.9659249186515808,0.9725044369697571,0.7818616032600403,0.9128385782241821,0.36052247881889343,0.65625,0.625,0.6438910365104675,0.6384040713310242,3.2076234817504883
810,1.9172110557556152,3.4375057220458984,0.0824388638138771,1.9318684339523315,0.17769336700439453,1.2918448448181152,14.024029731750488,1289.418787856929,0.00029983166771897345,2.299637794494629,1.2747557163238525,0.9562330842018127,0.9293173551559448,0.696007251739502,0.9089106321334839,0.4337252974510193,0.53125,0.75,0.659299373626709,0.6174033284187317,3.522170305252075
820,2.175672769546509,3.9235758781433105,0.0342547744512558,2.015082359313965,0.16001981496810913,0.5755192041397095,13.971291542053223,1289.3611724425443,0.00029982063485241837,2.574171304702759,1.3283286094665527,0.9531299471855164,0.9243654012680054,0.6949746012687683,0.9099296927452087,0.3589369058609009,0.484375,0.921875,0.6064232587814331,0.6147984862327576,3.676138401031494
830,2.001288652420044,3.6243364810943604,0.11911016702651978,2.0608701705932617,0.146669402718544,0.6820738315582275,13.963627815246582,1289.3036039513215,0.00029980925205133505,2.3645236492156982,1.2107834815979004,0.9585036039352417,0.9480577111244202,0.6865096092224121,0.9041509032249451,0.35649141669273376,0.53125,0.609375,0.7588433623313904,0.6190847754478455,2.821204662322998
840,2.1392860412597656,3.8262686729431152,0.11920520663261414,2.1070895195007324,0.17175735533237457,0.6481984853744507,14.024772644042969,1289.2435246229177,0.0002997975193452683,2.6015067100524902,1.5407354831695557,0.9517970085144043,0.9027484655380249,0.6173809766769409,0.9052620530128479,0.39898040890693665,0.515625,0.640625,0.5327192544937134,0.5082042813301086,4.236508846282959
850,2.090933084487915,3.987882614135742,0.04734427109360695,2.0276851654052734,0.17267340421676636,0.8361395001411438,13.963737487792969,1289.1844319925126,0.000299785436764671,2.5240769386291504,1.443812370300293,0.9569588899612427,0.9350976943969727,0.6662614941596985,0.9168899655342102,0.3494889438152313,0.46875,0.875,0.5895488858222961,0.5517075657844543,4.020923614501953
860,1.928673505783081,3.4442851543426514,0.05464629828929901,1.8770369291305542,0.16426104307174683,0.6418812274932861,14.085745811462402,1289.1252391940627,0.00029977300434090413,2.294184923171997,1.2183712720870972,0.9597573280334473,0.9443061947822571,0.7479865550994873,0.920626699924469,0.40914708375930786,0.640625,0.515625,0.6321918964385986,0.6012658476829529,3.8380370140075684
870,2.007012367248535,3.7185187339782715,0.0872628316283226,1.8407340049743652,0.18171848356723785,0.775232195854187,14.298550605773926,1289.0719698544715,0.0002997602221062368,2.441694498062134,1.4489402770996094,0.9355705976486206,0.8535478711128235,0.6804060935974121,0.9183168411254883,0.4239237606525421,0.515625,0.6875,0.5732677578926086,0.5338283777236938,3.3163504600524902
880,2.0306334495544434,3.7227892875671387,0.11288463324308395,2.0402843952178955,0.167913019657135,0.7484211325645447,14.292778015136719,1289.0189727462462,0.000299747090093846,2.4239869117736816,1.3111777305603027,0.9458253979682922,0.9328393936157227,0.7039849162101746,0.9120016694068909,0.39773714542388916,0.5625,0.796875,0.6163599491119385,0.6224690079689026,3.1510543823242188
890,1.8589253425598145,3.5208141803741455,0.078387051820755,1.829673171043396,0.1569933444261551,0.9291113615036011,14.143709182739258,1288.9632080435072,0.00029973360833781664,2.2260477542877197,1.223741054534912,0.9504974484443665,0.8985020518302917,0.6681337356567383,0.9190618991851807,0.4024427533149719,0.65625,0.46875,0.6122530102729797,0.594548761844635,1.8356679677963257
900,2.1915571689605713,3.939610242843628,0.07783214002847672,1.974938988685608,0.15624414384365082,1.4503034353256226,14.375258445739746,1288.9083899335608,0.00029971977687314133,2.540914535522461,1.164524793624878,0.9589551091194153,0.9557958841323853,0.7596524953842163,0.9302873015403748,0.43023258447647095,0.53125,0.828125,0.7111640572547913,0.6752530336380005,3.4373233318328857
910,1.888835072517395,3.3413641452789307,0.023337045684456825,2.084883213043213,0.14621861279010773,0.6614410281181335,14.503653526306152,1288.8519230524016,0.00029970559573572035,2.292860507965088,1.3467518091201782,0.962051272392273,0.9563323259353638,0.7230175137519836,0.9152982234954834,0.43287673592567444,0.546875,0.734375,0.5856227278709412,0.5596203207969666,5.047148704528809
920,2.02018666267395,3.866199016571045,0.06891574710607529,1.921518087387085,0.16005180776119232,0.951916515827179,14.4411039352417,1288.7962521934853,0.00029969106496236176,2.4424848556518555,1.4076604843139648,0.9421569108963013,0.9265806078910828,0.6544989347457886,0.9087129831314087,0.37590083479881287,0.546875,0.90625,0.6013895273208618,0.6193404197692871,2.970409393310547
930,2.1874115467071533,3.8124852180480957,0.04289313778281212,2.162919521331787,0.15156693756580353,0.7505137920379639,14.166643142700195,1288.7410812916403,0.00029967618459078094,2.5559184551239014,1.2283560037612915,0.9661493301391602,0.9498718976974487,0.7292236089706421,0.9035443067550659,0.39765626192092896,0.578125,0.734375,0.6333904266357422,0.6060444712638855,4.057212829589844
940,1.9585474729537964,3.4898698329925537,0.041151199489831924,2.153118371963501,0.15394391119480133,0.7107750177383423,14.208598136901855,1288.6846662481757,0.0002996609546596007,2.345795154571533,1.2908251285552979,0.9492524266242981,0.9536508917808533,0.734281599521637,0.9179620742797852,0.45853081345558167,0.640625,0.5625,0.5661277770996094,0.5736393332481384,3.278803586959839
950,1.9800280332565308,3.641793966293335,0.08926542103290558,2.066649913787842,0.1522587090730667,0.6200550198554993,14.209712982177734,1288.6290594168813,0.0002996453752083513,2.3755979537963867,1.3185663223266602,0.9506977200508118,0.9198553562164307,0.6839969158172607,0.9078380465507507,0.3958960175514221,0.5625,0.703125,0.6329036951065063,0.5603222846984863,3.6449925899505615
960,1.7673542499542236,3.268871545791626,0.08485151827335358,1.9290008544921875,0.15521474182605743,1.1220321655273438,14.48244857788086,1288.5758475518755,0.0002996294462774699,2.1778526306152344,1.3683276176452637,0.9440838098526001,0.9300121068954468,0.6971602439880371,0.9061598181724548,0.34180712699890137,0.5625,0.578125,0.5590407252311707,0.5175290703773499,4.005280017852783
970,2.2262938022613525,3.98688006401062,0.06218276917934418,2.0359673500061035,0.15761806070804596,0.7895339727401733,14.678926467895508,1288.5199276536357,0.0002996131679083011,2.607496500015259,1.270675539970398,0.9531047344207764,0.9100572466850281,0.6481790542602539,0.9098518490791321,0.3985673189163208,0.640625,0.578125,0.6152539253234863,0.6640633344650269,2.247959852218628
980,2.1004788875579834,3.768007278442383,0.030288461595773697,2.2022154331207275,0.1410890817642212,1.7562540769577026,14.44282341003418,1288.4656545476025,0.0002995965401430962,2.53137469291687,1.43631911277771,0.9644718170166016,0.962904691696167,0.7631629705429077,0.9222398996353149,0.4387255012989044,0.46875,1.0,0.4914340078830719,0.513653039932251,4.268071174621582
990,1.8724162578582764,3.274118661880493,0.06527760624885559,1.9720584154129028,0.15888096392154694,1.291279673576355,14.513011932373047,1288.4108671031847,0.0002995795630250136,2.2817399501800537,1.3644121885299683,0.9468420743942261,0.926386296749115,0.6684694290161133,0.9079715609550476,0.43293991684913635,0.5625,0.75,0.6177452206611633,0.5358595848083496,3.3071861267089844
1000,2.267902374267578,4.160801887512207,0.13177180290222168,1.6877607107162476,0.14173999428749084,1.0864489078521729,14.622838020324707,1288.3567116907852,0.00029956223659811834,2.584998607635498,1.0569870471954346,0.9586430788040161,0.9497048258781433,0.7667689323425293,0.9127346277236938,0.4060283601284027,0.5625,0.625,0.6902394890785217,0.7471880912780762,1.7707282304763794
1010,1.9109314680099487,3.607396125793457,0.05501452833414078,1.8647102117538452,0.13788266479969025,0.7538554668426514,14.462890625,1288.3032750385767,0.00029954456090738207,2.2677836418151855,1.1895067691802979,0.9530463814735413,0.9616212248802185,0.7115671038627625,0.9197922945022583,0.41796761751174927,0.625,0.484375,0.6369838714599609,0.6468906998634338,2.6802496910095215
1020,2.079150676727295,3.9494788646698,0.08236730098724365,1.727146029472351,0.16923901438713074,0.7629806399345398,14.594185829162598,1288.2514168261444,0.0002995265359986831,2.476435899734497,1.3242838382720947,0.948871374130249,0.9032220244407654,0.6658828258514404,0.9243558049201965,0.4459502100944519,0.703125,0.609375,0.5669350624084473,0.6384739875793457,2.2938497066497803
1030,1.9998795986175537,3.6269922256469727,0.08247166126966476,1.8942683935165405,0.11821022629737854,0.6349082589149475,14.648529052734375,1288.1975190398487,0.00029950816191880603,2.3405323028564453,1.1355088949203491,0.9512620568275452,0.9467348456382751,0.74638831615448,0.9111366868019104,0.4477524757385254,0.609375,0.671875,0.6542282104492188,0.6857560873031616,2.566586494445801
1040,2.1515302658081055,3.8551230430603027,0.0981283038854599,2.0275235176086426,0.1422138512134552,1.5841563940048218,14.451066017150879,1288.1428563031077,0.00029948943871544186,2.515377998352051,1.2128255367279053,0.9647664427757263,0.9606905579566956,0.7624093890190125,0.9222626686096191,0.4246363639831543,0.5625,0.5625,0.5903788208961487,0.6535137891769409,3.2984554767608643
1050,2.1095521450042725,3.8184385299682617,0.16872897744178772,2.028472423553467,0.13638900220394135,1.348291277885437,14.769832611083984,1288.0917560591129,0.0002994703664371877,2.467926502227783,1.1945815086364746,0.951784074306488,0.9287054538726807,0.7183035612106323,0.9125179648399353,0.4354136288166046,0.546875,0.6875,0.6982360482215881,0.63152015209198,2.2611887454986572
1060,1.9335007667541504,3.398651599884033,0.057788971811532974,2.1385743618011475,0.14417293667793274,1.7620849609375,14.65860366821289,1288.0401446859062,0.00029945094513354677,2.306053638458252,1.24184250831604,0.9556676745414734,0.9598559737205505,0.7318742275238037,0.9118130207061768,0.38860875368118286,0.578125,0.59375,0.6644184589385986,0.5897418260574341,3.903986692428589
1070,1.9255611896514893,3.5251691341400146,0.0267388466745615,1.9523738622665405,0.13779909908771515,0.827014684677124,14.622965812683105,1287.98784154519,0.00029943117485492813,2.2859253883361816,1.2012141942977905,0.9545976519584656,0.8802891969680786,0.672175943851471,0.9217204451560974,0.40394383668899536,0.765625,0.34375,0.6301036477088928,0.6101989150047302,2.9621968269348145
1080,1.8253728151321411,3.311807870864868,0.045567382127046585,1.976037621498108,0.148223876953125,0.8662431240081787,14.732495307922363,1287.9357083979817,0.0002994110556526466,2.230212926864624,1.349467158317566,0.9456475973129272,0.9267903566360474,0.6850742697715759,0.9179021120071411,0.48267966508865356,0.578125,0.53125,0.5928025841712952,0.5629720687866211,3.787797451019287
1090,1.922544002532959,3.5797488689422607,0.04155797138810158,1.8917996883392334,0.1360701471567154,0.6827473640441895,14.759504318237305,1287.8828452601376,0.0002993905875789227,2.2978391647338867,1.2509838342666626,0.9546619057655334,0.9245283007621765,0.66725093126297,0.9251797199249268,0.4409176707267761,0.59375,0.671875,0.6970927715301514,0.6165676116943359,3.095210075378418
1100,1.9179036617279053,3.4746758937835693,0.049993228167295456,2.2476398944854736,0.12863339483737946,0.8419106006622314,14.726300239562988,1287.8306702666655,0.00029936977068688254,2.2593352794647217,1.1381052732467651,0.9591914415359497,0.9345260262489319,0.7345091104507446,0.9246655106544495,0.46185898780822754,0.703125,0.421875,0.6467432975769043,0.6478761434555054,2.831195592880249
1110,2.0816400051116943,3.9863204956054688,0.08783920109272003,1.6823946237564087,0.22500921785831451,2.9162967205047607,14.554981231689453,1287.7761819016864,0.0002993486050305575,2.4634459018707275,1.2726860046386719,0.9521211981773376,0.9358825087547302,0.6719343662261963,0.9130803346633911,0.440830796957016,0.578125,0.65625,0.6188251376152039,0.6233128309249878,2.324570655822754
1120,2.1538963317871094,4.032252311706543,0.058539990335702896,1.912392497062683,0.1600128710269928,1.2384049892425537,14.68136215209961,1287.7286764325863,0.0002993270906648842,2.528879165649414,1.2499423027038574,0.9542855620384216,0.9417709112167358,0.6934714913368225,0.9213346242904663,0.43320325016975403,0.515625,0.703125,0.6594739556312561,0.634089469909668,2.5191009044647217
1130,2.1100645065307617,3.7829859256744385,0.04978102445602417,2.0513758659362793,0.1415899097919464,0.9280171990394592,14.672943115234375,1287.6793081376056,0.00029930522764570435,2.4767377376556396,1.222244143486023,0.9595906734466553,0.9501617550849915,0.7085252404212952,0.926237165927887,0.510453999042511,0.515625,0.71875,0.6392233371734619,0.6223997473716736,2.0630316734313965
1140,1.853350281715393,3.6012609004974365,0.03129187598824501,1.8216943740844727,0.13220280408859253,0.9882006049156189,14.806424140930176,1287.6295686937708,0.00029928301602976477,2.212705612182617,1.1978510618209839,0.9516531825065613,0.8709633350372314,0.6136189699172974,0.9166637063026428,0.5237700343132019,0.59375,0.515625,0.6460410952568054,0.6255488991737366,2.5052874088287354
1150,2.073420524597168,3.762577533721924,0.07564523071050644,1.9512213468551636,0.12597018480300903,0.8709526658058167,15.046221733093262,1287.5790070174198,0.00029926045587471686,2.447946071624756,1.2484188079833984,0.9545294642448425,0.9644315838813782,0.7255533933639526,0.9106690883636475,0.3701704442501068,0.65625,0.5625,0.5574779510498047,0.6072181463241577,2.8671281337738037
1160,2.025665044784546,3.5639443397521973,0.032743457704782486,2.061145067214966,0.1302860677242279,0.6273073554039001,14.945598602294922,1287.5295195003291,0.0002992375472391168,2.4208946228027344,1.3174322843551636,0.955534815788269,0.9407488703727722,0.7447500228881836,0.931125819683075,0.4711139500141144,0.609375,0.625,0.5428858995437622,0.5499259829521179,4.318968772888184
1170,2.127230405807495,3.8059136867523193,0.0549190454185009,2.129868745803833,0.13219572603702545,1.8285025358200073,15.060601234436035,1287.4787355886886,0.00029921429018242525,2.511634349822998,1.281346321105957,0.9530351161956787,0.9482051134109497,0.6773837804794312,0.9120600819587708,0.4392679035663605,0.5625,0.796875,0.5549259781837463,0.5954973101615906,3.1703836917877197
1180,1.9980227947235107,3.640615940093994,0.03969814255833626,2.0137274265289307,0.1654275506734848,1.732824683189392,15.044778823852539,1287.4284745813218,0.00029919068476500714,2.408015251159668,1.366641879081726,0.941889762878418,0.8636423349380493,0.6625853180885315,0.9201282262802124,0.44297680258750916,0.59375,0.625,0.5258563160896301,0.5527939796447754,1.5976076126098633
1190,2.0360538959503174,3.686206340789795,0.029449161142110825,2.0685930252075195,0.14808788895606995,1.029076337814331,14.943098068237305,1287.3769237299396,0.0002991667310481317,2.4099373817443848,1.2462785243988037,0.955664873123169,0.9325560927391052,0.7006348371505737,0.9172844886779785,0.49861952662467957,0.671875,0.5,0.6305468082427979,0.6119466423988342,3.458024501800537
1200,1.9033699035644531,3.3906800746917725,0.047006845474243164,2.0103564262390137,0.1339290887117386,0.5709800124168396,15.041482925415039,1287.3253055216067,0.00029914242909397223,2.2533509731292725,1.1666035652160645,0.9564012885093689,0.9397174715995789,0.6970810294151306,0.9120179414749146,0.42737993597984314,0.640625,0.578125,0.6008390784263611,0.6324980854988098,2.934485912322998
1210,2.092237949371338,3.6839230060577393,0.11900273710489273,1.9563853740692139,0.14710959792137146,1.0139456987380981,15.125245094299316,1287.2743963485761,0.0002991177789656057,2.469987154006958,1.2591639757156372,0.9663826823234558,0.9419737458229065,0.6780316233634949,0.9177232980728149,0.5107913613319397,0.65625,0.578125,0.6257503032684326,0.5703406929969788,2.8033576011657715
1220,1.8739384412765503,3.214077949523926,0.08491141349077225,2.222292184829712,0.14411495625972748,0.5845159292221069,15.06943130493164,1287.2244775597164,0.0002990927807270129,2.3163323402404785,1.474645972251892,0.9582176804542542,0.9570857882499695,0.7010086178779602,0.916307270526886,0.5214810967445374,0.609375,0.5,0.49976465106010437,0.4345569908618927,3.498018980026245
1230,2.1824951171875,3.8710484504699707,0.08936311304569244,2.156917095184326,0.11910035461187363,1.6528568267822266,14.867887496948242,1287.1747865782434,0.0002990674344430782,2.5183141231536865,1.119396686553955,0.9687511324882507,0.9540432691574097,0.7291561365127563,0.9283174276351929,0.464319109916687,0.609375,0.578125,0.6686229705810547,0.686716616153717,3.2521321773529053
1240,1.9914522171020508,3.6526763439178467,0.0493936724960804,1.7737298011779785,0.1396249234676361,0.7469201683998108,15.082558631896973,1287.1251776565712,0.0002990417401795894,2.391705274581909,1.334176778793335,0.956451952457428,0.938379168510437,0.7009016275405884,0.9058786034584045,0.44901105761528015,0.65625,0.5625,0.590126633644104,0.5765781998634338,3.579745292663574
1250,1.8599156141281128,3.367886781692505,0.02070261910557747,2.0171499252319336,0.14791496098041534,1.1384124755859375,14.987727165222168,1287.076457826764,0.00029901569800323726,2.2926087379455566,1.4423104524612427,0.9504616260528564,0.919344425201416,0.6957566142082214,0.9180299639701843,0.4528355598449707,0.59375,0.75,0.5151820182800293,0.4745507538318634,3.139104127883911
1260,1.993179440498352,3.621793508529663,0.03535294532775879,1.9518452882766724,0.12811952829360962,0.8943163156509399,14.95450496673584,1287.0278616944938,0.0002989893079816158,2.3398289680480957,1.1554982662200928,0.9537413716316223,0.9417430758476257,0.6873197555541992,0.9249922037124634,0.4821375012397766,0.5625,0.59375,0.6771075129508972,0.6473281383514404,2.0827410221099854
1270,2.013306140899658,3.634528636932373,0.04400813579559326,2.0239813327789307,0.1374780833721161,1.225265622138977,15.279511451721191,1286.9783261178666,0.00029896257018322166,2.394929885864258,1.2720787525177002,0.9611966609954834,0.9367901682853699,0.6999655365943909,0.9172347784042358,0.4928281605243683,0.65625,0.609375,0.6337754726409912,0.589529812335968,3.0796918869018555
1280,1.9774514436721802,3.5707077980041504,0.02719772234559059,1.9624663591384888,0.11336221545934677,0.9770894050598145,15.313883781433105,1286.928929671376,0.0002989354846774545,2.299239158630371,1.0726255178451538,0.9454693794250488,0.9360224008560181,0.7478533983230591,0.9171484112739563,0.4974767863750458,0.65625,0.5,0.5773707628250122,0.7116864919662476,1.7874445915222168
1290,1.7523820400238037,3.1440629959106445,0.06091200187802315,1.9708201885223389,0.12613613903522491,0.6878487467765808,15.184455871582031,1286.8800563998536,0.0002989080515346161,2.1479175090789795,1.3184514045715332,0.9534440040588379,0.9442771077156067,0.6885490417480469,0.91634601354599,0.46356165409088135,0.6875,0.40625,0.609091579914093,0.5324556231498718,3.4678618907928467
1300,1.9255155324935913,3.605923652648926,0.04406343773007393,2.1353952884674072,0.1329653561115265,0.5821505784988403,15.215876579284668,1286.8304411380673,0.00029888027082591086,2.3007729053497314,1.2508578300476074,0.9556220173835754,0.9314113259315491,0.6949529051780701,0.9220598936080933,0.46628013253211975,0.59375,0.515625,0.651207447052002,0.6075233221054077,3.035048723220825
1310,1.848701000213623,3.3216965198516846,0.046570729464292526,2.197596549987793,0.12436524033546448,0.8186454772949219,15.16500186920166,1286.7807071883092,0.000298852142623445,2.2503409385681152,1.3387997150421143,0.9578455090522766,0.9563266038894653,0.7013126611709595,0.9256323575973511,0.5074328184127808,0.5625,0.5625,0.5468876361846924,0.5414459705352783,4.485179424285889
1320,1.758437156677246,3.2126166820526123,0.06353679299354553,2.189035415649414,0.11907025426626205,0.8642250299453735,15.308036804199219,1286.7334932583306,0.00029882366700022706,2.125087261199951,1.2221672534942627,0.9466911554336548,0.8720760345458984,0.6277677416801453,0.9136033058166504,0.45619335770606995,0.703125,0.40625,0.568507730960846,0.5869771838188171,3.4145355224609375
1330,2.227600336074829,3.9420576095581055,0.0486023984849453,1.9969682693481445,0.127735897898674,0.8951945304870605,15.325030326843262,1286.684422001306,0.000298794844030167,2.563710927963257,1.120368480682373,0.9684467315673828,0.9716109037399292,0.7775025367736816,0.9294788241386414,0.44532540440559387,0.578125,0.71875,0.6300932765007019,0.6473253965377808,2.7357001304626465
1340,2.004603624343872,3.976308584213257,0.07463625818490982,1.8683565855026245,0.1334986835718155,1.2602248191833496,15.394815444946289,1286.6352742527743,0.0002987656737880765,2.353182077407837,1.1619281768798828,0.952399492263794,0.8990793824195862,0.5920377373695374,0.9209978580474854,0.5266175270080566,0.734375,0.34375,0.6557421088218689,0.6308528184890747,1.3460358381271362
1350,2.0798351764678955,3.613041400909424,0.07829990237951279,2.1552016735076904,0.1431998908519745,0.9569308161735535,15.366409301757812,1286.5874747248488,0.0002987361563496684,2.4455862045288086,1.2191699743270874,0.9511741995811462,0.9455121755599976,0.7057658433914185,0.9204028248786926,0.43715527653694153,0.59375,0.578125,0.6410552263259888,0.6118066310882568,2.3938238620758057
1360,1.8861435651779175,3.519627809524536,0.04996997490525246,1.7092167139053345,0.18132151663303375,2.1639888286590576,15.206354141235352,1286.5386959841624,0.00029870629179155715,2.2579243183135986,1.2392690181732178,0.9472947120666504,0.9450803399085999,0.698841392993927,0.9250847697257996,0.4883855879306793,0.578125,0.53125,0.5960914492607117,0.6011740565299988,2.3237709999084473
1370,2.054112195968628,3.902538776397705,0.1097182184457779,1.8497387170791626,0.1200389415025711,1.077789068222046,15.069870948791504,1286.490467351482,0.00029867608019125766,2.358870029449463,1.015859603881836,0.9613925814628601,0.9500559568405151,0.6814481616020203,0.931760311126709,0.49168264865875244,0.625,0.453125,0.7104302048683167,0.7221916317939758,1.6611748933792114
1380,2.0605111122131348,3.8754000663757324,0.07303831726312637,1.8387497663497925,0.13631407916545868,2.112121820449829,15.282206535339355,1286.4422160236209,0.0002986455216271859,2.3958072662353516,1.117653489112854,0.9610430598258972,0.9460901618003845,0.7166094183921814,0.918071985244751,0.46241649985313416,0.703125,0.46875,0.635120689868927,0.6848220229148865,2.0771396160125732
1390,1.9506484270095825,3.5469858646392822,0.05340644717216492,1.7732720375061035,0.13823163509368896,1.1390546560287476,15.366923332214355,1286.3960791197333,0.00029861461617865833,2.360419511795044,1.365903377532959,0.9552825093269348,0.934467077255249,0.7343084216117859,0.9227778911590576,0.5035827159881592,0.671875,0.46875,0.44060683250427246,0.5287525653839111,3.017090320587158
1400,1.9830172061920166,3.7901053428649902,0.05352453887462616,1.718614101409912,0.12858650088310242,0.6626970767974854,15.369925498962402,1286.3502033434488,0.00029858336392589186,2.3596720695495605,1.2555162906646729,0.9512429237365723,0.9147371649742126,0.614916980266571,0.9060071706771851,0.4294101893901825,0.6875,0.453125,0.5811644196510315,0.6156548261642456,2.191107988357544
1410,2.083494186401367,3.7569847106933594,0.05524620786309242,1.9669663906097412,0.15240822732448578,1.0657269954681396,15.26834487915039,1286.3026901476458,0.0002985517649500034,2.476548910140991,1.3101824522018433,0.9519650936126709,0.9337093234062195,0.7109137773513794,0.924953818321228,0.5072420835494995,0.46875,0.640625,0.5584884285926819,0.5974764227867126,3.0210535526275635
1420,2.002580404281616,3.64347767829895,0.04847085103392601,1.8177257776260376,0.13594748079776764,1.1007391214370728,15.231942176818848,1286.251614639287,0.0002985198193330099,2.3968453407287598,1.3142163753509521,0.9552085399627686,0.9267555475234985,0.6809464693069458,0.9085661768913269,0.4834046959877014,0.578125,0.75,0.5819460153579712,0.590353786945343,2.914551019668579
1430,2.0056838989257812,3.658569812774658,0.05235372483730316,2.0538687705993652,0.13669535517692566,0.6592836380004883,15.287510871887207,1286.2038306254126,0.00029848752715782786,2.3990631103515625,1.3112640380859375,0.9550753235816956,0.9516439437866211,0.6860342025756836,0.9170348644256592,0.4581521451473236,0.59375,0.609375,0.5342454314231873,0.5496482849121094,2.791933298110962
1440,2.0997233390808105,3.8085250854492188,0.06476979702711105,1.8993552923202515,0.13933371007442474,1.0626991987228394,15.564737319946289,1286.1552857136408,0.0002984548885082736,2.479600191116333,1.2662558555603027,0.9525325298309326,0.930597186088562,0.7029774785041809,0.9320629239082336,0.5130970478057861,0.59375,0.578125,0.5278539657592773,0.5858188271522522,2.471554756164551
1450,2.009242057800293,3.5120880603790283,0.04272579774260521,1.9403574466705322,0.13280634582042694,1.1105772256851196,15.448237419128418,1286.106796211762,0.0002984219034690626,2.3832530975341797,1.246703863143921,0.9548858404159546,0.945694625377655,0.7210215926170349,0.9256879687309265,0.5184969902038574,0.625,0.40625,0.5230976939201355,0.6090236306190491,2.6350748538970947
1460,1.759515643119812,3.2438809871673584,0.04709862545132637,1.887644648551941,0.11973661929368973,0.6335640549659729,15.338680267333984,1286.0590234426245,0.0002983885721258092,2.118759870529175,1.1974810361862183,0.9615916013717651,0.9561514258384705,0.7313882112503052,0.9300323724746704,0.5007959008216858,0.671875,0.484375,0.5626339316368103,0.5784037113189697,3.223710536956787
1470,1.9806700944900513,3.700263261795044,0.06364072114229202,1.797046184539795,0.14214308559894562,1.285946249961853,15.627904891967773,1286.0106214269051,0.0002983548945650269,2.3145859241485596,1.1130528450012207,0.9447393417358398,0.8891696333885193,0.663945198059082,0.9174354076385498,0.45059967041015625,0.625,0.734375,0.7267454266548157,0.6740205883979797,2.5887203216552734
1480,1.840300440788269,3.3755600452423096,0.03893471509218216,1.83155357837677,0.1366109549999237,0.7953153252601624,15.339106559753418,1285.9620195087607,0.0002983208708741277,2.217660903930664,1.2578680515289307,0.9505646824836731,0.9306949377059937,0.6928574442863464,0.9161646962165833,0.5131125450134277,0.6875,0.46875,0.5553396344184875,0.5922684669494629,2.411487579345703
1490,1.8643966913223267,3.2621238231658936,0.02953045442700386,2.0865533351898193,0.1237223669886589,0.9360589385032654,15.605917930603027,1285.913829202709,0.0002982865011414219,2.2545173168182373,1.3004021644592285,0.9668285846710205,0.9559453129768372,0.7429779767990112,0.9278493523597717,0.4599875807762146,0.53125,0.6875,0.564470112323761,0.5301204919815063,4.468217849731445
1500,2.0261096954345703,3.7122299671173096,0.05118640139698982,1.8932194709777832,0.13874614238739014,0.9733782410621643,15.354785919189453,1285.8646968413498,0.0002982517854561182,2.3583669662475586,1.1075246334075928,0.9504883885383606,0.9219983220100403,0.6792594790458679,0.9160997867584229,0.4346110224723816,0.6875,0.578125,0.6658344864845276,0.6726035475730896,2.377568006515503
1510,1.874894142150879,3.5045652389526367,0.033521827310323715,2.0398693084716797,0.1243995875120163,0.668428897857666,15.596853256225586,1285.816137311767,0.00029821672390832306,2.2199673652648926,1.1502444744110107,0.9591490030288696,0.9459973573684692,0.6818605661392212,0.9342092275619507,0.530875563621521,0.734375,0.40625,0.6282455325126648,0.6566292643547058,2.1426103115081787
1520,1.945153832435608,3.406146287918091,0.08352429419755936,1.84740149974823,0.11909518390893936,1.0408978462219238,15.695218086242676,1285.7681933895972,0.00029818131658904064,2.325112819671631,1.2665300369262695,0.9561948776245117,0.9693440794944763,0.6825101375579834,0.91575688123703,0.46196556091308594,0.578125,0.71875,0.6276997327804565,0.6010072827339172,3.608051061630249
1530,1.9918925762176514,3.4152064323425293,0.06551380455493927,2.1761183738708496,0.12234161794185638,0.6556562185287476,15.671178817749023,1285.721363728717,0.0002981455635901727,2.3413758277893066,1.164943814277649,0.9553757905960083,0.9447599649429321,0.7466830611228943,0.9240666627883911,0.5140365362167358,0.53125,0.828125,0.6389365196228027,0.6039412021636963,2.549194574356079
1540,1.8668912649154663,3.504664421081543,0.02448374219238758,1.8632252216339111,0.13351377844810486,0.821927547454834,15.517820358276367,1285.6726307007013,0.00029810946500451814,2.2479114532470703,1.2700673341751099,0.954374372959137,0.9308584332466125,0.7021429538726807,0.9207066893577576,0.4736996591091156,0.640625,0.6875,0.5548649430274963,0.6455797553062439,3.1467275619506836
1550,1.866355299949646,3.5143537521362305,0.01996508054435253,1.9105887413024902,0.13366961479187012,0.8684737682342529,15.511571884155273,1285.6264314880125,0.0002980730209257728,2.210002899169922,1.1454923152923584,0.9487351179122925,0.9328523874282837,0.6937835812568665,0.9242408275604248,0.5002794861793518,0.6875,0.453125,0.6123983263969421,0.6348955631256104,2.191469192504883
1560,1.9249786138534546,3.4784436225891113,0.04828207567334175,1.996078372001648,0.12545427680015564,0.8591242432594299,15.738947868347168,1285.5799687829497,0.00029803623144852945,2.2738454341888428,1.1628891229629517,0.9503363966941833,0.9159417152404785,0.6576178073883057,0.9241961240768433,0.4985763430595398,0.59375,0.640625,0.6166860461235046,0.6894043684005737,2.8352487087249756
1570,1.9237232208251953,3.7582342624664307,0.03182169795036316,1.5113767385482788,0.1512039750814438,0.8327919244766235,15.862380981445312,1285.5335426479528,0.0002979990966682772,2.2736072540283203,1.1662801504135132,0.947961151599884,0.901756763458252,0.6283291578292847,0.9152488708496094,0.4955296516418457,0.703125,0.46875,0.6342762112617493,0.6467645764350891,1.7597309350967407
1580,2.0163512229919434,3.53110933303833,0.084962859749794,2.168396472930908,0.11600141227245331,1.3229645490646362,15.546944618225098,1285.4848882374718,0.0002979616166814014,2.3286519050598145,1.0410025119781494,0.9596839547157288,0.9470100402832031,0.726243793964386,0.926106870174408,0.4729178845882416,0.609375,0.59375,0.6352517604827881,0.6909953951835632,2.28531551361084
1590,1.8173789978027344,3.214658498764038,0.05632729083299637,1.8544597625732422,0.1197122260928154,0.76319420337677,15.806998252868652,1285.4393885319635,0.00029792379158518354,2.23363995552063,1.3875362873077393,0.9479137659072876,0.9002782702445984,0.6322113871574402,0.9195499420166016,0.4973381757736206,0.640625,0.46875,0.5393792986869812,0.5274613499641418,3.5174052715301514
1600,1.7722769975662231,3.22807240486145,0.034390900284051895,1.7980841398239136,0.11636392772197723,0.6870501041412354,16.006656646728516,1285.3949450765033,0.00029788562147780066,2.1437721252441406,1.2383166551589966,0.9553791880607605,0.9597173929214478,0.6950365304946899,0.9251953363418579,0.4738601744174957,0.734375,0.34375,0.5592539310455322,0.5653411746025085,3.881021022796631
1610,1.767856478691101,3.2070670127868652,0.03876553103327751,1.8731911182403564,0.12712715566158295,0.9739351868629456,15.727949142456055,1285.3505657018925,0.00029784710645832556,2.134626626968384,1.2225674390792847,0.9480625987052917,0.887453019618988,0.6481133103370667,0.9129247665405273,0.4458863437175751,0.6875,0.390625,0.5394589304924011,0.6002695560455322,2.3320209980010986
1620,1.7273550033569336,3.179546356201172,0.04680659994482994,1.7778546810150146,0.1448846459388733,0.8234267830848694,15.687580108642578,1285.3042492240788,0.00029780824662672603,2.036667823791504,1.0310425758361816,0.953988254070282,0.9550674557685852,0.7144762277603149,0.9275839328765869,0.45471349358558655,0.734375,0.359375,0.6638519763946533,0.676449179649353,1.7488305568695068
1630,1.7869668006896973,3.2904112339019775,0.025433339178562164,2.005197048187256,0.12548936903476715,1.4705406427383423,15.735133171081543,1285.2572167832163,0.000297769042083865,2.129673480987549,1.14235520362854,0.96290123462677,0.9499945640563965,0.7063079476356506,0.9291180968284607,0.5057116746902466,0.734375,0.484375,0.6364731192588806,0.5762665271759033,2.5609612464904785
1640,1.8071568012237549,3.174525499343872,0.028356805443763733,1.9444148540496826,0.11923754215240479,0.6786511540412903,15.881131172180176,1285.208953860723,0.0002977294929315001,2.188366174697876,1.2706981897354126,0.9491597414016724,0.9405139684677124,0.6701650619506836,0.9194111824035645,0.4918166995048523,0.625,0.40625,0.5060591101646423,0.5716403722763062,2.8239259719848633
1650,1.7813568115234375,3.3421881198883057,0.038226790726184845,1.6605911254882812,0.11811352521181107,0.89650958776474,15.932703018188477,1285.1639005486386,0.00029768959927228334,2.131331443786621,1.1665819883346558,0.938941478729248,0.8946465253829956,0.7018165588378906,0.9241119623184204,0.5070106983184814,0.5625,0.578125,0.5978599786758423,0.6562203168869019,2.508835792541504
1660,2.0373568534851074,3.6420485973358154,0.023065928369760513,2.0056068897247314,0.11698035895824432,0.9153674840927124,15.706762313842773,1285.116631875278,0.00029764936120976087,2.4344000816345215,1.323477029800415,0.9467261433601379,0.9544329643249512,0.6471115946769714,0.9141989350318909,0.4968775510787964,0.59375,0.546875,0.5690866708755493,0.6123248338699341,2.9942822456359863
1670,1.8599846363067627,3.1815545558929443,0.037513893097639084,2.1663167476654053,0.1093847006559372,0.6785683631896973,15.81335735321045,1285.0721134900741,0.00029760877884837294,2.236081838607788,1.2536572217941284,0.9529983997344971,0.9180905818939209,0.7123711109161377,0.9159108400344849,0.4573665261268616,0.609375,0.65625,0.5407294034957886,0.5494973063468933,2.7218239307403564
1680,1.7547600269317627,3.0418219566345215,0.05478998273611069,2.150114059448242,0.09511708468198776,0.707176923751831,15.807636260986328,1285.02458153579,0.00029756785229345336,2.1016504764556885,1.1563016176223755,0.9473609328269958,0.9273815155029297,0.6988339424133301,0.9204793572425842,0.4989023208618164,0.671875,0.390625,0.6041256189346313,0.6248854398727417,3.5287625789642334
1690,1.9654251337051392,3.3283088207244873,0.030683672055602074,2.206886053085327,0.11630147695541382,0.7847715020179749,15.761128425598145,1284.977491115335,0.0002975265816512292,2.332838296890259,1.2247107028961182,0.9581485986709595,0.9582016468048096,0.7473927140235901,0.9288127422332764,0.4933726191520691,0.59375,0.46875,0.5290209650993347,0.5498206615447998,2.6073904037475586
1700,2.0334627628326416,3.583772897720337,0.030885368585586548,1.9966332912445068,0.14057348668575287,1.435996413230896,16.042787551879883,1284.9306105120386,0.0002974849670288208,2.4340198040008545,1.3351898193359375,0.9530250430107117,0.9236127734184265,0.6908104419708252,0.925754189491272,0.5118909478187561,0.5625,0.609375,0.5436820387840271,0.5657890439033508,2.891857147216797
1710,2.0797438621520996,3.680210828781128,0.061273619532585144,1.9712527990341187,0.123203344643116,2.038480520248413,15.6934175491333,1284.883676544851,0.00029744300853424123,2.391052722930908,1.0376960039138794,0.9528324604034424,0.9387028217315674,0.7056175470352173,0.9285738468170166,0.49543794989585876,0.640625,0.546875,0.6804353594779968,0.7349852323532104,2.005094289779663
1720,1.8928972482681274,3.424513101577759,0.07133644819259644,1.8788337707519531,0.1582219898700714,2.0683887004852295,15.715167045593262,1284.8402414450322,0.0002974007062763961,2.2215464115142822,1.0954973697662354,0.9558639526367188,0.9554921984672546,0.731265127658844,0.9262913465499878,0.4884878695011139,0.609375,0.578125,0.6497927904129028,0.6558994650840759,1.9128583669662476
1730,1.7120126485824585,3.3105616569519043,0.03528859466314316,1.9039119482040405,0.1148410364985466,0.5707687139511108,15.914377212524414,1284.7973805858678,0.00029735806036508344,2.0202789306640625,1.0275545120239258,0.9535550475120544,0.9217119216918945,0.7085868716239929,0.922425389289856,0.4791666567325592,0.625,0.46875,0.6815178990364075,0.677666425704956,2.336521625518799
1740,1.9378762245178223,3.5619306564331055,0.04413096606731415,1.820318579673767,0.1262393593788147,1.1539757251739502,15.923006057739258,1284.7521218505738,0.0002973150709109929,2.2823598384857178,1.1482789516448975,0.957974910736084,0.9375641942024231,0.6798064708709717,0.9182495474815369,0.5024644136428833,0.5625,0.59375,0.6247835159301758,0.68182772397995,2.447094202041626
1750,1.6871439218521118,2.9090912342071533,0.06301072239875793,1.8145380020141602,0.12896433472633362,0.9321808815002441,15.88478946685791,1284.7080349408457,0.0002972717380257061,2.022365093231201,1.117403507232666,0.9696269035339355,0.9664012789726257,0.7890262007713318,0.9314201474189758,0.5605839490890503,0.71875,0.390625,0.6471277475357056,0.5876122713088989,3.510328769683838
1760,1.9382764101028442,3.425595760345459,0.026267647743225098,2.049583673477173,0.11972300708293915,1.613120436668396,15.787460327148438,1284.6634767578385,0.000297228061821696,2.309232473373413,1.2365200519561768,0.9560287594795227,0.932414710521698,0.6567250490188599,0.9204581379890442,0.4985058307647705,0.65625,0.5,0.5956887602806091,0.6079471111297607,2.7358150482177734
1770,1.7999730110168457,3.327799081802368,0.07560383528470993,1.7607418298721313,0.13202686607837677,0.991587221622467,15.795758247375488,1284.6205403989757,0.00029718404241232667,2.166059732437134,1.2202891111373901,0.9565481543540955,0.9346045851707458,0.624008297920227,0.9141502380371094,0.546183705329895,0.703125,0.453125,0.6131147742271423,0.5935327410697937,2.054868221282959
1780,1.7568062543869019,3.319182872772217,0.021336738020181656,1.688818335533142,0.1343684196472168,1.2269930839538574,16.04987335205078,1284.5760112237845,0.0002971396799118529,2.161505699157715,1.3489980697631836,0.9481065273284912,0.8847172260284424,0.6393160820007324,0.9197095036506653,0.5044125318527222,0.625,0.53125,0.5729926824569702,0.5778584480285645,3.480473518371582
1790,1.8782429695129395,3.542564630508423,0.06040750816464424,1.6748985052108765,0.10962305963039398,0.7592840194702148,15.99901294708252,1284.5308217385927,0.0002970949744354201,2.1743431091308594,0.9870006442070007,0.9556453227996826,0.9333540797233582,0.7206598520278931,0.944267988204956,0.5767929553985596,0.796875,0.265625,0.6741489171981812,0.7069972157478333,1.4837961196899414
1800,1.7260836362838745,3.054295063018799,0.04800869897007942,1.9580864906311035,0.12071096897125244,1.1408672332763672,16.03724479675293,1284.484843037928,0.0002970499260990637,2.131833791732788,1.3525007963180542,0.94862961769104,0.9348215460777283,0.7062341570854187,0.9223811626434326,0.5192686319351196,0.546875,0.640625,0.4882439076900482,0.5223671197891235,2.809248447418213
1810,1.7801235914230347,3.285397529602051,0.06877478957176208,1.7882565259933472,0.10786011815071106,0.8180686235427856,16.001178741455078,1284.439603726969,0.0002970045350197094,2.101865768432617,1.0724738836288452,0.962925910949707,0.9621731042861938,0.7460448145866394,0.9365993142127991,0.553787350654602,0.6875,0.40625,0.6242582201957703,0.6983038187026978,2.1622767448425293
1820,1.7316092252731323,3.1353349685668945,0.025400593876838684,1.9039702415466309,0.14063122868537903,1.7662241458892822,16.014604568481445,1284.394208763641,0.0002969588013151722,2.1010706424713135,1.2315382957458496,0.9597266912460327,0.9477220773696899,0.7027219533920288,0.9343686699867249,0.5009475350379944,0.640625,0.5,0.589555025100708,0.570056140422821,3.0007576942443848
1830,1.8150869607925415,3.412998676300049,0.04226144775748253,1.8058937788009644,0.13122259080410004,0.9222511649131775,16.01162338256836,1284.3480325902622,0.00029691272510415644,2.1631832122802734,1.1603209972381592,0.9563939571380615,0.9127170443534851,0.673719048500061,0.9275089502334595,0.5151690244674683,0.734375,0.328125,0.6370747685432434,0.6103079915046692,2.114079236984253
1840,1.7594505548477173,3.0149080753326416,0.04548421502113342,2.1178436279296875,0.10366403311491013,1.6894264221191406,16.20832633972168,1284.303821522926,0.00029686630650625556,2.070885181427002,1.0381152629852295,0.9691691398620605,0.9676070213317871,0.7809596657752991,0.9327748417854309,0.5283303260803223,0.703125,0.328125,0.6732376217842102,0.6453821659088135,3.0143556594848633
1850,1.8809256553649902,3.307317018508911,0.04587773233652115,1.767670750617981,0.11835983395576477,1.3182352781295776,16.10912322998047,1284.2592873206224,0.0002968195456419517,2.2047955989837646,1.0795663595199585,0.964475691318512,0.9684545397758484,0.7501863241195679,0.9316245317459106,0.5324113965034485,0.53125,0.609375,0.6492384672164917,0.6308143734931946,2.2447967529296875
1860,1.8042025566101074,3.5807688236236572,0.03360939025878906,1.5003541707992554,0.118137888610363,0.6919641494750977,15.851210594177246,1284.2153254973873,0.0002967724426326152,2.1499788761138916,1.1525874137878418,0.9564311504364014,0.9128838777542114,0.6379189491271973,0.9289549589157104,0.46638399362564087,0.65625,0.40625,0.5605307817459106,0.6704077124595642,1.321937084197998
1870,1.9066193103790283,3.327150583267212,0.06525164097547531,2.0023529529571533,0.11614644527435303,1.2563557624816895,16.197246551513672,1284.1709139531197,0.00029672499760050465,2.2372143268585205,1.1019830703735352,0.9573110938072205,0.9447837471961975,0.7480930685997009,0.9303748607635498,0.5450843572616577,0.640625,0.515625,0.6545377969741821,0.6677157878875732,2.720275640487671
1880,1.9294391870498657,3.5604467391967773,0.11346759647130966,1.828262209892273,0.12036172300577164,0.9250883460044861,16.221965789794922,1284.1267353431112,0.00029667721066876625,2.25130558013916,1.072887659072876,0.9481092691421509,0.9480655193328857,0.7166922092437744,0.9326189160346985,0.5327844023704529,0.703125,0.390625,0.592770516872406,0.6501941680908203,1.5366555452346802
1890,1.7274712324142456,2.891723871231079,0.07261385023593903,2.0056169033050537,0.11987480521202087,0.8564075827598572,16.260181427001953,1284.081772557297,0.0002966290819614337,2.1203324794769287,1.3095371723175049,0.9553539752960205,0.9412247538566589,0.6677681803703308,0.9335978627204895,0.5264095067977905,0.65625,0.390625,0.5370936393737793,0.5266583561897278,3.4802675247192383
1900,1.7505362033843994,3.2697150707244873,0.023555448278784752,1.8735159635543823,0.1126234158873558,1.5625282526016235,16.147197723388672,1284.0379142443583,0.00029658061160342774,2.0352628231048584,0.949088454246521,0.9674451351165771,0.970831036567688,0.7749499082565308,0.937817394733429,0.6062130331993103,0.703125,0.453125,0.6460959911346436,0.686826229095459,2.027230978012085
1910,1.8630170822143555,3.2613115310668945,0.03713717684149742,2.0416948795318604,0.11596746742725372,1.073543906211853,16.19060707092285,1283.9948670281021,0.0002965317997205559,2.1674699783325195,1.014843225479126,0.9643529057502747,0.9669385552406311,0.7478395104408264,0.9374783039093018,0.5541591644287109,0.703125,0.390625,0.6220106482505798,0.6871483325958252,2.339249849319458
1920,1.7279231548309326,3.15506649017334,0.024196449667215347,1.7071630954742432,0.10450636595487595,0.8325562477111816,16.130084991455078,1283.9529250987273,0.00029648264643951215,2.0209405422210693,0.9767242670059204,0.967299222946167,0.95792156457901,0.7836192846298218,0.9344651699066162,0.5312591791152954,0.71875,0.46875,0.6672118306159973,0.7265073657035828,1.7019492387771606
1930,1.7252126932144165,3.1715612411499023,0.037030402570962906,1.7180813550949097,0.11681479960680008,1.1203843355178833,16.123239517211914,1283.9110894181374,0.0002964331518878766,2.0749425888061523,1.165766716003418,0.9572584629058838,0.9466997981071472,0.7287904024124146,0.9362707734107971,0.5246056914329529,0.671875,0.390625,0.5672551989555359,0.6326340436935425,2.1093435287475586
1940,1.89834725856781,3.427281141281128,0.1109706461429596,1.7718594074249268,0.11688210815191269,1.448323130607605,16.12010955810547,1283.8697716785584,0.00029638331619411516,2.2073521614074707,1.0300161838531494,0.9650764465332031,0.9527486562728882,0.755388081073761,0.929507315158844,0.5261619091033936,0.65625,0.484375,0.6521899104118347,0.6976792812347412,2.274653196334839
1950,1.7883145809173584,3.228301525115967,0.06010952591896057,1.906398892402649,0.11193271726369858,1.2767984867095947,16.385784149169922,1283.827751131552,0.00029633313948757917,2.1080265045166016,1.065706729888916,0.9689257740974426,0.9603002071380615,0.7464669942855835,0.9403148889541626,0.5549267530441284,0.8125,0.234375,0.5937774181365967,0.6346338391304016,2.3358659744262695
1960,1.8169368505477905,3.1245930194854736,0.06700148433446884,2.0172901153564453,0.10631322115659714,1.526039958000183,16.253326416015625,1283.7835852703847,0.00029628262189850506,2.1487884521484375,1.1061723232269287,0.9572691321372986,0.9366346001625061,0.719872236251831,0.9334569573402405,0.5592349767684937,0.734375,0.28125,0.5781089663505554,0.6374964714050293,2.073263645172119
1970,1.6573079824447632,2.877332925796509,0.015709443017840385,2.0278921127319336,0.11258738487958908,1.0851340293884277,16.460397720336914,1283.7408622426165,0.0002962317635580141,2.052534341812134,1.317421317100525,0.9620499014854431,0.950620710849762,0.6978813409805298,0.9350077509880066,0.5728064775466919,0.59375,0.5,0.4979550838470459,0.560436487197876,3.5492117404937744
1980,1.6815950870513916,2.755725860595703,0.027320222929120064,2.167983293533325,0.10656668990850449,1.01132333278656,16.363332748413086,1283.6993163416746,0.00029618056459811197,2.044804096221924,1.2106969356536865,0.9638978838920593,0.9555314779281616,0.7079372406005859,0.9259884357452393,0.49456676840782166,0.625,0.453125,0.5613079071044922,0.5362670421600342,3.705817937850952
1990,1.6465636491775513,2.8196682929992676,0.03588249534368515,1.9189014434814453,0.10487101972103119,0.689634382724762,16.468297958374023,1283.656192042955,0.00029612902515168847,2.004481077194214,1.1930580139160156,0.9497208595275879,0.9248764514923096,0.7048423886299133,0.9250863790512085,0.532784640789032,0.734375,0.375,0.5292056202888489,0.6138687133789062,3.0212931632995605
2000,1.743587613105774,2.986855983734131,0.05757221207022667,1.99884831905365,0.10423027724027634,0.9042297005653381,16.450517654418945,1283.6125812337314,0.00029607714535251703,2.101046323776245,1.1915292739868164,0.9645810723304749,0.9398152828216553,0.696201503276825,0.9332354664802551,0.5687285661697388,0.703125,0.40625,0.5241394639015198,0.587947428226471,2.894155502319336
2010,1.752906084060669,3.0111539363861084,0.032252419739961624,2.05265212059021,0.11184533685445786,1.384995460510254,16.48932456970215,1283.5702647106177,0.00029602492533525464,2.134836196899414,1.2731003761291504,0.95896977186203,0.9489547610282898,0.6995669603347778,0.9392781853675842,0.5757087469100952,0.5625,0.703125,0.5072399377822876,0.5499363541603088,2.366222858428955
2020,1.6858277320861816,3.012855052947998,0.02824387699365616,1.7716144323349,0.1360909640789032,0.9184001684188843,16.25857162475586,1283.5270414011513,0.0002959723652354413,2.0647614002227783,1.26311194896698,0.9569040536880493,0.940814197063446,0.6938023567199707,0.9410024881362915,0.5592841506004333,0.59375,0.5,0.5395466685295105,0.5350717306137085,2.139599084854126
2030,1.6040945053100586,2.970022201538086,0.026303421705961227,1.7592347860336304,0.1159561425447464,1.0553193092346191,16.376605987548828,1283.4848015599814,0.0002959194651894996,2.003796100616455,1.3323383331298828,0.9542407989501953,0.9260516166687012,0.6722568869590759,0.92913419008255,0.5258446335792542,0.734375,0.375,0.4636210799217224,0.5282378196716309,2.7299115657806396
2040,1.6838639974594116,2.9478585720062256,0.052621424198150635,1.8448492288589478,0.11557372659444809,1.2118932008743286,16.474428176879883,1283.4411153268811,0.0002958662253347348,2.069836378097534,1.2865748405456543,0.9508299231529236,0.9472379088401794,0.7336321473121643,0.932686984539032,0.5125277638435364,0.671875,0.375,0.5202081799507141,0.5471294522285461,2.9337565898895264
2050,1.642942190170288,3.010613203048706,0.03485306352376938,1.779260516166687,0.11205621063709259,0.614203929901123,16.471487045288086,1283.3989238435984,0.00029581264580933375,1.9621858596801758,1.064145565032959,0.9681889414787292,0.9597985744476318,0.7275092601776123,0.934543788433075,0.5276752710342407,0.75,0.296875,0.6546984314918518,0.606431245803833,2.77656888961792
2060,1.856705665588379,3.3083364963531494,0.04308394715189934,1.8283494710922241,0.10986989736557007,1.6905981302261353,16.628555297851562,1283.356056894552,0.0002957587267523652,2.2314445972442627,1.2491300106048584,0.9636198282241821,0.9448392391204834,0.7245303392410278,0.9278548359870911,0.5381418466567993,0.640625,0.375,0.5056028366088867,0.5368912816047668,2.772660970687866
2070,1.6422455310821533,2.864245891571045,0.043204110115766525,1.9794776439666748,0.11920815706253052,0.8259117007255554,16.551862716674805,1283.3148857323954,0.000295704468303779,1.9977076053619385,1.1848735809326172,0.9587419033050537,0.9442911744117737,0.6689847707748413,0.9286654591560364,0.5510419607162476,0.640625,0.4375,0.6254362463951111,0.6029815077781677,3.4458320140838623
2080,1.6805024147033691,2.9677634239196777,0.0179988332092762,1.9887380599975586,0.11637404561042786,1.2438206672668457,16.3070068359375,1283.2722375733276,0.0002956498706044061,2.032378911972046,1.172921895980835,0.9559421539306641,0.9366065263748169,0.6506736874580383,0.9304286241531372,0.5423865914344788,0.640625,0.46875,0.5798771977424622,0.6099840998649597,2.330146312713623
2090,1.7743170261383057,3.194305658340454,0.10093142837285995,1.7008000612258911,0.11737102270126343,1.2130322456359863,16.499269485473633,1283.2287880938734,0.0002955949337959578,2.092785120010376,1.0615603923797607,0.9533246159553528,0.9095215797424316,0.7065942287445068,0.9336916208267212,0.610954225063324,0.6875,0.421875,0.5909127593040466,0.6774488091468811,1.8491554260253906
2100,1.655937910079956,3.0200355052948,0.042134691029787064,1.731669545173645,0.12136560678482056,0.9352463483810425,16.76011848449707,1283.1856949551695,0.0002955396580210258,2.0059380531311035,1.1666674613952637,0.9529284834861755,0.9279454946517944,0.6375742554664612,0.9380149245262146,0.5729197263717651,0.65625,0.390625,0.5677712559700012,0.6261081099510193,2.1703805923461914
2110,1.867664098739624,3.4143028259277344,0.03759268671274185,1.6906490325927734,0.09811489284038544,0.8719907402992249,16.485214233398438,1283.1441778408175,0.0002954840434230813,2.186908006668091,1.0641465187072754,0.9548661708831787,0.9191871285438538,0.7250683903694153,0.9347159266471863,0.5558534264564514,0.671875,0.4375,0.5802984833717346,0.6690484881401062,1.6142559051513672
2120,1.8270398378372192,3.3041176795959473,0.0334741473197937,1.949466347694397,0.1355171799659729,0.8005772233009338,16.72756576538086,1283.1034970381352,0.0002954280901464753,2.193145513534546,1.2203521728515625,0.9569332599639893,0.944460928440094,0.6761147975921631,0.9302440285682678,0.5729314684867859,0.53125,0.609375,0.57746821641922,0.6067053079605103,1.6713007688522339
2130,1.4872366189956665,2.5733530521392822,0.03634800761938095,1.8568446636199951,0.12031680345535278,0.7568762302398682,16.9022216796875,1283.0599913696867,0.00029537179833643754,1.8561073541641235,1.2295689582824707,0.9512903094291687,0.9250811338424683,0.7183533310890198,0.9289018511772156,0.5541384220123291,0.734375,0.375,0.5508236289024353,0.5376681685447693,3.1569595336914062
2140,1.6111286878585815,2.798222303390503,0.03729880973696709,1.8559762239456177,0.12242263555526733,1.472671389579773,16.483516693115234,1283.0167054834026,0.00029531516813907665,1.9790490865707397,1.2264013290405273,0.9638000130653381,0.9588767886161804,0.7597714066505432,0.9278324842453003,0.5142531394958496,0.65625,0.5,0.5126388669013977,0.5980993509292603,2.3504226207733154
2150,1.617342472076416,2.9287333488464355,0.03601742908358574,1.8756117820739746,0.11984622478485107,1.2767168283462524,16.946500778198242,1282.976020191561,0.00029525819970137947,1.9406063556671143,1.0775461196899414,0.9672887325286865,0.9584327340126038,0.7334522008895874,0.9368156790733337,0.5707144737243652,0.5625,0.578125,0.6238585114479065,0.6534625887870789,2.0431690216064453
2160,1.7354413270950317,2.9212441444396973,0.01979716680943966,2.1800129413604736,0.09238161891698837,0.7145276665687561,16.66250991821289,1282.9346856039347,0.0002952008931712107,2.069481134414673,1.1134659051895142,0.9623265862464905,0.9529170989990234,0.7249736785888672,0.9367828369140625,0.5941852927207947,0.734375,0.296875,0.5718481540679932,0.6036233305931091,2.5229153633117676
2170,1.6595362424850464,2.860731601715088,0.044088978320360184,1.9620376825332642,0.09870865195989609,0.9579205513000488,16.606008529663086,1282.8944332982128,0.00029514324869731273,1.9395372867584229,0.9333369731903076,0.9670573472976685,0.9587961435317993,0.7778233289718628,0.9518532156944275,0.6031745672225952,0.734375,0.296875,0.689115047454834,0.7130630016326904,2.446789503097534
2180,1.785198450088501,3.2574875354766846,0.06212785467505455,1.9326339960098267,0.12146367877721786,0.9492540955543518,16.417482376098633,1282.854607012497,0.00029508526642930505,2.118224620819092,1.1100876331329346,0.9622268676757812,0.9505010843276978,0.6900774240493774,0.9429301619529724,0.5895592570304871,0.625,0.46875,0.6620082259178162,0.6830759644508362,3.31298565864563
2190,1.632723331451416,2.9589805603027344,0.027195006608963013,1.796697735786438,0.13374033570289612,0.711201548576355,16.982532501220703,1282.8126327998073,0.00029502694651768383,1.983344316482544,1.1687363386154175,0.9614712595939636,0.9620161056518555,0.7431784868240356,0.9346856474876404,0.561040461063385,0.671875,0.390625,0.5423373579978943,0.6056392192840576,1.6932594776153564
2200,1.716294288635254,3.012718439102173,0.0409175306558609,2.1524546146392822,0.11158837378025055,0.7958836555480957,16.734045028686523,1282.7727480981964,0.0002949682891138217,2.08864688873291,1.2411751747131348,0.959247350692749,0.9319095611572266,0.6597810983657837,0.9327157139778137,0.6099348664283752,0.609375,0.453125,0.5618561506271362,0.6020224094390869,2.6539969444274902
2210,1.6339161396026611,2.890594959259033,0.021120749413967133,1.870805263519287,0.1091262549161911,1.157622218132019,16.692922592163086,1282.7325377257685,0.0002949092943699673,1.9754996299743652,1.1386116743087769,0.9654058218002319,0.9501105546951294,0.6927487850189209,0.937975287437439,0.5862265229225159,0.65625,0.453125,0.5714285969734192,0.6097697615623474,2.750394344329834
2220,1.6663230657577515,2.7514617443084717,0.06689819693565369,2.018901824951172,0.13335834443569183,2.366419792175293,16.64759635925293,1282.6928225014049,0.00029484996243924475,1.9964332580566406,1.1003670692443848,0.9626526832580566,0.9498247504234314,0.7134170532226562,0.9313899278640747,0.5573549270629883,0.609375,0.46875,0.6852020621299744,0.6367951035499573,3.5168957710266113
2230,1.798729658126831,3.327575206756592,0.0840597078204155,1.7220155000686646,0.13329558074474335,0.8893453478813171,16.949552536010742,1282.6533904466098,0.00029479029347565335,2.1523842811584473,1.1788491010665894,0.968010663986206,0.9519479274749756,0.7123211622238159,0.9464486241340637,0.5648750066757202,0.546875,0.59375,0.6151472330093384,0.6291602849960327,3.02258563041687
2240,1.738696575164795,3.0910918712615967,0.051663756370544434,1.9149997234344482,0.11841633170843124,1.6463117599487305,16.6811580657959,1282.6121554350764,0.0002947302876340673,2.0635476112365723,1.0828368663787842,0.9579819440841675,0.9288439750671387,0.6737529039382935,0.9335163235664368,0.6392537951469421,0.625,0.4375,0.6609442234039307,0.7053685784339905,2.2356338500976562
2250,1.781074047088623,3.0450751781463623,0.05820492282509804,1.9190690517425537,0.1505936235189438,1.1040687561035156,16.450979232788086,1282.5721952155532,0.00029466994507023524,2.1618852615356445,1.269370675086975,0.9643212556838989,0.93564772605896,0.6517665386199951,0.9285916686058044,0.5767515301704407,0.65625,0.75,0.6462342143058777,0.607289731502533,3.5209898948669434
2260,1.5357214212417603,2.7778255939483643,0.030150823295116425,1.875122308731079,0.12271302193403244,1.7901403903961182,16.465608596801758,1282.533337860103,0.00029460926594077953,1.8846580982208252,1.1631224155426025,0.9640344977378845,0.9553595781326294,0.7162330150604248,0.9369485378265381,0.5677710771560669,0.640625,0.421875,0.5791224837303162,0.6268324851989746,2.251858711242676
2270,1.7029036283493042,3.1041650772094727,0.033164117485284805,1.7764005661010742,0.11291433870792389,2.117827892303467,16.771915435791016,1282.4944461535028,0.0002945482504031963,2.016531229019165,1.045425534248352,0.9636017680168152,0.9503858685493469,0.6850406527519226,0.9367280006408691,0.5802538990974426,0.625,0.75,0.7019195556640625,0.7558151483535767,1.8589576482772827
2280,1.8097240924835205,3.196148157119751,0.038850221782922745,2.0223758220672607,0.1661367267370224,3.79788875579834,16.487123489379883,1282.4554745692594,0.0002944868986158548,2.161715507507324,1.173304557800293,0.9600154757499695,0.9642966389656067,0.7583689093589783,0.9340701699256897,0.5529745221138,0.359375,1.171875,0.633695662021637,0.6946666836738586,1.8321754932403564
2290,1.6323585510253906,2.8720014095306396,0.05443830415606499,1.8245619535446167,0.12426944822072983,2.0072720050811768,16.598955154418945,1282.4199423262792,0.00029442521073799705,1.9742655754089355,1.1396898031234741,0.9680268168449402,0.9730316400527954,0.7199605107307434,0.93820720911026,0.6056644916534424,0.734375,0.375,0.6172166466712952,0.5864147543907166,3.275653123855591
2300,1.5038057565689087,2.5737314224243164,0.03103107027709484,1.8662317991256714,0.1173524260520935,1.1856344938278198,16.583173751831055,1282.3830575463846,0.0002943631869297374,1.8163471221923828,1.0418046712875366,0.9626041054725647,0.9399783611297607,0.7625331878662109,0.9514204859733582,0.6801437735557556,0.609375,0.46875,0.6254486441612244,0.671384334564209,2.2113919258117676
2310,1.6751278638839722,3.055861473083496,0.045097656548023224,1.7260956764221191,0.10651370137929916,1.6080721616744995,16.85208511352539,1282.3454438022627,0.00029430082735206213,1.9822384119033813,1.0237016677856445,0.968858003616333,0.9678775072097778,0.7217324376106262,0.942164421081543,0.5888468623161316,0.71875,0.484375,0.5823859572410583,0.7387915253639221,1.314767599105835
2320,1.6112152338027954,2.649991035461426,0.1367788165807724,2.0406382083892822,0.10822872072458267,1.4309369325637817,16.722034454345703,1282.307531570535,0.000294238132166829,1.9934813976287842,1.2742204666137695,0.9609229564666748,0.9525761008262634,0.726042628288269,0.9460699558258057,0.6149802803993225,0.59375,0.46875,0.5775470733642578,0.5198040008544922,2.8236825466156006
2330,1.5503712892532349,2.8685498237609863,0.02028963342308998,1.7638576030731201,0.13258761167526245,1.5080647468566895,16.709121704101562,1282.2685079259006,0.000294175101536767,1.945472240447998,1.3170028924942017,0.9648799300193787,0.961041271686554,0.7319730520248413,0.9334157109260559,0.5977607369422913,0.609375,0.578125,0.4700723886489868,0.6157541275024414,2.9072763919830322
2340,1.6241686344146729,2.8199961185455322,0.024258827790617943,2.080247163772583,0.10986886918544769,1.1986218690872192,16.877351760864258,1282.2275433591178,0.0002941117356254755,1.9687023162841797,1.148445725440979,0.9610137939453125,0.9295250177383423,0.6996299624443054,0.9401047825813293,0.6106763482093811,0.59375,0.65625,0.6215416789054871,0.6097844243049622,2.0929903984069824
2350,1.6118137836456299,2.8410401344299316,0.04681900516152382,1.6014468669891357,0.1124565377831459,1.4233689308166504,16.749765396118164,1282.1874489067607,0.0002940480345974244,1.9403958320617676,1.095273494720459,0.9613255858421326,0.945679247379303,0.7120525240898132,0.953194260597229,0.6523358225822449,0.65625,0.421875,0.6666666269302368,0.6885866522789001,3.5396809577941895
2360,1.5103847980499268,2.432291030883789,0.01829649694263935,2.0393121242523193,0.10890699177980423,0.8972148299217224,17.16560173034668,1282.1494459606067,0.00029398399861795324,1.8678014278411865,1.1913886070251465,0.9623883962631226,0.9682730436325073,0.7719499468803406,0.9409133791923523,0.6106714010238647,0.796875,0.203125,0.4956209659576416,0.5565882921218872,2.91117787361145
2370,1.6423228979110718,2.9555275440216064,0.088051438331604,1.7466214895248413,0.09769157320261002,1.0795069932937622,17.057594299316406,1282.1103181359422,0.00029391962785327096,1.953399658203125,1.036922574043274,0.9586326479911804,0.9405584335327148,0.71945720911026,0.9390894770622253,0.6060258150100708,0.703125,0.484375,0.6455367803573608,0.6963256597518921,1.765877366065979
2380,1.5401053428649902,2.693444013595581,0.023563489317893982,1.896743655204773,0.09981334954500198,1.400527834892273,16.853530883789062,1282.0714891903608,0.0002938549224704556,1.8700789213180542,1.0999118089675903,0.9632667303085327,0.9664788246154785,0.7237499952316284,0.945802628993988,0.5943049192428589,0.71875,0.390625,0.6138981580734253,0.6504039764404297,1.7052949666976929
2390,1.5676980018615723,2.8655269145965576,0.03568626567721367,1.5877878665924072,0.12563921511173248,2.163457155227661,16.83879852294922,1282.0320416462616,0.00029378988263745355,1.9199244976043701,1.1740882396697998,0.9543506503105164,0.9152495265007019,0.7153881788253784,0.9417266249656677,0.6321090459823608,0.578125,0.5625,0.6153661012649536,0.7060602903366089,1.950488567352295
2400,1.5390745401382446,2.886693239212036,0.0358828604221344,1.615681767463684,0.12074306607246399,1.1370066404342651,16.81768798828125,1281.9920202793378,0.00029372450852307937,1.82126784324646,0.9406445026397705,0.9700193405151367,0.9647969603538513,0.7179049849510193,0.9458824992179871,0.6227943301200867,0.734375,0.484375,0.6995244026184082,0.7407965064048767,2.301621675491333
2410,1.5738499164581299,2.758561611175537,0.01865440048277378,1.8516474962234497,0.1286405622959137,0.7882463335990906,16.98283576965332,1281.9537182628121,0.0002936588002970152,1.9258798360824585,1.1734330654144287,0.9680331349372864,0.9639204144477844,0.7599677443504333,0.933435320854187,0.5941466093063354,0.671875,0.375,0.5291344523429871,0.6318655610084534,3.1247284412384033
2420,1.6216788291931152,2.901094913482666,0.026879221200942993,1.9233763217926025,0.10887625813484192,0.7718121409416199,16.806608200073242,1281.9147887089855,0.0002935927581298105,1.939508318901062,1.059431552886963,0.9567103981971741,0.9409818053245544,0.684160053730011,0.9415481686592102,0.6391543745994568,0.6875,0.4375,0.6506202220916748,0.7146198749542236,1.9122873544692993
2430,1.556396722793579,2.8822999000549316,0.044745638966560364,1.5445643663406372,0.1084221675992012,1.0468393564224243,16.949007034301758,1281.875127871009,0.0002935263821928814,1.8785244226455688,1.073758840560913,0.9645167589187622,0.950049638748169,0.6722410917282104,0.9530907273292542,0.630065381526947,0.703125,0.3125,0.619674563407898,0.6545329689979553,1.9185783863067627
2440,1.388584852218628,2.5429489612579346,0.05677245557308197,1.7014007568359375,0.11708038300275803,1.2192105054855347,17.298843383789062,1281.835472523079,0.00029345967265851036,1.7207651138305664,1.1072673797607422,0.9552455544471741,0.9054268002510071,0.6635358929634094,0.9458084106445312,0.670817494392395,0.65625,0.40625,0.6064730286598206,0.6513936519622803,2.276397943496704
2450,1.496969223022461,2.5910837650299072,0.05509156361222267,1.909065842628479,0.08889983594417572,0.8759878873825073,17.292171478271484,1281.795792216964,0.0002933926296998457,1.8107860088348389,1.0460560321807861,0.9654519557952881,0.946196436882019,0.7081341743469238,0.946911633014679,0.6273255944252014,0.734375,0.296875,0.6453444361686707,0.6579527258872986,2.4390549659729004
2460,1.454258680343628,2.5127978324890137,0.037522923201322556,1.7558834552764893,0.11415144056081772,1.119101881980896,17.06073760986328,1281.7547058518549,0.0002933252534909012,1.7736223936080933,1.0645456314086914,0.966771125793457,0.9443967938423157,0.6749957203865051,0.9436296820640564,0.6218236684799194,0.765625,0.3125,0.6967224478721619,0.659171462059021,2.7000417709350586
2470,1.4158351421356201,2.521718740463257,0.03848406672477722,1.649169921875,0.11000214517116547,0.8262557983398438,17.368680953979492,1281.7166688080201,0.00029325754420655563,1.814708948135376,1.3295791149139404,0.9637967348098755,0.9545032382011414,0.7154725790023804,0.9384242296218872,0.6130183935165405,0.71875,0.390625,0.39436620473861694,0.5709055066108704,2.8364317417144775
2480,1.3759688138961792,2.340714931488037,0.01934821717441082,1.8423393964767456,0.11809634417295456,0.9201347827911377,17.10300064086914,1281.6778104487848,0.0002931895020225522,1.705688714981079,1.0990664958953857,0.9703093767166138,0.9452460408210754,0.7046756148338318,0.9495479464530945,0.6298661828041077,0.6875,0.390625,0.6062940955162048,0.6347705125808716,3.0597009658813477
2490,1.531366229057312,2.6566529273986816,0.01328535657376051,1.9350415468215942,0.11256017535924911,1.9184225797653198,16.998279571533203,1281.6384158013745,0.0002931211271154982,1.8703171014785767,1.1298363208770752,0.9729430675506592,0.9598193764686584,0.724865734577179,0.9577479958534241,0.674066960811615,0.53125,0.640625,0.5752953886985779,0.6073347330093384,2.2170112133026123
2500,1.4501672983169556,2.5796992778778076,0.020551171153783798,1.6522562503814697,0.0970853641629219,1.7493364810943604,17.199678421020508,1281.6006363484075,0.0002930524196628646,1.756766438484192,1.0219972133636475,0.9725882411003113,0.9586729407310486,0.7205955386161804,0.9574561715126038,0.6359847187995911,0.578125,0.453125,0.6725944876670837,0.6676884889602661,2.3120784759521484
2510,1.5885207653045654,2.6885628700256348,0.030442655086517334,1.7615008354187012,0.15563079714775085,1.8830541372299194,17.313749313354492,1281.5621339994084,0.00029298337984298543,1.9460132122039795,1.1916415691375732,0.9655807614326477,0.9465394020080566,0.7306389808654785,0.9470820426940918,0.6370991468429565,0.546875,0.671875,0.6453863382339478,0.5989049077033997,1.781293272972107
2520,1.5766074657440186,2.842963695526123,0.07269152253866196,1.5016777515411377,0.1053631603717804,1.4546910524368286,17.11991310119629,1281.5266838295754,0.00029291400783505744,1.8678181171417236,0.9707019329071045,0.9651349782943726,0.9550351500511169,0.6679209470748901,0.9456036686897278,0.6535683274269104,0.71875,0.53125,0.6802766919136047,0.7604326605796814,1.3324145078659058
2530,1.4751310348510742,2.488460063934326,0.026323771104216576,1.9769905805587769,0.10765877366065979,1.2272720336914062,17.184833526611328,1281.4903404562426,0.00029284430381913945,1.81496262550354,1.1327717304229736,0.9629526138305664,0.9653388261795044,0.6964038610458374,0.9463228583335876,0.6632624268531799,0.671875,0.359375,0.5573744773864746,0.6275182962417603,2.606215715408325
2540,1.508151888847351,2.556312084197998,0.018239721655845642,1.9293267726898193,0.10896912962198257,0.8084835410118103,17.040950775146484,1281.4537332266393,0.0002927742679761523,1.8430712223052979,1.116397500038147,0.9545961618423462,0.9341627955436707,0.6818414330482483,0.9328575134277344,0.6214646697044373,0.765625,0.296875,0.6159300804138184,0.6301782727241516,2.2778594493865967
2550,1.3559203147888184,2.182046413421631,0.0833306685090065,1.8632228374481201,0.10221346467733383,0.9265978336334229,17.24913215637207,1281.4152302241782,0.00029270390048787785,1.6612653732299805,1.0178167819976807,0.9650512933731079,0.964057981967926,0.7760315537452698,0.9495924711227417,0.6355029344558716,0.765625,0.265625,0.591251790523529,0.6320978403091431,3.207308769226074
2560,1.4829223155975342,2.686643123626709,0.034799911081790924,1.6031485795974731,0.09649952501058578,1.1598930358886719,17.28278350830078,1281.377128456266,0.000292633201536959,1.7657959461212158,0.9429118633270264,0.9595740437507629,0.9392057061195374,0.7108766436576843,0.9507514834403992,0.6825671792030334,0.609375,0.609375,0.6651690602302551,0.7909821271896362,1.7828730344772339
2570,1.3901411294937134,2.5724246501922607,0.028083864599466324,1.6439825296401978,0.11501304805278778,1.5344667434692383,17.113323211669922,1281.3382109358606,0.0002925621713068987,1.6682181358337402,0.9269232749938965,0.9666736125946045,0.9478396773338318,0.709544837474823,0.9501219987869263,0.6502683162689209,0.734375,0.34375,0.6823480725288391,0.7013593912124634,1.8576507568359375
2580,1.3875746726989746,2.446100950241089,0.024718306958675385,1.7391612529754639,0.10640127211809158,1.2711548805236816,17.28334617614746,1281.300367251726,0.0002924908099820599,1.7131187915802002,1.0851469039916992,0.9623355865478516,0.9452472925186157,0.718562662601471,0.94499671459198,0.619307816028595,0.703125,0.359375,0.5794084668159485,0.6434831023216248,2.5183401107788086
2590,1.4808512926101685,2.5078985691070557,0.06012078374624252,1.796372652053833,0.09573069214820862,1.5738224983215332,17.21696662902832,1281.2611741260955,0.00029241911774766506,1.8372825384140015,1.1881040334701538,0.9633946418762207,0.9601548314094543,0.7223649621009827,0.9441872239112854,0.6058719158172607,0.640625,0.390625,0.5101048946380615,0.5880714654922485,2.9806065559387207
2600,1.603635311126709,2.6544344425201416,0.029269998893141747,1.9459490776062012,0.12374809384346008,2.790266275405884,17.561058044433594,1281.2221142044277,0.0002923470947897953,1.9623732566833496,1.1957929134368896,0.9680880308151245,0.9575124382972717,0.6913636326789856,0.9576271176338196,0.7180757522583008,0.5625,0.53125,0.5954095721244812,0.5546488165855408,2.6263513565063477
2610,1.421528935432434,2.5624067783355713,0.029332943260669708,1.7372872829437256,0.10031872242689133,0.824195146560669,17.085922241210938,1281.1855779157877,0.0002922747412953903,1.7519936561584473,1.1015492677688599,0.9522247314453125,0.9217211008071899,0.6625994443893433,0.9441647529602051,0.6049485802650452,0.578125,0.484375,0.6468667984008789,0.6359091997146606,2.4676992893218994
2620,1.4715677499771118,2.4677631855010986,0.03881487995386124,1.7787350416183472,0.10805380344390869,1.6711039543151855,17.167312622070312,1281.1470102964524,0.00029220205745224753,1.7967759370803833,1.0840271711349487,0.971422553062439,0.9659581184387207,0.7883602380752563,0.949426531791687,0.6566386818885803,0.71875,0.328125,0.5795464515686035,0.6322729587554932,3.2947075366973877
2630,1.3485157489776611,2.2881712913513184,0.056143876165151596,2.003009080886841,0.10071247816085815,0.776100754737854,17.161762237548828,1281.109380076881,0.00029212904344902207,1.6335946321487427,0.9502630233764648,0.9614232182502747,0.9514433145523071,0.665594220161438,0.9468387961387634,0.6534075140953064,0.75,0.34375,0.7275266051292419,0.695950448513031,2.500932216644287
2640,1.4054092168807983,2.248170852661133,0.061949245631694794,2.136262893676758,0.09508612751960754,1.5698778629302979,17.832340240478516,1281.0711033633863,0.0002920556994752259,1.7530440092086792,1.1587826013565063,0.9616302251815796,0.9613871574401855,0.7441243529319763,0.940229594707489,0.6111433506011963,0.625,0.453125,0.5935488939285278,0.5995590686798096,3.0351345539093018
2650,1.3893487453460693,2.4144985675811768,0.013357287272810936,1.8370451927185059,0.12405863404273987,1.1674721240997314,17.412878036499023,1281.0333948487225,0.00029198202572122727,1.7617653608322144,1.2413887977600098,0.9688930511474609,0.9509370923042297,0.7241820693016052,0.9603090286254883,0.6705959439277649,0.546875,0.59375,0.593700110912323,0.624824047088623,3.880446434020996
2660,1.4418277740478516,2.4068119525909424,0.024211212992668152,1.8348770141601562,0.10193093866109848,2.9356231689453125,17.3658390045166,1280.9960111853989,0.00029190802237825074,1.7654740810394287,1.078820824623108,0.9637741446495056,0.9665822982788086,0.7565870881080627,0.9523876309394836,0.6504399180412292,0.703125,0.390625,0.60219407081604,0.61561518907547,2.268874168395996
2670,1.4973257780075073,2.6714284420013428,0.05034874379634857,1.7436836957931519,0.11833414435386658,2.250537633895874,17.627573013305664,1280.9582114696436,0.00029183368963837594,1.8767694234848022,1.2648122310638428,0.9651684761047363,0.9390646815299988,0.6396700143814087,0.9444602727890015,0.7033542990684509,0.640625,0.53125,0.5922545790672302,0.5526970624923706,3.276561737060547
2680,1.3758041858673096,2.41367244720459,0.01350767444819212,1.7911700010299683,0.10180258750915527,1.262913703918457,17.321958541870117,1280.9221517472884,0.00029175902769453785,1.6715232133865356,0.9857301712036133,0.9749118685722351,0.9648169875144958,0.7536131143569946,0.94990074634552,0.6427503824234009,0.703125,0.359375,0.6152210235595703,0.6543884873390198,2.6036624908447266
2690,1.5380808115005493,2.4448933601379395,0.042814671993255615,2.1690590381622314,0.11572618782520294,1.1466732025146484,17.511024475097656,1280.886087264003,0.00029168403674052567,1.933026909828186,1.3164870738983154,0.9701162576675415,0.9684547781944275,0.7155616283416748,0.9548591375350952,0.6755471229553223,0.578125,0.546875,0.5220836997032166,0.5710933208465576,2.415757894515991
2700,1.4013382196426392,2.3870086669921875,0.016569459810853004,1.824658989906311,0.10841675102710724,2.196333646774292,17.377845764160156,1280.8479768618495,0.0002916087169709826,1.7518585920333862,1.1684011220932007,0.9594924449920654,0.9451438784599304,0.6892280578613281,0.9555826187133789,0.6759176850318909,0.6875,0.484375,0.5522364974021912,0.592243492603302,1.696000099182129
2710,1.5923289060592651,2.614701986312866,0.0494985431432724,2.020416498184204,0.11145168542861938,2.047412395477295,17.331499099731445,1280.8120574504146,0.00029153306858140533,1.9153732061386108,1.0768144130706787,0.9681062698364258,0.9510837197303772,0.686052680015564,0.958036482334137,0.6585932374000549,0.640625,0.390625,0.6806043386459351,0.6438407897949219,2.09608793258667
2720,1.428210973739624,2.508763313293457,0.030586523935198784,1.8665629625320435,0.10538974404335022,2.504411458969116,17.349775314331055,1280.7747148201513,0.00029145709176814355,1.7604074478149414,1.1073216199874878,0.9663475155830383,0.9605705142021179,0.7173063158988953,0.9501045942306519,0.6600234508514404,0.578125,0.640625,0.5448134541511536,0.6881101727485657,1.489330530166626
2730,1.3487646579742432,2.151885986328125,0.026294436305761337,1.9132766723632812,0.11551359295845032,1.3082247972488403,17.59502410888672,1280.7370652418997,0.0002913807867283993,1.6982849836349487,1.1650676727294922,0.9747406244277954,0.9578864574432373,0.7074965238571167,0.9566211104393005,0.6974560618400574,0.78125,0.296875,0.5338048338890076,0.5904449224472046,2.9767701625823975
2740,1.3938924074172974,2.3414182662963867,0.034270722419023514,1.807382583618164,0.10014313459396362,1.051983118057251,17.677202224731445,1280.6985059926094,0.0002913041536602266,1.6837999820709229,0.9663587808609009,0.9671570062637329,0.9549952745437622,0.7456799149513245,0.9447396993637085,0.635982096195221,0.796875,0.3125,0.630561113357544,0.7015592455863953,1.6692125797271729
2750,1.3692302703857422,2.2758116722106934,0.041814710944890976,1.8904601335525513,0.10095050930976868,1.7616568803787231,17.561037063598633,1280.65926305858,0.000291227192762531,1.6759741306304932,1.02247953414917,0.9687801003456116,0.9699081182479858,0.6953156590461731,0.9471962451934814,0.6732776761054993,0.78125,0.296875,0.6891268491744995,0.6544821262359619,2.9278171062469482
2760,1.38945734500885,2.456285238265991,0.1117754578590393,1.6866123676300049,0.10752899944782257,1.5769671201705933,17.570810317993164,1280.621540460725,0.00029114990423506864,1.7228983640670776,1.111470103263855,0.9674436450004578,0.9558626413345337,0.693817675113678,0.9507346153259277,0.6724904179573059,0.71875,0.34375,0.5840036273002625,0.6324419975280762,2.8519253730773926
2770,1.2805912494659424,2.0808351039886475,0.0357477143406868,1.877282977104187,0.10959507524967194,0.8640271425247192,17.832218170166016,1280.5829150917389,0.00029107228827844633,1.628178358078003,1.1586236953735352,0.9701124429702759,0.9715001583099365,0.7629768252372742,0.9508071541786194,0.6520179510116577,0.796875,0.28125,0.5592274069786072,0.5726783275604248,3.3940634727478027
2780,1.3972527980804443,2.2522263526916504,0.024542344734072685,1.9641759395599365,0.10050417482852936,2.1245644092559814,17.541969299316406,1280.5448602993922,0.0002909943450941207,1.7262873649597168,1.096781611442566,0.9672669768333435,0.9585670828819275,0.7315781116485596,0.9582341909408569,0.6954298615455627,0.6875,0.40625,0.5632555484771729,0.6320400238037109,3.1819968223571777
2790,1.4095532894134521,2.444291591644287,0.03952876105904579,1.8688305616378784,0.08515744656324387,1.6663966178894043,17.72420310974121,1280.5062564617242,0.0002909160748843975,1.6807670593261719,0.9040460586547852,0.9680019617080688,0.9617756009101868,0.6996124386787415,0.9575480222702026,0.6945475339889526,0.78125,0.28125,0.7171709537506104,0.7165436744689941,1.705143928527832
2800,1.2915375232696533,2.268258810043335,0.015817740932106972,1.7124474048614502,0.11505948752164841,1.47139310836792,17.869409561157227,1280.4682965973927,0.0002908374778524317,1.6718316078186035,1.2676467895507812,0.9608089923858643,0.9148637652397156,0.6367690563201904,0.9603030681610107,0.7329246997833252,0.640625,0.421875,0.526673436164856,0.5678723454475403,2.351057767868042
2810,1.3386259078979492,2.322504758834839,0.030556730926036835,1.75639009475708,0.09851960837841034,1.3275408744812012,17.589635848999023,1280.4303969895439,0.000290758554202226,1.6880772113800049,1.1648378372192383,0.9624376893043518,0.9491347074508667,0.649072527885437,0.9500300288200378,0.6673130393028259,0.703125,0.390625,0.5257285237312317,0.6279422640800476,2.349648952484131
2820,1.4893227815628052,2.54464054107666,0.049892302602529526,1.912309169769287,0.08418738096952438,2.645617961883545,17.705982208251953,1280.3941205301967,0.0002906793041386314,1.7666072845458984,0.9242815971374512,0.9793825745582581,0.9772603511810303,0.7799420356750488,0.9595451354980469,0.7131199240684509,0.71875,0.484375,0.6515077948570251,0.7328394055366516,2.5372157096862793
2830,1.291551113128662,2.211784601211548,0.07401416450738907,1.9082435369491577,0.13966888189315796,3.325784683227539,17.735889434814453,1280.3586117241696,0.0002905997278673458,1.6288684606552124,1.1243911981582642,0.9653317332267761,0.9642977714538574,0.7156599760055542,0.9600068926811218,0.693701982498169,0.578125,0.515625,0.6642415523529053,0.6921398639678955,1.7280817031860352
2840,1.2310552597045898,2.1337990760803223,0.0449332669377327,1.8992817401885986,0.10613203793764114,1.013753890991211,17.68207359313965,1280.3234848907714,0.00029051982559491393,1.53399658203125,1.009804368019104,0.9682925343513489,0.9588442444801331,0.7075888514518738,0.9569847583770752,0.6951661705970764,0.6875,0.328125,0.6190062761306763,0.6964303851127625,1.8129531145095825
2850,1.2772637605667114,2.1444849967956543,0.030444351956248283,1.8640379905700684,0.13178104162216187,0.9665364027023315,17.92819595336914,1280.2879895370231,0.00029043959752872656,1.6135565042495728,1.1209758520126343,0.9556201696395874,0.9425314664840698,0.6533219814300537,0.9507691860198975,0.6830178499221802,0.78125,0.296875,0.5647737383842468,0.6411316990852356,2.61262583732605
2860,1.3476135730743408,2.215111017227173,0.017111649736762047,1.9854295253753662,0.10405860841274261,1.2270631790161133,17.961902618408203,1280.2501735808644,0.0002903590438770202,1.6645328998565674,1.0563979148864746,0.9700561761856079,0.9576940536499023,0.7131175994873047,0.9658586978912354,0.740907609462738,0.640625,0.40625,0.6708502173423767,0.6235172748565674,2.6115524768829346
2870,1.1001852750778198,1.9536421298980713,0.01624668948352337,1.5142215490341187,0.11727935075759888,1.8419657945632935,17.903968811035156,1280.2142970560908,0.0002902781648488763,1.4216723442077637,1.0716235637664795,0.964058518409729,0.9470626711845398,0.6734026670455933,0.9556617140769958,0.6911976337432861,0.796875,0.25,0.5727792382240295,0.6463057398796082,1.7630990743637085
2880,1.3557757139205933,2.2547378540039062,0.019191738218069077,2.0629870891571045,0.10879868268966675,1.6297959089279175,17.90590476989746,1280.178889369021,0.00029019696065422105,1.6916403770446777,1.119549036026001,0.9664396643638611,0.9618114829063416,0.7185530662536621,0.9515936970710754,0.6871444582939148,0.671875,0.484375,0.6004303693771362,0.6043432950973511,3.2902626991271973
2890,1.268268346786499,1.9217197895050049,0.02086721360683441,1.8622362613677979,0.09936165064573288,1.2455081939697266,18.256916046142578,1280.1416985822657,0.0002901154315038244,1.6173961162567139,1.1637589931488037,0.9652819633483887,0.9432753920555115,0.7085749506950378,0.9554073810577393,0.6823529005050659,0.734375,0.359375,0.541401743888855,0.6003422141075134,3.5336103439331055
2900,1.2958741188049316,2.2145400047302246,0.048707976937294006,1.7404327392578125,0.11607000231742859,1.4068286418914795,17.835323333740234,1280.1046642427311,0.0002900335776092998,1.623199701309204,1.0910851955413818,0.9722672700881958,0.9613663554191589,0.710915207862854,0.9575632214546204,0.6786296963691711,0.71875,0.375,0.5942679643630981,0.6463603377342224,1.800585150718689
2910,1.2902562618255615,2.210310935974121,0.054089296609163284,1.6707288026809692,0.10100537538528442,2.374586582183838,17.75118064880371,1280.0682825841818,0.0002899513991831037,1.6148414611816406,1.0819506645202637,0.9635936617851257,0.9568054676055908,0.7130323052406311,0.9556536078453064,0.6787983775138855,0.734375,0.40625,0.5810707807540894,0.675774097442627,1.5968194007873535
2920,1.3522655963897705,2.1913578510284424,0.04444045573472977,1.9825907945632935,0.09620844572782516,2.1979968547821045,18.022798538208008,1280.0324289351179,0.0002898688964385348,1.6920840740203857,1.1327279806137085,0.9691959023475647,0.9678434729576111,0.7388773560523987,0.9502940773963928,0.6503393650054932,0.734375,0.375,0.514610230922699,0.5812245011329651,2.4045040607452393
2930,1.3197472095489502,2.2926249504089355,0.030505890026688576,1.7108489274978638,0.1421269178390503,4.803822040557861,18.069271087646484,1279.999381171943,0.00028978606958973365,1.6068181991577148,0.956903338432312,0.9683504700660706,0.9643845558166504,0.7545738816261292,0.9548322558403015,0.676274299621582,0.578125,0.5625,0.7154152989387512,0.7060108184814453,1.6323835849761963
2940,1.4017844200134277,2.208958148956299,0.03021221049129963,2.042811155319214,0.10150984674692154,1.4669957160949707,17.942956924438477,1279.9652290154977,0.00028970291885168194,1.7491670846939087,1.157942295074463,0.9656926989555359,0.9615194201469421,0.7277588248252869,0.945676326751709,0.6890938878059387,0.625,0.5625,0.5339719653129578,0.5914266705513,2.7253499031066895
2950,1.3873003721237183,2.3417985439300537,0.041174858808517456,1.8277353048324585,0.11059287190437317,1.5357848405838013,17.915197372436523,1279.931006023359,0.0002896194444402021,1.736395239830017,1.1636494398117065,0.9728716015815735,0.9811474680900574,0.757904589176178,0.9552559852600098,0.6707391738891602,0.609375,0.515625,0.5442091226577759,0.6395522356033325,1.9597269296646118
2960,1.3241491317749023,2.375119209289551,0.047441110014915466,1.5715364217758179,0.09591782838106155,1.3658841848373413,17.659364700317383,1279.8976727983331,0.00028953564657195656,1.6220321655273438,0.992943525314331,0.9696488976478577,0.9630237817764282,0.7604877352714539,0.954108476638794,0.6684887409210205,0.703125,0.390625,0.6485287547111511,0.6761412024497986,1.9509388208389282
2970,1.1814478635787964,1.9949666261672974,0.04631825536489487,1.6303024291992188,0.12419568747282028,2.6725142002105713,18.043869018554688,1279.8648515394295,0.00028945152546444754,1.509958028793335,1.0950336456298828,0.967774510383606,0.9675599336624146,0.7098789215087891,0.9570932984352112,0.6898217797279358,0.609375,0.453125,0.6014819145202637,0.6159555912017822,2.4528963565826416
2980,1.2828893661499023,2.266413927078247,0.03646749630570412,1.7652910947799683,0.12067639827728271,1.7085679769515991,17.939773559570312,1279.8302761182133,0.000289367081336016,1.672333002090454,1.2981452941894531,0.9712620973587036,0.9653095602989197,0.6718388199806213,0.9543815851211548,0.6821418404579163,0.59375,0.546875,0.4517301321029663,0.5784406661987305,2.260126829147339
2990,1.3957867622375488,2.4908559322357178,0.02057616412639618,1.602104663848877,0.11685925722122192,1.5162293910980225,17.779035568237305,1279.7936475186896,0.00028928231440584145,1.746222734451294,1.1681199073791504,0.9600432515144348,0.9329165816307068,0.6653119325637817,0.9579387307167053,0.6999104022979736,0.671875,0.515625,0.5692019462585449,0.650174081325531,2.5470404624938965
3000,1.3788328170776367,2.298980236053467,0.03580429032444954,1.8918886184692383,0.1064852923154831,1.8833634853363037,17.94864845275879,1279.7576647712608,0.00028919722489394124,1.6604454517364502,0.9387086033821106,0.9769467711448669,0.9770456552505493,0.7451900839805603,0.9624443650245667,0.7333333492279053,0.640625,0.5625,0.674756646156311,0.6635168790817261,1.9643065929412842
3010,1.2714712619781494,2.2106597423553467,0.0630071610212326,1.6841105222702026,0.100327268242836,1.2800520658493042,17.949281692504883,1279.721699398897,0.0002891118130211699,1.5658024549484253,0.9811040759086609,0.9658077955245972,0.9501240253448486,0.7405440211296082,0.9569577574729919,0.6697790026664734,0.75,0.359375,0.6306198835372925,0.7034254670143127,1.415673017501831
3020,1.2926877737045288,2.217329978942871,0.04590322822332382,1.8133175373077393,0.1226009950041771,3.75797700881958,18.212831497192383,1279.6880296089428,0.0002890260790092189,1.6148746013641357,1.07395601272583,0.9703591465950012,0.9547969698905945,0.7119693756103516,0.959385097026825,0.7166186571121216,0.609375,0.515625,0.6836519241333008,0.6842974424362183,1.8631612062454224
3030,1.2554057836532593,2.1644206047058105,0.03156596049666405,1.8189629316329956,0.10809037834405899,1.100881814956665,18.023216247558594,1279.6551874335637,0.00028894002308061544,1.5557751655578613,1.0012314319610596,0.9648340940475464,0.9583000540733337,0.7118561863899231,0.9555726647377014,0.6981077194213867,0.640625,0.40625,0.6314209699630737,0.6928916573524475,1.738263487815857
3040,1.4009474515914917,2.384765625,0.032218120992183685,1.7570648193359375,0.08744388073682785,2.3636281490325928,18.04666519165039,1279.6202975517488,0.0002888536454587227,1.7002222537994385,0.9975824356079102,0.9644586443901062,0.9567739963531494,0.7438146471977234,0.9457789063453674,0.6767094135284424,0.6875,0.421875,0.6106117367744446,0.7293561697006226,1.5072840452194214
3050,1.2328490018844604,1.8609548807144165,0.03815083205699921,1.9261622428894043,0.1080009862780571,1.3157684803009033,18.200075149536133,1279.5855277160488,0.0002887669463677386,1.5377206802368164,1.016238808631897,0.9743376970291138,0.9812772870063782,0.796286404132843,0.952481210231781,0.6389857530593872,0.703125,0.421875,0.6636300683021545,0.622782826423645,2.5159432888031006
3060,1.135999083518982,1.9539604187011719,0.04341921582818031,1.728171706199646,0.09445826709270477,1.1385248899459839,18.041038513183594,1279.551177155294,0.0002886799260326955,1.4432185888290405,1.0240648984909058,0.9629424810409546,0.9467941522598267,0.7099906206130981,0.9620929956436157,0.7175738215446472,0.796875,0.21875,0.5638757348060608,0.665631890296936,1.792425513267517
3070,1.2805510759353638,2.083995819091797,0.02623775228857994,1.9453155994415283,0.10172585397958755,2.3903372287750244,18.001636505126953,1279.5157682134186,0.00028859258467945953,1.6404497623443604,1.199662446975708,0.975306510925293,0.9703737497329712,0.7453789114952087,0.9628182649612427,0.7156302332878113,0.65625,0.4375,0.4920702278614044,0.5405572056770325,2.9149787425994873
3080,1.187380075454712,1.9749563932418823,0.03756836801767349,1.7328680753707886,0.10393507033586502,0.9459121227264404,18.20098876953125,1279.4793942760925,0.00028850492253473017,1.4646649360656738,0.9242827296257019,0.9703752398490906,0.9488009214401245,0.7470555305480957,0.9689055681228638,0.7399380803108215,0.65625,0.453125,0.6840264201164246,0.6843504905700684,1.939243197441101
3090,1.2923879623413086,2.157761335372925,0.014185983687639236,1.7901098728179932,0.10748296231031418,1.5545278787612915,18.486934661865234,1279.443457818474,0.0002884169398260393,1.6170194149017334,1.082105040550232,0.9743553996086121,0.9702062606811523,0.7498992085456848,0.9624481797218323,0.7075086236000061,0.671875,0.34375,0.5366506576538086,0.6069156527519226,1.899170160293579
3100,1.333723545074463,2.2800562381744385,0.048944611102342606,1.7339614629745483,0.11305772513151169,1.5572255849838257,18.231548309326172,1279.4067938990725,0.0002883286367817511,1.6380114555358887,1.0142929553985596,0.9603893756866455,0.9443749785423279,0.7072829604148865,0.9515864849090576,0.6947844624519348,0.65625,0.4375,0.650504469871521,0.7300796508789062,1.2049658298492432
3110,1.191737413406372,1.897084355354309,0.027661366388201714,1.7996994256973267,0.11418038606643677,1.4381555318832397,18.5284366607666,1279.3720548268038,0.000288240013631061,1.5401043891906738,1.161223292350769,0.9736126661300659,0.9712705016136169,0.7135359048843384,0.9602115154266357,0.7021276354789734,0.75,0.28125,0.5175985097885132,0.5764468908309937,2.9468560218811035
3120,1.2024551630020142,1.9233094453811646,0.04350925609469414,1.6838525533676147,0.10126513987779617,0.8476384878158569,18.008167266845703,1279.337526710066,0.00028815107060399547,1.5238763093948364,1.0714038610458374,0.9723736047744751,0.952989399433136,0.7076708674430847,0.9605821371078491,0.7078749537467957,0.765625,0.296875,0.575247049331665,0.5997545123100281,2.360582113265991
3130,1.3358850479125977,2.148763656616211,0.04769964888691902,1.81802237033844,0.10872035473585129,2.554130792617798,18.458860397338867,1279.3022831879603,0.000288061807931411,1.6519438028335571,1.0535292625427246,0.9758678078651428,0.9619129300117493,0.6914165616035461,0.9589170217514038,0.7312370538711548,0.734375,0.3125,0.6094071269035339,0.6653077006340027,1.799707293510437
3140,1.1997400522232056,1.7548226118087769,0.050584979355335236,2.039827346801758,0.08489580452442169,1.0324803590774536,18.23766326904297,1279.2681755141332,0.00028797222584499397,1.5335667133331299,1.1127554178237915,0.9663323163986206,0.9667032361030579,0.7177467942237854,0.9552452564239502,0.6905034184455872,0.71875,0.328125,0.5866938829421997,0.6036111116409302,3.5034990310668945
3150,1.1963614225387573,2.1215760707855225,0.039731986820697784,1.4577946662902832,0.11130134761333466,1.2756468057632446,18.34995460510254,1279.2334084778495,0.00028788232457725965,1.5195338726043701,1.0772415399551392,0.9708067178726196,0.9711018800735474,0.7174617052078247,0.954367458820343,0.6735159754753113,0.71875,0.359375,0.5844249725341797,0.6454997062683105,2.3930344581604004
3160,1.213724136352539,2.066619396209717,0.027370791882276535,1.8104448318481445,0.09756053239107132,1.1677665710449219,18.08069610595703,1279.1981563121287,0.0002877921043615519,1.512611746788025,0.9962921142578125,0.9657959938049316,0.9514066576957703,0.7097073793411255,0.9479820132255554,0.6637265682220459,0.734375,0.390625,0.7132084965705872,0.7051489949226379,2.570085287094116
3170,1.2399983406066895,2.033494710922241,0.03750113770365715,1.8012267351150513,0.10599122196435928,1.5924241542816162,18.504365921020508,1279.1634010904274,0.00028770156543204224,1.5902087688446045,1.1673681735992432,0.9682973623275757,0.9637126326560974,0.7280535697937012,0.9598467946052551,0.7111111283302307,0.65625,0.46875,0.5681601166725159,0.6156818270683289,3.057159662246704
3180,1.1410890817642212,1.7414655685424805,0.07188095152378082,1.7872095108032227,0.0850551426410675,1.4596229791641235,18.3929500579834,1279.129390388217,0.00028761070802372964,1.368045687675476,0.7565220594406128,0.9802618026733398,0.9886289834976196,0.8206890225410461,0.9590482711791992,0.6872153282165527,0.8125,0.234375,0.761401891708374,0.7716915607452393,1.9391107559204102
3190,1.0884398221969604,1.8588494062423706,0.029756998643279076,1.6529818773269653,0.10793574154376984,0.9242186546325684,18.378149032592773,1279.0932071870925,0.0002875195323724396,1.4144325256347656,1.0866422653198242,0.9617671966552734,0.9281966686248779,0.7282962799072266,0.9523245096206665,0.7013706564903259,0.703125,0.375,0.5722590684890747,0.6182116866111755,3.100377082824707
3200,1.3857649564743042,2.247957229614258,0.022014660760760307,1.7437913417816162,0.10544773936271667,1.36601984500885,18.175064086914062,1279.0590439163766,0.0002874280387148236,1.7425857782363892,1.1894025802612305,0.9741884469985962,0.9722932577133179,0.7085602283477783,0.9443215727806091,0.67281574010849,0.6875,0.375,0.6338157653808594,0.6389641761779785,3.156477212905884
3210,1.3133444786071777,2.0338425636291504,0.020634692162275314,2.0168755054473877,0.11106053739786148,1.8040260076522827,18.293485641479492,1279.0245167270125,0.0002873362272883586,1.6522997617721558,1.1298508644104004,0.9730968475341797,0.9734792709350586,0.7686173319816589,0.9504309892654419,0.671870768070221,0.640625,0.546875,0.6026757955551147,0.5743887424468994,4.396341323852539
3220,1.3038947582244873,2.2191178798675537,0.031425755470991135,1.7873988151550293,0.09591519832611084,1.925621747970581,18.071531295776367,1278.9904150371087,0.0002872440983313463,1.6104788780212402,1.0219472646713257,0.9715097546577454,0.9614625573158264,0.6905949711799622,0.9550075531005859,0.6850076913833618,0.734375,0.375,0.5651901960372925,0.6722575426101685,1.5056369304656982
3230,1.2235714197158813,1.9408259391784668,0.03761296719312668,2.0133614540100098,0.11519142240285873,2.5473172664642334,18.292583465576172,1278.9582701288305,0.00028715165208291265,1.5638391971588135,1.1342259645462036,0.9691373109817505,0.9700562357902527,0.6909339427947998,0.9471315741539001,0.6546820402145386,0.609375,0.4375,0.6407171487808228,0.6425356864929199,2.2343645095825195
3240,1.0711719989776611,1.7981215715408325,0.014227764680981636,1.6422483921051025,0.0986463874578476,2.063310146331787,18.678308486938477,1278.9241072764341,0.00028705888878300686,1.3552800416946411,0.9470268487930298,0.9708271622657776,0.9721560478210449,0.8087472319602966,0.9622028470039368,0.6979413032531738,0.796875,0.25,0.570239782333374,0.6456302404403687,2.537985324859619
3250,1.249555230140686,2.0553669929504395,0.05542005971074104,1.8758255243301392,0.1105685830116272,1.8820056915283203,18.47040367126465,1278.8898509051155,0.0002869658086724016,1.6074962615966797,1.1931368112564087,0.9753747582435608,0.9793446063995361,0.7234375476837158,0.9601249098777771,0.7189403772354126,0.671875,0.40625,0.4986947178840637,0.5936838388442993,2.98927640914917
3260,1.2756965160369873,2.091090440750122,0.01826591044664383,1.8765714168548584,0.10960865765810013,1.3482285737991333,18.158634185791016,1278.8542941461083,0.0002868724119926913,1.6266467571258545,1.1698341369628906,0.9748445153236389,0.9698575139045715,0.7602829933166504,0.9572613835334778,0.691476583480835,0.65625,0.5,0.46790438890457153,0.6411141753196716,2.0158615112304688
3270,1.2487200498580933,1.9920313358306885,0.04764922335743904,1.7937328815460205,0.10863623768091202,2.8029942512512207,18.48727798461914,1278.818682175108,0.0002867786989862923,1.552788496017456,1.0135613679885864,0.9678499698638916,0.9625803828239441,0.7459439635276794,0.9524110555648804,0.666016161441803,0.71875,0.421875,0.6230133175849915,0.6757764220237732,2.369631767272949
3280,1.254477858543396,2.0093839168548584,0.03929069638252258,1.8959577083587646,0.11977240443229675,2.064774990081787,18.553743362426758,1278.7833284956932,0.0002866846698964421,1.613445520401001,1.196558952331543,0.9645822048187256,0.9475428462028503,0.6513205766677856,0.9538199305534363,0.7191244959831238,0.609375,0.40625,0.6144967675209045,0.5786199569702148,2.9608588218688965
3290,1.1488431692123413,1.8656734228134155,0.04245787486433983,1.7542258501052856,0.09443897753953934,0.7267268300056458,18.372116088867188,1278.7479267346137,0.0002865903249671983,1.471231460571289,1.07462739944458,0.9644107818603516,0.9566982984542847,0.7119165062904358,0.9550538659095764,0.6921738982200623,0.796875,0.25,0.5670009851455688,0.6257864236831665,2.045365571975708
3300,1.2265963554382324,2.00898814201355,0.05683670938014984,2.0209286212921143,0.09368196129798889,1.1079083681106567,18.210641860961914,1278.7123921019402,0.0002864956644434386,1.5560232400894165,1.098089575767517,0.9714922308921814,0.9517385363578796,0.6550619602203369,0.9588171243667603,0.7185777425765991,0.71875,0.359375,0.5983861088752747,0.6403641700744629,2.6398348808288574
3310,1.2125078439712524,2.1407864093780518,0.06157972291111946,1.5726240873336792,0.10587259382009506,1.3495298624038696,18.28957176208496,1278.6767278955176,0.0002864006885708597,1.563137412071228,1.1687653064727783,0.9654594659805298,0.9558461904525757,0.6478770971298218,0.9616723656654358,0.7161882519721985,0.75,0.296875,0.583156168460846,0.6297430992126465,2.084000587463379
3320,1.0608468055725098,1.7493773698806763,0.02757875621318817,1.576535701751709,0.09642171859741211,1.1751854419708252,18.5849666595459,1278.6450632719561,0.00028630539759597675,1.3581206798553467,0.9909127950668335,0.9736141562461853,0.9624268412590027,0.7102333307266235,0.9624927043914795,0.7099308967590332,0.78125,0.3125,0.6148592829704285,0.6622269749641418,2.1876401901245117
3330,1.246288537979126,2.0366528034210205,0.01487309392541647,1.9302417039871216,0.10870015621185303,2.8218002319335938,18.418487548828125,1278.609792309908,0.0002862097917661229,1.5843099355697632,1.1267378330230713,0.9616144299507141,0.9716583490371704,0.7301657795906067,0.9543790817260742,0.7074660062789917,0.71875,0.546875,0.6005374789237976,0.6074697375297546,1.9507533311843872
3340,1.2038058042526245,1.9212701320648193,0.018001651391386986,2.007688045501709,0.10073782503604889,0.8232923150062561,18.469411849975586,1278.5759993357608,0.00028611387132944827,1.5586013793945312,1.1826518774032593,0.9631261825561523,0.9456962943077087,0.6592782735824585,0.9589532613754272,0.7236363887786865,0.765625,0.28125,0.5273134112358093,0.5851007699966431,2.868945837020874
3350,1.1770132780075073,1.8924299478530884,0.04507388919591904,1.724518895149231,0.10654685646295547,0.9889414310455322,18.37604331970215,1278.5404528118386,0.00028601763653491994,1.4881126880645752,1.0369980335235596,0.9688864350318909,0.9584046602249146,0.6901631951332092,0.9613254070281982,0.729088306427002,0.765625,0.28125,0.6768985390663147,0.6349256038665771,2.4556636810302734
3360,1.0509403944015503,1.727102279663086,0.017075644806027412,1.7492191791534424,0.09181415289640427,1.0017205476760864,18.381105422973633,1278.504525537377,0.0002859210876323207,1.3549120426177979,1.013238787651062,0.9666701555252075,0.9534680247306824,0.6967347860336304,0.9641005396842957,0.7428571581840515,0.703125,0.359375,0.6541596055030823,0.7022645473480225,1.819459319114685
3370,1.1456047296524048,1.9357876777648926,0.02273307554423809,1.705539345741272,0.10048606246709824,1.466471791267395,18.683881759643555,1278.4684562076395,0.0002858242248722486,1.4589793682098389,1.0445821285247803,0.9622105360031128,0.95667964220047,0.7172638773918152,0.9586542844772339,0.7104214429855347,0.734375,0.3125,0.5615445971488953,0.6344699859619141,2.149033784866333
3380,1.052704095840454,1.7465312480926514,0.0245295949280262,1.6107769012451172,0.10531781613826752,0.8364273905754089,18.738971710205078,1278.4347518619672,0.00028572704850611633,1.4016730785369873,1.1632298231124878,0.9631191492080688,0.9580478668212891,0.6570539474487305,0.9530414938926697,0.7132812738418579,0.8125,0.234375,0.4665910601615906,0.5775155425071716,2.5979819297790527
3390,1.1438250541687012,1.9459291696548462,0.02208848111331463,1.5612199306488037,0.09545110166072845,1.5239200592041016,18.925893783569336,1278.3990967392292,0.0002856295587861506,1.463468074798584,1.065476894378662,0.9695984721183777,0.9609348177909851,0.7093454599380493,0.9587182998657227,0.6957671642303467,0.703125,0.34375,0.5711731314659119,0.6088699698448181,1.6419929265975952
3400,1.1036502122879028,1.7493104934692383,0.028486480936408043,1.745686650276184,0.10800614207983017,1.0549390316009521,18.389577865600586,1278.3654261634572,0.00028553175596539163,1.4724063873291016,1.22918701171875,0.965448796749115,0.9497570991516113,0.7070159912109375,0.9585126638412476,0.7031062841415405,0.6875,0.359375,0.5099377632141113,0.5185390710830688,2.6576168537139893
3410,1.1459978818893433,1.9304465055465698,0.01826740801334381,1.7414493560791016,0.08677710592746735,1.4401938915252686,18.392711639404297,1278.3323135419066,0.00028543364029769196,1.4320212602615356,0.9534111618995667,0.9753329753875732,0.96150141954422,0.7177709341049194,0.9631668925285339,0.7314577698707581,0.75,0.3125,0.6005250811576843,0.7049224972724915,1.6569362878799438
3420,1.1779240369796753,1.936812400817871,0.025071358308196068,1.7949188947677612,0.09897884726524353,2.037317991256714,18.65774917602539,1278.299623787363,0.00028533521203771633,1.5319229364395142,1.179996371269226,0.9639257192611694,0.9465063810348511,0.6402994394302368,0.9574790596961975,0.7173318266868591,0.828125,0.28125,0.5345271825790405,0.5795546770095825,2.270545721054077
3430,1.1642465591430664,1.8100355863571167,0.03571094572544098,1.9713730812072754,0.08504830300807953,0.9844242334365845,18.81537628173828,1278.2663955806113,0.0002852364714409409,1.4982702732086182,1.1134121417999268,0.9616108536720276,0.9537293314933777,0.7433492541313171,0.955608069896698,0.6838301420211792,0.75,0.328125,0.5310053825378418,0.6694266200065613,2.2541399002075195
3440,1.1272327899932861,1.8804718255996704,0.02243117429316044,1.6559467315673828,0.11604366451501846,1.0935207605361938,18.501094818115234,1278.2332211349258,0.0002851374187636523,1.456964135169983,1.099104404449463,0.9653217792510986,0.961458146572113,0.6978751420974731,0.9608603119850159,0.7222222089767456,0.75,0.3125,0.6267083287239075,0.6153765320777893,2.5986521244049072
3450,1.2055460214614868,1.9460777044296265,0.03947804868221283,1.814642310142517,0.12739896774291992,2.003560781478882,18.87930679321289,1278.1982274166526,0.0002850380542629474,1.5224400758743286,1.0563135147094727,0.9692088961601257,0.9604580402374268,0.7280514240264893,0.963423490524292,0.7343218922615051,0.734375,0.359375,0.572518527507782,0.6795746684074402,1.7496795654296875
3460,1.2417213916778564,2.074855327606201,0.048259053379297256,1.78742253780365,0.09280888736248016,1.090510368347168,18.805538177490234,1278.164132445717,0.0002849383781967324,1.5674939155578613,1.0859081745147705,0.9646216034889221,0.956840455532074,0.7448827624320984,0.9631814956665039,0.7359210848808289,0.75,0.328125,0.5817204713821411,0.6396135091781616,2.8418219089508057
3470,1.0708085298538208,1.7800936698913574,0.021600402891635895,1.7020906209945679,0.08995983004570007,1.7034450769424438,18.385637283325195,1278.130875755142,0.000284838390823722,1.3806378841400146,1.0327643156051636,0.9675220847129822,0.9382166266441345,0.6613177061080933,0.9633039832115173,0.742781400680542,0.765625,0.3125,0.6173005700111389,0.6528882384300232,2.252267360687256
3480,1.159281849861145,2.0680758953094482,0.00976177491247654,1.8870494365692139,0.09843260794878006,1.8221266269683838,18.64712905883789,1278.0960389571546,0.00028473809240343916,1.4625773429870605,1.010985016822815,0.9754306077957153,0.9605012536048889,0.7053779363632202,0.969081699848175,0.7458361387252808,0.703125,0.359375,0.6159592866897583,0.6871533393859863,2.178251028060913
3490,1.1426489353179932,1.8368064165115356,0.035663094371557236,1.7487902641296387,0.112930528819561,2.0240540504455566,18.63620376586914,1278.0627275964243,0.00028463748319621396,1.4944061040878296,1.1725239753723145,0.964522123336792,0.9619515538215637,0.6713625192642212,0.9643917679786682,0.7399999499320984,0.609375,0.46875,0.5712816715240479,0.5717580318450928,2.4762203693389893
3500,1.2342959642410278,2.0586915016174316,0.03393673524260521,1.726433277130127,0.10742967575788498,2.4843075275421143,18.621532440185547,1278.03180414579,0.0002845365634631833,1.553000807762146,1.0623493194580078,0.9747355580329895,0.9691264033317566,0.7391892075538635,0.9573611617088318,0.6788432598114014,0.5625,0.53125,0.6298893690109253,0.6606250405311584,2.4655556678771973
3510,1.107201337814331,1.780739188194275,0.027498703449964523,1.8899483680725098,0.08771509677171707,1.3245443105697632,18.637521743774414,1277.9997892548156,0.00028443533346629005,1.4182989597320557,1.036991834640503,0.969325602054596,0.956169843673706,0.7066695094108582,0.9563582539558411,0.7011784911155701,0.765625,0.328125,0.6300269961357117,0.6330510377883911,2.627991199493408
3520,1.178351879119873,1.7528072595596313,0.0169216375797987,2.0964252948760986,0.0898701623082161,0.8708270192146301,18.784040451049805,1277.9680546782943,0.00028433379346828224,1.4905970096588135,1.0408172607421875,0.9702568650245667,0.9625305533409119,0.7144132852554321,0.9654110670089722,0.7390499711036682,0.75,0.359375,0.6083735823631287,0.6517587900161743,2.120957374572754
3530,1.1682640314102173,1.896893858909607,0.04230782017111778,1.5987657308578491,0.10098724067211151,1.2125084400177002,18.901233673095703,1277.9352904028588,0.00028423194373271277,1.4736199378967285,1.0178529024124146,0.9668828248977661,0.952050507068634,0.6913514733314514,0.964208722114563,0.7452774047851562,0.796875,0.390625,0.5784580111503601,0.6442782878875732,2.2828869819641113
3540,1.0356024503707886,1.7336164712905884,0.04328177496790886,1.5863842964172363,0.09708136320114136,0.9543468356132507,18.78647232055664,1277.9018019546543,0.00028412978452393826,1.3674827814102173,1.1062676906585693,0.9597341418266296,0.9400594830513,0.6566962003707886,0.9572410583496094,0.7191662192344666,0.6875,0.34375,0.581562876701355,0.6421864628791809,2.2309329509735107
3550,1.099656343460083,1.8802270889282227,0.04496092349290848,1.6511415243148804,0.0850963369011879,1.5794636011123657,19.081785202026367,1277.8672792120637,0.0002840273161071187,1.4213472604751587,1.0723029375076294,0.963326096534729,0.9534083604812622,0.6892288327217102,0.958011269569397,0.7111176252365112,0.71875,0.390625,0.5078856348991394,0.6998119950294495,1.9090243577957153
3560,1.1084715127944946,1.6463229656219482,0.027964871376752853,2.051128625869751,0.0917852371931076,1.450870394706726,18.74462890625,1277.8333687418876,0.00028392453874821657,1.4926002025604248,1.2804291248321533,0.966473400592804,0.9619316458702087,0.7012535333633423,0.9590563774108887,0.6974465847015381,0.75,0.28125,0.4556942582130432,0.4789184033870697,3.09073805809021
3570,1.060258150100708,1.7058815956115723,0.040078286081552505,1.7355049848556519,0.09284349530935287,0.9985128045082092,18.74546241760254,1277.7988910704871,0.0002838214527139963,1.4190080165863037,1.1958327293395996,0.9588009715080261,0.9144213795661926,0.6256611347198486,0.9596739411354065,0.7536972165107727,0.78125,0.25,0.5936939716339111,0.6114457845687866,3.340538501739502
3580,1.1802788972854614,2.014467477798462,0.11249113827943802,1.7217928171157837,0.10149175673723221,1.882987141609192,18.832569122314453,1277.7651507110043,0.00028371805827202357,1.4490275382995605,0.8958286046981812,0.9604077339172363,0.9480880498886108,0.7093600630760193,0.9626132845878601,0.7355072498321533,0.71875,0.40625,0.7193425297737122,0.7636339068412781,1.3513729572296143
3590,1.0708932876586914,1.8150020837783813,0.043972454965114594,1.6397674083709717,0.10159651190042496,2.031336784362793,18.681278228759766,1277.7320493724812,0.0002836143556906644,1.387595534324646,1.0556740760803223,0.9681351184844971,0.9521874785423279,0.6609064936637878,0.9665728211402893,0.7593361139297485,0.796875,0.203125,0.6244438290596008,0.6669098734855652,2.5940442085266113
3600,1.169319987297058,1.7347594499588013,0.013907629065215588,1.9956563711166382,0.09366527199745178,1.5583304166793823,18.9705753326416,1277.6983086142686,0.0002835103452390846,1.5094335079193115,1.133711576461792,0.9694324731826782,0.9488604068756104,0.7180240750312805,0.973188042640686,0.7804713249206543,0.734375,0.359375,0.5342148542404175,0.5964205265045166,2.5255823135375977
3610,1.1111838817596436,1.743722915649414,0.030905989930033684,1.8351792097091675,0.10998328775167465,1.6730700731277466,18.851287841796875,1277.6657027204528,0.0002834060271872492,1.4643645286560059,1.1772688627243042,0.9569692015647888,0.9476238489151001,0.6727720499038696,0.9603603482246399,0.7434451580047607,0.703125,0.421875,0.5804656744003296,0.5691854953765869,2.7712392807006836
3620,1.072373628616333,1.8785415887832642,0.023605667054653168,1.6508674621582031,0.09838218986988068,2.7347700595855713,18.988195419311523,1277.6329930296185,0.00028330140180592156,1.36794912815094,0.9852515459060669,0.971154510974884,0.9557177424430847,0.7072732448577881,0.9625146985054016,0.714989185333252,0.734375,0.328125,0.6265302300453186,0.6880158185958862,1.943824052810669
3630,1.0822527408599854,1.6682394742965698,0.020714618265628815,1.7353543043136597,0.10124766081571579,1.568774938583374,18.73025131225586,1277.5998199846406,0.0002831964693666627,1.4129118919372559,1.102197289466858,0.9688960909843445,0.9737429022789001,0.723305344581604,0.9586561918258667,0.7098503708839417,0.6875,0.34375,0.5946462750434875,0.6201213002204895,3.1736156940460205
3640,1.036682367324829,1.5245100259780884,0.04259100183844566,1.7203571796417236,0.12206339091062546,2.259553909301758,18.986270904541016,1277.5677329931066,0.00028309123014183074,1.3781933784484863,1.1383699178695679,0.9742135405540466,0.9729415774345398,0.7369731664657593,0.9655795693397522,0.7129186391830444,0.75,0.265625,0.5776995420455933,0.5846028327941895,3.965682029724121
3650,1.0212794542312622,1.7333730459213257,0.014800394885241985,1.4832446575164795,0.09900733828544617,1.5012823343276978,18.968326568603516,1277.5353618668782,0.0002829856844045799,1.3150646686553955,0.9792839288711548,0.9730468988418579,0.9657163023948669,0.7643212676048279,0.9669966101646423,0.7197301983833313,0.75,0.25,0.5848047137260437,0.6640614867210388,1.9657338857650757
3660,1.065569519996643,1.6494293212890625,0.02518846094608307,1.7670103311538696,0.10435143113136292,0.8961352109909058,18.998428344726562,1277.501133907406,0.0002828798324288601,1.3895219564437866,1.0798413753509521,0.9758515954017639,0.9680982828140259,0.7271952629089355,0.9621220231056213,0.7256744503974915,0.8125,0.28125,0.5578706860542297,0.6006666421890259,2.670867681503296
3670,1.0448298454284668,1.7342435121536255,0.019521763548254967,1.7671483755111694,0.10996264964342117,1.0970152616500854,18.72864532470703,1277.4659524022015,0.00028277367448941614,1.363955020904541,1.0637503862380981,0.9672159552574158,0.9551270008087158,0.6963094472885132,0.9572412371635437,0.6909348368644714,0.75,0.34375,0.6541683077812195,0.6737404465675354,2.0353806018829346
3680,1.1113327741622925,1.8826487064361572,0.027577148750424385,1.7480210065841675,0.09310903400182724,2.172229528427124,18.99135398864746,1277.432152213269,0.0002826672108617868,1.4265835285186768,1.0508359670639038,0.9653917551040649,0.9462804794311523,0.6859349608421326,0.963793158531189,0.7473927736282349,0.8125,0.265625,0.5481646656990051,0.6771062612533569,1.750322937965393
3690,1.1455459594726562,1.8577759265899658,0.06329167634248734,1.642513394355774,0.08418003469705582,1.1130975484848022,18.82970428466797,1277.399600596979,0.00028256044182230455,1.4340593814849854,0.9617111682891846,0.9705448150634766,0.9667324423789978,0.736840009689331,0.9530898928642273,0.6895003318786621,0.765625,0.375,0.6326253414154053,0.675000011920929,1.4608497619628906
3700,1.2513777017593384,1.9804892539978027,0.03556239604949951,1.773766040802002,0.1063377857208252,1.0938537120819092,19.024900436401367,1277.3664670111862,0.00028245336764809426,1.5571093559265137,1.0191055536270142,0.9807465076446533,0.9815351963043213,0.7331596612930298,0.9618558883666992,0.7133312821388245,0.6875,0.453125,0.6458553075790405,0.6504958868026733,1.932519555091858
3710,1.1033990383148193,1.9341011047363281,0.019706690683960915,1.5456945896148682,0.08341774344444275,2.428748607635498,18.923797607421875,1277.3321277120244,0.0002823459886170731,1.3556866645812988,0.8409585952758789,0.971501886844635,0.976634681224823,0.7979671359062195,0.9589636921882629,0.7249503135681152,0.78125,0.3125,0.6580705046653748,0.7495699524879456,1.5849685668945312
3720,1.1220006942749023,1.7328170537948608,0.06293687969446182,1.9603091478347778,0.10089977085590363,1.0069431066513062,19.089017868041992,1277.2977969147041,0.0002822383050079493,1.4876220226287842,1.2187374830245972,0.964002788066864,0.9543323516845703,0.7249170541763306,0.9526178240776062,0.7016063332557678,0.71875,0.390625,0.5415498614311218,0.5713025331497192,3.840001344680786
3730,0.9202244281768799,1.3672878742218018,0.03434203192591667,1.6752030849456787,0.08880158513784409,1.5424273014068604,19.262632369995117,1277.263882289917,0.00028213031710022174,1.2456207275390625,1.0846542119979858,0.9640012383460999,0.9719335436820984,0.7699677348136902,0.9627624154090881,0.7267776131629944,0.8125,0.21875,0.5592932105064392,0.5902481079101562,3.661877393722534
3740,1.1891813278198242,2.078855276107788,0.03621693700551987,1.5642547607421875,0.08373791724443436,2.3091535568237305,19.394195556640625,1277.230205454072,0.00028202202517417914,1.4978318214416504,1.0288350582122803,0.9683031439781189,0.9380403161048889,0.6644106507301331,0.9647630453109741,0.7338733673095703,0.78125,0.390625,0.6083967089653015,0.6930394172668457,1.1576809883117676
3750,1.0971744060516357,1.8020447492599487,0.0359620600938797,1.707446575164795,0.10796269029378891,1.9889476299285889,19.38204002380371,1277.1941802980057,0.0002819134295108992,1.41951584815979,1.0744714736938477,0.9672847986221313,0.9524047374725342,0.6524717807769775,0.961308479309082,0.7317072749137878,0.71875,0.390625,0.6265721917152405,0.6123109459877014,1.379563808441162
3760,1.0203120708465576,1.7700676918029785,0.04217194393277168,1.56298828125,0.09381429105997086,1.0096791982650757,18.91389274597168,1277.1608802625044,0.0002818045303922481,1.3262457847595215,1.019778847694397,0.9692233204841614,0.9652007222175598,0.7145345211029053,0.9630667567253113,0.7247735261917114,0.75,0.359375,0.5998790264129639,0.6604074239730835,1.6319466829299927
3770,1.079228162765503,1.6608638763427734,0.04588794708251953,1.7297041416168213,0.06774785369634628,1.1800575256347656,19.1412296295166,1277.1282169469193,0.0002816953281008796,1.296537160873413,0.724363386631012,0.9716336727142334,0.9622746109962463,0.7562956213951111,0.9662986993789673,0.7541847825050354,0.8125,0.25,0.7033746242523193,0.7905954718589783,1.128057837486267
3780,1.0589566230773926,1.6932486295700073,0.014181393198668957,1.676101803779602,0.0943225547671318,2.0331008434295654,19.17792320251465,1277.0943516221212,0.00028158582292023434,1.3616586923599243,1.0090069770812988,0.9731893539428711,0.964542031288147,0.7410058975219727,0.9649853706359863,0.7524054050445557,0.75,0.265625,0.6269552111625671,0.6661387085914612,2.1773109436035156
3790,1.0808123350143433,1.7726913690567017,0.038388170301914215,1.6932255029678345,0.0988331139087677,1.72178053855896,19.071205139160156,1277.0587847558138,0.0002814760151345393,1.400916576385498,1.067014217376709,0.9729551672935486,0.9625336527824402,0.714500904083252,0.9646189212799072,0.7218730449676514,0.78125,0.25,0.5741060972213745,0.6033446192741394,2.5729737281799316
3800,1.1208890676498413,1.7632861137390137,0.06645455956459045,1.6897624731063843,0.09456667304039001,2.74845290184021,19.12230682373047,1277.024490931186,0.0002813659050288066,1.444340705871582,1.0781718492507935,0.9564346075057983,0.9373496770858765,0.6790142059326172,0.9563571214675903,0.6953281760215759,0.78125,0.296875,0.5881197452545166,0.6390787363052368,2.0273075103759766
3810,1.0248140096664429,1.578561544418335,0.019713090732693672,1.9503053426742554,0.08975468575954437,1.3200589418411255,18.979707717895508,1276.9917046316014,0.00028125549288883327,1.356755018234253,1.106469750404358,0.965457022190094,0.9474195837974548,0.7500988841056824,0.9621851444244385,0.7325788736343384,0.6875,0.40625,0.5259914994239807,0.5982697010040283,2.2702503204345703
3820,1.051302194595337,1.8106880187988281,0.01479487307369709,1.7163479328155518,0.08496464788913727,1.2525309324264526,19.05071449279785,1276.959311800775,0.00028114477900120034,1.3695889711380005,1.0609557628631592,0.961574137210846,0.9492337703704834,0.6658648252487183,0.9541862607002258,0.7133491039276123,0.75,0.359375,0.5488693118095398,0.6551331281661987,1.3613840341567993
3830,1.008449912071228,1.54844069480896,0.03214110806584358,1.8957115411758423,0.0965290367603302,2.1233363151550293,19.441255569458008,1276.925954894749,0.00028103376365327167,1.3277167081832886,1.0642225742340088,0.9683193564414978,0.9603032469749451,0.7056823968887329,0.9691494107246399,0.7625354528427124,0.8125,0.203125,0.5943409204483032,0.618358314037323,2.712049961090088
3840,1.0279598236083984,1.710280418395996,0.023292915895581245,1.685563087463379,0.09350915998220444,2.824977397918701,19.20174789428711,1276.8915696217216,0.000280922447133194,1.356139063835144,1.093930721282959,0.9644980430603027,0.963363528251648,0.7033513188362122,0.9596915245056152,0.7224323153495789,0.65625,0.4375,0.5822604894638062,0.6286731362342834,1.7170377969741821
3850,0.9334787726402283,1.4563038349151611,0.04323381930589676,1.7586230039596558,0.09234435856342316,1.0356091260910034,18.982145309448242,1276.8577970751521,0.00028081082972989557,1.2302453517913818,0.9892218112945557,0.961742639541626,0.9193325638771057,0.6769349575042725,0.9611269235610962,0.7525917291641235,0.703125,0.34375,0.6220602989196777,0.6928744316101074,1.9165701866149902
3860,1.112506628036499,1.754920482635498,0.026371488347649574,1.660469651222229,0.08767566829919815,0.9758064150810242,19.408954620361328,1276.8244294119863,0.00028069891173308564,1.4379373788833618,1.0847690105438232,0.9691660404205322,0.9615340828895569,0.6876915097236633,0.9611942768096924,0.7281440496444702,0.75,0.328125,0.5960903167724609,0.6110334396362305,3.0896029472351074
3870,1.0418426990509033,1.6788880825042725,0.018146194517612457,1.7820135354995728,0.09204643964767456,0.9309627413749695,19.530345916748047,1276.7906256423987,0.00028058669343325357,1.331727385520935,0.9662821888923645,0.9635081887245178,0.9465482831001282,0.6906876564025879,0.9632066488265991,0.7274341583251953,0.75,0.28125,0.6293284893035889,0.6645433306694031,2.026977300643921
3880,1.0496107339859009,1.683251976966858,0.07092057168483734,1.6361595392227173,0.0996120497584343,1.5015602111816406,19.28789520263672,1276.7573171890544,0.00028047417512166837,1.3433382511138916,0.9790915846824646,0.9697074890136719,0.9661737680435181,0.6951516270637512,0.9662855267524719,0.7592936754226685,0.78125,0.265625,0.6785867214202881,0.6604718565940857,1.5523161888122559
3890,1.0859229564666748,1.714707851409912,0.06713380664587021,1.8753718137741089,0.11876214295625687,2.11684513092041,19.367984771728516,1276.7232458903486,0.0002803613570903776,1.3674618005752563,0.9384628534317017,0.9666832685470581,0.9592393636703491,0.7227573990821838,0.9496948719024658,0.7205609679222107,0.640625,0.515625,0.7661799192428589,0.73151695728302,2.5242302417755127
3900,1.167762279510498,1.9473414421081543,0.05272082984447479,1.8335869312286377,0.09468095749616623,2.6359446048736572,19.56697654724121,1276.6913000595073,0.00028024823963220674,1.4614453315734863,0.9789435863494873,0.9778072237968445,0.9766995310783386,0.7814763784408569,0.9589861035346985,0.7000296115875244,0.59375,0.515625,0.5980781316757202,0.6986281871795654,1.5624607801437378
3910,0.9257968664169312,1.5570344924926758,0.04070190340280533,1.45662522315979,0.1158391460776329,1.3827961683273315,19.384634017944336,1276.6592145744673,0.00028013482304075856,1.2843520641326904,1.1951838731765747,0.9659649729728699,0.943393886089325,0.6763538718223572,0.9666274785995483,0.7270714640617371,0.71875,0.3125,0.534233808517456,0.6007393002510071,2.293442964553833
3920,1.1159391403198242,1.8165255784988403,0.04098876938223839,1.809787631034851,0.09686221927404404,2.6532206535339355,19.346267700195312,1276.6283064801628,0.00028002110761041215,1.4533330202102661,1.1246461868286133,0.9739158153533936,0.9749325513839722,0.6955172419548035,0.9651250839233398,0.7651771903038025,0.765625,0.296875,0.5919033288955688,0.5607286095619202,2.59505033493042
3930,1.125083565711975,1.762395977973938,0.024409597739577293,1.8519045114517212,0.11662642657756805,3.2379186153411865,19.105375289916992,1276.5950925514344,0.00027990709363632236,1.4819697141647339,1.1896203756332397,0.9719274640083313,0.9547445178031921,0.6966052055358887,0.9651869535446167,0.7369551658630371,0.71875,0.28125,0.5099890828132629,0.5732880234718323,3.446218490600586
3940,1.1833192110061646,1.8279868364334106,0.01062097679823637,2.0140326023101807,0.10336727648973465,1.2982358932495117,19.268680572509766,1276.5614413599337,0.0002797927814144188,1.5082056522369385,1.0829546451568604,0.9694985747337341,0.9641618728637695,0.7122071981430054,0.9561870694160461,0.7132694721221924,0.71875,0.328125,0.6159940361976624,0.6002824306488037,2.4848365783691406
3950,0.9745585918426514,1.705434799194336,0.020077910274267197,1.333715796470642,0.08917336165904999,1.2074919939041138,19.358823776245117,1276.5274789998316,0.00027967817124140533,1.2475675344467163,0.9100298881530762,0.9620165228843689,0.9452763795852661,0.7400760650634766,0.9652012586593628,0.7398862242698669,0.859375,0.21875,0.6016411781311035,0.712961733341217,2.130133867263794
3960,0.9998342990875244,1.6299923658370972,0.05886846408247948,1.6551671028137207,0.0852317363023758,0.9820745587348938,19.337791442871094,1276.4935301976852,0.000279563263414759,1.2857829332351685,0.9531621932983398,0.9746084809303284,0.9774696826934814,0.7254612445831299,0.9642248749732971,0.7223038077354431,0.8125,0.1875,0.6589697003364563,0.6494519114494324,2.767530918121338
3970,1.0668723583221436,1.7671422958374023,0.02890719287097454,1.6341862678527832,0.09309077262878418,1.2085435390472412,19.027402877807617,1276.4600767787606,0.0002794480582327296,1.3559576272964478,0.9636175036430359,0.96962571144104,0.9546269774436951,0.7188877463340759,0.9594632387161255,0.7205628752708435,0.78125,0.296875,0.6420501470565796,0.7014924883842468,1.9942539930343628
3980,1.0734367370605469,1.6393619775772095,0.04967939108610153,1.648512363433838,0.09554141759872437,1.2907801866531372,19.30321502685547,1276.4278629539674,0.00027933255599433854,1.3772236108779907,1.0126228332519531,0.9706038236618042,0.970565140247345,0.7242171168327332,0.9513655304908752,0.6857296824455261,0.765625,0.296875,0.6001847386360168,0.64808189868927,2.7683043479919434
3990,1.1415643692016602,1.8520983457565308,0.05402626469731331,1.7193238735198975,0.11773249506950378,4.25789737701416,19.33441734313965,1276.3941538770089,0.00027921675699937854,1.4363807439804077,0.9827211499214172,0.9666280150413513,0.9672850966453552,0.6749082207679749,0.9611886143684387,0.7256439328193665,0.640625,0.421875,0.6887822151184082,0.7139545679092407,1.0900565385818481
4000,1.091163992881775,1.541904091835022,0.05920222029089928,1.8457798957824707,0.0911920815706253,1.6743513345718384,19.190053939819336,1276.362791063957,0.00027910066154841225,1.3898698091506958,0.995685875415802,0.971076488494873,0.9619322419166565,0.7595981955528259,0.9601319432258606,0.7161466479301453,0.765625,0.296875,0.6078574657440186,0.6462580561637878,1.9075534343719482
4010,1.0456199645996094,1.7792330980300903,0.044513359665870667,1.3539903163909912,0.12723101675510406,3.325087547302246,19.34992790222168,1276.3337950893927,0.00027898426994277204,1.3532018661499023,1.0252727270126343,0.9649709463119507,0.9446916580200195,0.6900344491004944,0.9598026871681213,0.7202776074409485,0.640625,0.421875,0.7100145220756531,0.6799846887588501,2.547788619995117
4020,1.0405865907669067,1.5610759258270264,0.030385436490178108,1.913557529449463,0.09030494838953018,2.660128116607666,19.663463592529297,1276.3032967793322,0.0002788675824845587,1.3466631174087524,1.0202550888061523,0.9785551428794861,0.9802230000495911,0.7798052430152893,0.963854968547821,0.7028332352638245,0.625,0.46875,0.5893228650093079,0.6187374591827393,2.1372060775756836
4030,1.0510412454605103,1.8221254348754883,0.02547614835202694,1.6332778930664062,0.1145889088511467,1.7584350109100342,19.090164184570312,1276.2719301453412,0.00027875059947664126,1.4006022214889526,1.1652032136917114,0.9662854671478271,0.9478538632392883,0.6496623754501343,0.9672967195510864,0.757907509803772,0.734375,0.328125,0.5247060656547546,0.5823825597763062,2.177180528640747
4040,1.109797477722168,1.8920412063598633,0.03778257220983505,1.5271230936050415,0.09856375306844711,1.403963327407837,19.191797256469727,1276.239695109183,0.0002786333212226556,1.441156268119812,1.1045291423797607,0.9689295291900635,0.9498109817504883,0.7086257934570312,0.9611701965332031,0.7169095873832703,0.65625,0.34375,0.5426144599914551,0.6346638202667236,2.7264785766601562
4050,0.9793069958686829,1.4896371364593506,0.020349087193608284,1.692936897277832,0.07948265224695206,1.1040728092193604,19.500202178955078,1276.205800944922,0.00027851574802700396,1.2905434370040894,1.0374547243118286,0.96039217710495,0.9472229480743408,0.6478952765464783,0.9547200798988342,0.7153666019439697,0.828125,0.21875,0.5816519260406494,0.6498185992240906,2.3274526596069336
4060,1.0737216472625732,1.6692426204681396,0.017535340040922165,1.8300564289093018,0.10742872953414917,1.2387839555740356,19.63563346862793,1276.1728818441136,0.0002783978801948543,1.3681095838546753,0.9812930822372437,0.9624943137168884,0.9544450044631958,0.7101916074752808,0.958755612373352,0.7192034721374512,0.765625,0.28125,0.6288967728614807,0.648616373538971,2.010977268218994
4070,1.1588174104690552,1.8157724142074585,0.02580266259610653,1.8487803936004639,0.09087846428155899,2.7450554370880127,19.300199508666992,1276.138496130305,0.00027827971803213905,1.4353258609771729,0.9216947555541992,0.9737788438796997,0.9740379452705383,0.7779632210731506,0.9535128474235535,0.7178481221199036,0.71875,0.375,0.5988323092460632,0.7067655920982361,1.699767827987671
4080,1.1270694732666016,1.792013168334961,0.021975746378302574,1.8316935300827026,0.09211340546607971,1.078099012374878,19.33444595336914,1276.1054107571997,0.0002781612618455548,1.4301872253417969,1.010392665863037,0.9744435548782349,0.9809421896934509,0.7497275471687317,0.9601566195487976,0.6964448690414429,0.65625,0.390625,0.6090916395187378,0.679970920085907,1.1220247745513916
4090,1.1262922286987305,1.739810585975647,0.06276779621839523,1.8564014434814453,0.0899055153131485,2.3923451900482178,19.264734268188477,1276.0708523752699,0.00027804251194256136,1.3981454372406006,0.9061771035194397,0.9669593572616577,0.949327290058136,0.6945253610610962,0.9582380056381226,0.7147273421287537,0.703125,0.359375,0.745064377784729,0.7166730761528015,2.000211000442505
4100,1.138582468032837,1.7243260145187378,0.017936937510967255,1.7752463817596436,0.09206017106771469,1.8019229173660278,19.339998245239258,1276.0375871640754,0.00027792346863138057,1.4504938125610352,1.0397045612335205,0.9761480689048767,0.9756618142127991,0.7337952852249146,0.9659420251846313,0.7706449031829834,0.71875,0.328125,0.6114640235900879,0.6304916739463806,3.0216004848480225
4110,1.0162415504455566,1.5190011262893677,0.03101225383579731,1.8857351541519165,0.09449198096990585,1.5122183561325073,19.429973602294922,1276.0043330765523,0.0002778041322209962,1.3603346347808838,1.1469768285751343,0.9721770882606506,0.9694598913192749,0.7169764637947083,0.957460343837738,0.707027018070221,0.75,0.328125,0.5531548261642456,0.5631393194198608,3.7907233238220215
4120,1.0019115209579468,1.5747190713882446,0.018689990043640137,1.5770925283432007,0.09053704887628555,1.1306939125061035,19.43922996520996,1275.9712503367032,0.00027768450302115245,1.3013296127319336,0.9980602860450745,0.972034215927124,0.9682297706604004,0.7218074798583984,0.9679765105247498,0.7642028331756592,0.765625,0.265625,0.6052528619766235,0.6866194009780884,1.743673324584961
4130,0.9725333452224731,1.5468534231185913,0.01438381802290678,1.6957769393920898,0.08675989508628845,0.9426106214523315,19.340505599975586,1275.9381747719224,0.0002775645813423537,1.3015332221984863,1.0966662168502808,0.9606241583824158,0.9304919242858887,0.6795940399169922,0.9673694372177124,0.752439022064209,0.71875,0.359375,0.5671001076698303,0.6042028069496155,2.9030444622039795
4140,1.0555448532104492,1.7235581874847412,0.047539886087179184,1.7015864849090576,0.09514868259429932,0.97383713722229,19.778432846069336,1275.9039087372396,0.0002774443674958634,1.3680977821350098,1.0418431758880615,0.9684767723083496,0.9613953828811646,0.6913020610809326,0.9602404832839966,0.7140709757804871,0.71875,0.28125,0.5851823687553406,0.6485246419906616,2.22350811958313
4150,1.376134991645813,2.0832817554473877,0.010182376019656658,2.0578346252441406,0.09650502353906631,2.887334108352661,19.3986873626709,1275.8723689546598,0.00027732386179370335,1.7043368816375732,1.094006061553955,0.9706742763519287,0.9632576704025269,0.6915979981422424,0.9536556005477905,0.7097368240356445,0.75,0.453125,0.6112546920776367,0.6477183699607849,1.7812343835830688
4160,1.0696048736572266,1.6640008687973022,0.055739372968673706,1.718009352684021,0.09911937266588211,1.4220902919769287,19.515705108642578,1275.841229001152,0.0002772030645486529,1.394803762435913,1.0839964151382446,0.9628573656082153,0.9582212567329407,0.69588303565979,0.9612898230552673,0.7348759174346924,0.703125,0.34375,0.6413366794586182,0.6032387018203735,2.6198890209198
4170,1.053265929222107,1.6183745861053467,0.04203116521239281,1.7272225618362427,0.0928129181265831,2.3783934116363525,19.219520568847656,1275.8085915074528,0.00027708197607424794,1.3756450414657593,1.0745971202850342,0.9686335325241089,0.9629550576210022,0.7262706756591797,0.970389723777771,0.7611040472984314,0.71875,0.3125,0.5727632641792297,0.6251205205917358,1.7441123723983765
4180,0.913124680519104,1.4764142036437988,0.020520087331533432,1.6539994478225708,0.09762515872716904,0.9840181469917297,19.60011863708496,1275.776552409669,0.00027696059668478056,1.2355300188064575,1.074684500694275,0.9644601345062256,0.9392784237861633,0.6560839414596558,0.9639477133750916,0.7562293410301208,0.734375,0.3125,0.663637638092041,0.6340131163597107,2.249234437942505
4190,1.132405400276184,1.7984646558761597,0.07480151951313019,1.8447115421295166,0.07779061049222946,2.9954018592834473,19.310598373413086,1275.7456228606413,0.00027683892669529765,1.3853801488876343,0.8432490825653076,0.9599294662475586,0.9592375159263611,0.6858925223350525,0.9573450088500977,0.7093637585639954,0.796875,0.21875,0.7634428143501282,0.7892236709594727,1.6499965190887451
4200,1.0900495052337646,1.7826263904571533,0.08000976592302322,1.5133187770843506,0.08440927416086197,3.067575216293335,19.380929946899414,1275.713698306045,0.0002767169664216007,1.3774261474609375,0.9579223394393921,0.9714346528053284,0.9743750691413879,0.7023748755455017,0.9535937309265137,0.7177913784980774,0.765625,0.34375,0.6574400067329407,0.6976636052131653,2.108114719390869
4210,1.077652096748352,1.5380429029464722,0.022647231817245483,1.9165648221969604,0.0865422934293747,2.305800437927246,19.313554763793945,1275.6823336149723,0.00027659471618024425,1.3881046772003174,1.0348420143127441,0.9663563370704651,0.954296886920929,0.723679780960083,0.9572835564613342,0.7270485162734985,0.8125,0.21875,0.6285550594329834,0.5934553146362305,3.170619249343872
4220,1.0893363952636719,1.6644858121871948,0.03691525012254715,1.8815972805023193,0.07895360887050629,1.2616392374038696,19.839229583740234,1275.650483265962,0.00027647217628853574,1.3850752115249634,0.9857960939407349,0.9657803773880005,0.9597765207290649,0.7168465852737427,0.9575409293174744,0.7128796577453613,0.796875,0.265625,0.648381233215332,0.6680468916893005,2.330549478530884
4230,0.9404177665710449,1.5220179557800293,0.009887238033115864,1.7577769756317139,0.07610291987657547,0.8569052219390869,19.656917572021484,1275.6188096351646,0.00027634934706453434,1.229236364364624,0.96272873878479,0.9699211716651917,0.9573630690574646,0.7056254148483276,0.9685387015342712,0.7522480487823486,0.703125,0.359375,0.6266549825668335,0.6645508408546448,2.6520628929138184
4240,0.9854464530944824,1.4843294620513916,0.02635365165770054,1.6821033954620361,0.09861797094345093,1.8119795322418213,19.351945877075195,1275.5859599952987,0.00027622622882705016,1.2631504535675049,0.9256799817085266,0.9699772000312805,0.9508749842643738,0.7077733874320984,0.9578454494476318,0.7410428524017334,0.703125,0.390625,0.7178289890289307,0.6940123438835144,2.1848719120025635
4250,1.0656845569610596,1.7941316366195679,0.019493788480758667,1.7208054065704346,0.08665240556001663,1.4533171653747559,19.60519790649414,1275.5539207591823,0.0002761028218956436,1.3452303409576416,0.9318192005157471,0.9678557515144348,0.9693033695220947,0.7311269044876099,0.967236340045929,0.7421777248382568,0.703125,0.34375,0.6002162098884583,0.7312618494033813,1.7125496864318848
4260,1.0473052263259888,1.464863657951355,0.040421776473522186,1.9229416847229004,0.0838618129491806,1.0296140909194946,19.782608032226562,1275.5215598190316,0.00027597912659062414,1.3491339683532715,1.0060956478118896,0.9741151928901672,0.97870934009552,0.7542852163314819,0.96343994140625,0.7287037372589111,0.765625,0.25,0.6107011437416077,0.6173313856124878,2.511840581893921
4270,1.03213632106781,1.7580597400665283,0.06553792208433151,1.6143293380737305,0.07724251598119736,1.2002230882644653,19.6473388671875,1275.4894035475083,0.00027585514323305,1.3236908912658691,0.971848726272583,0.9613977670669556,0.9463198781013489,0.671027660369873,0.9578714370727539,0.7116425037384033,0.765625,0.28125,0.6230394244194031,0.7226041555404663,1.3309246301651
4280,1.0714237689971924,1.6481013298034668,0.04414953663945198,1.840111494064331,0.0951966866850853,1.3486648797988892,20.123090744018555,1275.4573138517128,0.0002757308721447269,1.372571587562561,1.0038260221481323,0.971411406993866,0.96138995885849,0.7060074210166931,0.9610393643379211,0.7665030360221863,0.6875,0.4375,0.6487480998039246,0.6969536542892456,1.6122628450393677
4290,1.0704216957092285,1.5800563097000122,0.028180144727230072,1.874457597732544,0.09824343770742416,0.9426220059394836,19.540788650512695,1275.4263188940483,0.00027560631364820747,1.3879896402359009,1.0585596561431885,0.9716043472290039,0.9662250876426697,0.75602126121521,0.9658358097076416,0.7027586698532104,0.765625,0.296875,0.537956953048706,0.603327751159668,2.201507091522217
4300,1.1738327741622925,1.928215503692627,0.02406851388514042,1.8301657438278198,0.1015450656414032,2.2831568717956543,19.46364974975586,1275.395449520256,0.0002754814680667902,1.5140135288238525,1.133935570716858,0.9653211236000061,0.9494466185569763,0.707410991191864,0.9593051671981812,0.7366466522216797,0.625,0.453125,0.5637768507003784,0.6319254636764526,2.146214246749878
4310,1.053060531616211,1.543670654296875,0.03865749016404152,1.8789201974868774,0.08965527266263962,0.9165790677070618,19.48029899597168,1275.3648463174413,0.00027535633572451886,1.4038320779800415,1.169238567352295,0.9639990925788879,0.9609167575836182,0.6873888373374939,0.9482148885726929,0.7035573124885559,0.796875,0.203125,0.5515912175178528,0.6024522185325623,3.9524340629577637
4320,1.0153595209121704,1.6903753280639648,0.013088341802358627,1.479032278060913,0.08126769959926605,2.9234938621520996,19.546417236328125,1275.334062592501,0.00027523091694618153,1.3018227815628052,0.9548774361610413,0.976432740688324,0.9768635034561157,0.7438440918922424,0.9619129300117493,0.7000311017036438,0.71875,0.359375,0.5936183929443359,0.690089762210846,1.612568974494934
4330,1.024009346961975,1.5788202285766602,0.06976146996021271,2.013864517211914,0.09187447279691696,1.1734167337417603,19.604217529296875,1275.3030938317381,0.0002751052120573096,1.3348426818847656,1.0361111164093018,0.9701570272445679,0.9564676880836487,0.7159208655357361,0.9628753066062927,0.7368265986442566,0.6875,0.375,0.5945309400558472,0.6303545236587524,1.4331337213516235
4340,1.0633516311645508,1.6947462558746338,0.03281340375542641,1.7934269905090332,0.09138496220111847,1.5071122646331787,19.602581024169922,1275.2715293211538,0.00027497922138417717,1.390586018562317,1.0907812118530273,0.9702213406562805,0.9666967988014221,0.6931955218315125,0.9579114317893982,0.7300443649291992,0.734375,0.3125,0.5876060724258423,0.6591420769691467,2.308474063873291
4350,1.0954627990722656,1.7393889427185059,0.022507164627313614,1.8842769861221313,0.10434786975383759,2.2367300987243652,19.44621467590332,1275.2387760429465,0.0002748529452538001,1.4510374069213867,1.1852484941482544,0.9738746285438538,0.9669569134712219,0.7020679116249084,0.9586459994316101,0.7191874980926514,0.65625,0.40625,0.5855890512466431,0.5528197884559631,3.609813690185547
4360,1.0154825448989868,1.6562217473983765,0.013700283132493496,1.7203665971755981,0.0753130167722702,0.8777053952217102,19.555147171020508,1275.206201316991,0.00027472638399393527,1.2736728191375732,0.8606340885162354,0.9656679630279541,0.9586592316627502,0.7159061431884766,0.9648027420043945,0.7663059830665588,0.8125,0.21875,0.6474969387054443,0.7638399600982666,0.7882234454154968
4370,0.9644099473953247,1.549725890159607,0.04755006358027458,1.5586472749710083,0.08470140397548676,1.1982905864715576,19.901866912841797,1275.1740674343005,0.0002745995379330794,1.2557801008224487,0.9712338447570801,0.9743795394897461,0.9645653367042542,0.718999981880188,0.9631829261779785,0.7229607701301575,0.859375,0.15625,0.5663883686065674,0.6901114583015442,2.1005868911743164
4380,0.9019652605056763,1.3220934867858887,0.020833926275372505,1.5662356615066528,0.09041640907526016,0.8948670625686646,20.00450897216797,1275.143423084669,0.0002744724074004687,1.2001259326934814,0.9938690066337585,0.9641278386116028,0.9641229510307312,0.7463558912277222,0.9594084024429321,0.7304964661598206,0.75,0.28125,0.627204418182373,0.6627016067504883,2.5236666202545166
4390,1.0565346479415894,1.6165709495544434,0.0783848837018013,1.8569824695587158,0.1012873724102974,2.843169927597046,19.699792861938477,1275.1124135186249,0.00027434499272607755,1.3814722299575806,1.0831252336502075,0.970745861530304,0.9744623303413391,0.7570332884788513,0.9626332521438599,0.7271881103515625,0.75,0.34375,0.5432098507881165,0.5995238423347473,2.3399579524993896
4400,0.8527195453643799,1.4561105966567993,0.021624796092510223,1.3968164920806885,0.09785957634449005,1.1627459526062012,19.698383331298828,1275.0811253170923,0.00027421729424061787,1.1817505359649658,1.09676992893219,0.9622951149940491,0.9437403678894043,0.6952388286590576,0.965796172618866,0.7604808211326599,0.765625,0.3125,0.5255218148231506,0.6174470782279968,2.3456294536590576
4410,0.9956410527229309,1.567447543144226,0.015227705240249634,1.6585084199905396,0.08164016157388687,0.842644989490509,19.62466812133789,1275.050322580131,0.00027408931227553826,1.267127513885498,0.9049546122550964,0.9704754948616028,0.969343900680542,0.7329574823379517,0.9634808301925659,0.740041971206665,0.859375,0.140625,0.6485639214515686,0.6842654943466187,1.4620200395584106
4420,0.9460504055023193,1.4533586502075195,0.04147398844361305,1.7439954280853271,0.09689046442508698,1.1322336196899414,19.852710723876953,1275.0179246588611,0.00027396104716302314,1.2614996433258057,1.0514973402023315,0.9657536745071411,0.9681278467178345,0.7033290863037109,0.9590598344802856,0.7090705037117004,0.84375,0.21875,0.6059876084327698,0.6482371687889099,1.5559024810791016
4430,1.0480802059173584,1.5601983070373535,0.03967570513486862,1.8243916034698486,0.08646871894598007,0.7865118384361267,19.826730728149414,1274.984936495247,0.00027383249923599174,1.3517533540725708,1.0122437477111816,0.9753352403640747,0.9716628789901733,0.7187061309814453,0.9622183442115784,0.7413897514343262,0.78125,0.234375,0.6133959293365479,0.6128249168395996,2.3620102405548096
4440,1.052323341369629,1.711199402809143,0.050818052142858505,1.6381049156188965,0.09654337167739868,1.100232720375061,19.960250854492188,1274.9505316272432,0.0002737036688280975,1.3715261220932007,1.064009189605713,0.9671029448509216,0.9610134959220886,0.6995883584022522,0.9534834623336792,0.7074307799339294,0.75,0.328125,0.5146297812461853,0.6638667583465576,2.125255823135376
4450,0.9286084175109863,1.5009528398513794,0.02600259520113468,1.399996042251587,0.09083762764930725,0.8041836023330688,19.6766300201416,1274.9177885214522,0.00027357455627372685,1.212576150894165,0.9465593099594116,0.9684413075447083,0.9684568643569946,0.703159749507904,0.9564877152442932,0.7189781069755554,0.875,0.140625,0.6258047223091125,0.68057781457901,2.276301383972168
4460,1.0531771183013916,1.6525394916534424,0.04860928654670715,1.6408132314682007,0.10150031000375748,1.1214216947555542,19.907426834106445,1274.8856017976793,0.0002734451619079988,1.386286735534668,1.1103651523590088,0.969319760799408,0.9596576690673828,0.6507403254508972,0.9652252793312073,0.7663657069206238,0.703125,0.34375,0.5576896071434021,0.61870276927948,1.7475860118865967
4470,0.9706029295921326,1.4823338985443115,0.009312677197158337,1.792276382446289,0.08455218374729156,1.041208267211914,19.603469848632812,1274.8536354275761,0.0002733154860667637,1.2696598768234253,0.9968563914299011,0.9641109704971313,0.9434796571731567,0.6784340739250183,0.9580709338188171,0.7367568016052246,0.671875,0.40625,0.6928078532218933,0.6474063992500305,1.9811761379241943
4480,1.0073140859603882,1.723939299583435,0.02960139885544777,1.4152649641036987,0.09116002172231674,2.663353681564331,19.619842529296875,1274.8222757729336,0.00027318552908660234,1.2727642059326172,0.8848336338996887,0.9700533747673035,0.9718973636627197,0.7613382339477539,0.9618317484855652,0.7072165012359619,0.765625,0.3125,0.5799071788787842,0.710290789604187,1.714086651802063
4490,1.0426108837127686,1.7049047946929932,0.015042093582451344,1.6904361248016357,0.0839962363243103,1.0231080055236816,19.83232307434082,1274.7929380222097,0.00027305529130482555,1.348893165588379,1.0209407806396484,0.9664333462715149,0.9714785814285278,0.6848799586296082,0.9658796787261963,0.75809246301651,0.765625,0.3125,0.6018124222755432,0.6638261675834656,1.671858549118042
4500,1.0566483736038208,1.8249722719192505,0.026790807023644447,1.610666036605835,0.10285597294569016,2.2808797359466553,19.890399932861328,1274.761667560505,0.0002729247730594727,1.3474698066711426,0.969404935836792,0.9666113257408142,0.9400402903556824,0.6775448322296143,0.9616103172302246,0.751305341720581,0.6875,0.359375,0.633236825466156,0.7270419597625732,1.438185214996338
4510,0.978633463382721,1.606031060218811,0.03105028159916401,1.5722098350524902,0.09753523021936417,2.4492123126983643,20.047056198120117,1274.732727964995,0.0002727939746893111,1.2701419591903687,0.971694827079773,0.9688249230384827,0.9649216532707214,0.7171940803527832,0.9661546349525452,0.7371498942375183,0.734375,0.34375,0.6215023994445801,0.7094705104827881,1.6727468967437744
4520,0.9916344881057739,1.6476224660873413,0.059107597917318344,1.5258266925811768,0.07165876030921936,0.895443320274353,19.828773498535156,1274.7030849548078,0.0002726628965338355,1.2599642276763916,0.894432544708252,0.971103310585022,0.9698014855384827,0.6959636807441711,0.9623079299926758,0.744062602519989,0.8125,0.25,0.6800814270973206,0.7270841598510742,1.9124152660369873
4530,0.9648808240890503,1.5981709957122803,0.020787134766578674,1.7632895708084106,0.0797591581940651,1.4678783416748047,19.900638580322266,1274.6734562306565,0.00027253153893326646,1.2774310111999512,1.041833758354187,0.9635090827941895,0.9457740783691406,0.6867676377296448,0.958106279373169,0.7419776320457458,0.734375,0.34375,0.5628042817115784,0.647643506526947,1.9269353151321411
4540,1.0393695831298828,1.5338571071624756,0.023487405851483345,1.7804309129714966,0.11326126754283905,1.1515780687332153,19.849933624267578,1274.6415366283086,0.0002723999022285501,1.4013264179229736,1.2065225839614868,0.9722520709037781,0.9760150909423828,0.7333659529685974,0.9639729857444763,0.7317829132080078,0.65625,0.546875,0.5248635411262512,0.5566707253456116,2.40100359916687
4550,0.981607973575592,1.4925997257232666,0.021137874573469162,1.7898569107055664,0.08375261723995209,1.0584731101989746,19.870296478271484,1274.6085701281706,0.0002722679867613568,1.3141043186187744,1.108320951461792,0.972568154335022,0.9680728912353516,0.7281726002693176,0.9626535773277283,0.7321038246154785,0.703125,0.34375,0.5163003206253052,0.5980947017669678,2.042937994003296
4560,0.8587833046913147,1.3723053932189941,0.02956744283437729,1.572110652923584,0.08149541914463043,1.2015650272369385,19.869483947753906,1274.5756688637885,0.00027213579287408064,1.1302440166473389,0.9048689603805542,0.9622782468795776,0.9468040466308594,0.6705173850059509,0.9595615267753601,0.7476315498352051,0.734375,0.265625,0.6643263101577759,0.7347379922866821,1.073746919631958
4570,1.1451945304870605,1.7159887552261353,0.011832715012133121,1.8534172773361206,0.08225566148757935,1.1058597564697266,19.831600189208984,1274.542607258482,0.00027200332090983814,1.3996480703353882,0.8481783270835876,0.9820499420166016,0.9767819046974182,0.755308985710144,0.9717075228691101,0.7759948968887329,0.734375,0.28125,0.7099226117134094,0.6676406860351562,1.2598919868469238
4580,0.9873322248458862,1.5667797327041626,0.03660847619175911,1.7321792840957642,0.07661116123199463,1.3622604608535767,19.98214340209961,1274.5098925952475,0.0002718705712124679,1.2567391395568848,0.8980228304862976,0.9673135280609131,0.9674970507621765,0.7335439324378967,0.954985499382019,0.7082429528236389,0.75,0.328125,0.6430748701095581,0.7448590397834778,1.5934562683105469
4590,1.015228509902954,1.5954334735870361,0.026712901890277863,1.8323338031768799,0.08979826420545578,1.0180447101593018,19.85951805114746,1274.4775353726227,0.0002717375441265291,1.3446924686431885,1.0982131958007812,0.9674753546714783,0.9486638307571411,0.6867734789848328,0.9634614586830139,0.7560700178146362,0.78125,0.234375,0.5218547582626343,0.624748945236206,2.338818073272705
4600,0.9793175458908081,1.5974503755569458,0.03128914162516594,1.497334599494934,0.08326967060565948,1.5988264083862305,19.804079055786133,1274.444381645965,0.00027160423999730106,1.294440746307373,1.050410509109497,0.9672612547874451,0.9577850699424744,0.6960441470146179,0.9634606242179871,0.7314319610595703,0.75,0.28125,0.5229575634002686,0.6688769459724426,1.5394359827041626
4610,0.9989670515060425,1.6739001274108887,0.00990359578281641,1.6006314754486084,0.09747043997049332,2.0604512691497803,19.81151008605957,1274.4117501314167,0.00027147065917078203,1.3143644332885742,1.0513243675231934,0.9616610407829285,0.9322620630264282,0.6674010753631592,0.9609432816505432,0.7376425862312317,0.78125,0.234375,0.5774558186531067,0.638812243938446,2.3563320636749268
4620,0.9395107626914978,1.6200913190841675,0.03616541624069214,1.5596888065338135,0.07864924520254135,1.3494553565979004,20.073246002197266,1274.3793896161258,0.00027133680199368875,1.2173759937286377,0.9262174963951111,0.9651023149490356,0.9584166407585144,0.7117732167243958,0.9577524662017822,0.7183685302734375,0.765625,0.28125,0.6430696249008179,0.7506337761878967,0.841712474822998
4630,0.8429088592529297,1.3896503448486328,0.029162468388676643,1.533334732055664,0.07441861182451248,1.2806531190872192,20.040102005004883,1274.345777822896,0.0002712026688134548,1.10221266746521,0.8643460273742676,0.9657241702079773,0.964278519153595,0.7170928120613098,0.9694122672080994,0.7425206303596497,0.75,0.28125,0.7306179404258728,0.7392994165420532,1.670554518699646
4640,0.9750321507453918,1.5745666027069092,0.03114098310470581,1.7016452550888062,0.09376110136508942,1.009537935256958,20.04839324951172,1274.313529970036,0.0002710682599782306,1.289888620376587,1.0495214462280273,0.9696404337882996,0.9658222794532776,0.6917975544929504,0.960150420665741,0.7498583793640137,0.796875,0.25,0.5775142908096313,0.6595565676689148,1.408124566078186
4650,0.9042608141899109,1.4828219413757324,0.020853059366345406,1.5958362817764282,0.0965704545378685,0.9621519446372986,19.882381439208984,1274.2826248879546,0.00027093357583688165,1.249189019203186,1.1497606039047241,0.9644145965576172,0.9471849799156189,0.6379088759422302,0.9634361863136292,0.7428417205810547,0.734375,0.328125,0.524750292301178,0.6147737503051758,2.65500807762146
4660,1.0248003005981445,1.4862346649169922,0.048869870603084564,1.819776177406311,0.08023995906114578,3.444279432296753,19.81187629699707,1274.2508616249384,0.0002707986167389884,1.3251817226409912,1.0012716054916382,0.9750391840934753,0.9731085300445557,0.7405869960784912,0.9665497541427612,0.767448902130127,0.6875,0.34375,0.6256292462348938,0.6350342631340027,2.200458526611328
4670,1.0069239139556885,1.5092096328735352,0.05557214468717575,1.8457485437393188,0.1007390096783638,2.2197446823120117,19.972742080688477,1274.2187524661479,0.0002706633830348445,1.3395273685455322,1.1086781024932861,0.968125581741333,0.9589652419090271,0.6953951716423035,0.9639165997505188,0.7099099159240723,0.71875,0.3125,0.5724313259124756,0.6150527000427246,2.8647830486297607
4680,1.1002130508422852,1.9906240701675415,0.024229850620031357,1.5329844951629639,0.08823781460523605,1.2035855054855347,20.111751556396484,1274.1877275033455,0.0002705278750754568,1.3778184652328491,0.9253513216972351,0.9698566198348999,0.9384328126907349,0.682508647441864,0.9604949951171875,0.7461125254631042,0.765625,0.28125,0.6871861815452576,0.733209490776062,1.494601845741272
4690,1.1913032531738281,1.9801417589187622,0.027986934408545494,1.672766089439392,0.0952620655298233,1.9222465753555298,19.855518341064453,1274.1573169967057,0.00027039209321254385,1.4660334587097168,0.9157673716545105,0.9707786440849304,0.9713981747627258,0.7302529811859131,0.9599846005439758,0.7263308763504028,0.671875,0.625,0.6355456709861755,0.740842878818512,0.8145535588264465
4700,1.0118615627288818,1.6301841735839844,0.029324881732463837,1.788714051246643,0.09473340213298798,1.7954561710357666,19.92929458618164,1274.1267864501729,0.000270256037798535,1.3526885509490967,1.1360900402069092,0.9740805625915527,0.9717548489570618,0.7068489789962769,0.9559342265129089,0.7140098810195923,0.65625,0.46875,0.5309789180755615,0.6206957101821899,2.7775895595550537
4710,0.9780652523040771,1.5986677408218384,0.018595155328512192,1.5931854248046875,0.08917523175477982,1.2428393363952637,20.144237518310547,1274.095460877545,0.00027011970918656975,1.2993388175964355,1.0709120035171509,0.978495717048645,0.9744230508804321,0.712663471698761,0.9656209349632263,0.7222921848297119,0.78125,0.234375,0.5665613412857056,0.6010642051696777,2.5215258598327637
4720,0.9479145407676697,1.460708498954773,0.04856526479125023,1.574939250946045,0.09471948444843292,1.5621637105941772,19.941911697387695,1274.064626867598,0.0002699831077304967,1.2939563989639282,1.153472900390625,0.9734633564949036,0.9719820022583008,0.747398853302002,0.9626540541648865,0.7361583709716797,0.78125,0.28125,0.46892574429512024,0.5472795367240906,3.261075735092163
4730,1.0461044311523438,1.654578685760498,0.04168826714158058,1.8691867589950562,0.09020575881004333,1.9135550260543823,20.111806869506836,1274.0321386243716,0.00026984623378487256,1.3824542760849,1.1211662292480469,0.9687730073928833,0.9379211664199829,0.6238546371459961,0.9653772115707397,0.7675502896308899,0.703125,0.375,0.5865665078163147,0.6350778937339783,2.5613162517547607
4740,0.9513224959373474,1.4789949655532837,0.0494757741689682,1.607681155204773,0.08849351108074188,0.9322612881660461,20.193805694580078,1274.0012803309296,0.0002697090877049613,1.2816373109817505,1.1010494232177734,0.971878170967102,0.9667638540267944,0.6919316053390503,0.9677284955978394,0.7667457461357117,0.796875,0.21875,0.5322682857513428,0.6061967015266418,2.1827328205108643
4750,0.9938004016876221,1.6316834688186646,0.04103352501988411,1.5850000381469727,0.09606363624334335,2.0149924755096436,20.460664749145508,1273.9710894430968,0.00026957166984673334,1.3277088403701782,1.1130281686782837,0.9698662161827087,0.9652705788612366,0.7066858410835266,0.9585801362991333,0.7108843922615051,0.78125,0.265625,0.5405908226966858,0.609279215335846,2.1553423404693604
4760,0.8831961154937744,1.4382011890411377,0.009155198000371456,1.4424552917480469,0.07653826475143433,0.95843905210495,20.142831802368164,1273.9386410204438,0.00026943398056686443,1.156829833984375,0.9121125936508179,0.9704890251159668,0.9570046663284302,0.7041038870811462,0.9677106142044067,0.7411693334579468,0.84375,0.1875,0.6363955140113831,0.6790482997894287,2.149932384490967
4770,0.9535768032073975,1.4923466444015503,0.03375646844506264,1.610413670539856,0.0812949612736702,1.0671392679214478,19.799081802368164,1273.9061411866553,0.00026929602022273487,1.2313456535339355,0.9258962273597717,0.9668993353843689,0.9600251913070679,0.7472376823425293,0.9666275978088379,0.7356358766555786,0.78125,0.21875,0.5995853543281555,0.7135420441627502,1.833034634590149
4780,0.9203366041183472,1.5305019617080688,0.021776840090751648,1.5692377090454102,0.08290963619947433,0.8990243077278137,19.947336196899414,1273.8731276814237,0.00026915778917242837,1.2090678215026855,0.9624375104904175,0.9760750532150269,0.9650459289550781,0.7215672135353088,0.9659020304679871,0.7649969458580017,0.75,0.265625,0.6205055117607117,0.6492434144020081,1.939749836921692
4790,1.0337218046188354,1.5064154863357544,0.01300868485122919,1.8600409030914307,0.09866900742053986,1.4181092977523804,20.089752197265625,1273.8426623076305,0.0002690192877747315,1.3571043014526367,1.0779414176940918,0.9735066294670105,0.9746954441070557,0.732062578201294,0.9619618654251099,0.7252124547958374,0.671875,0.390625,0.647862434387207,0.6229841709136963,2.2951550483703613
4800,1.1071230173110962,1.721248745918274,0.07357095181941986,1.7972544431686401,0.08964235335588455,2.8368260860443115,20.315704345703125,1273.8114135442427,0.0002688805163891324,1.3736552000045776,0.8884404301643372,0.9611742496490479,0.9452751874923706,0.6993676424026489,0.9634039402008057,0.7348314523696899,0.78125,0.296875,0.672194242477417,0.7278825640678406,1.371299147605896
4810,1.1404974460601807,1.8571056127548218,0.06728196144104004,1.7798713445663452,0.0822039470076561,1.8913127183914185,20.28329086303711,1273.7812689028478,0.0002687414753758199,1.415175199508667,0.9155923128128052,0.976681649684906,0.9785396456718445,0.7564123272895813,0.9625017046928406,0.7551734447479248,0.734375,0.3125,0.6617189645767212,0.6664224863052368,2.3209850788116455
4820,1.0050559043884277,1.4168870449066162,0.03883374482393265,1.8363221883773804,0.07175935059785843,1.1986401081085205,20.203393936157227,1273.7505986677356,0.0002686021650956828,1.2672597169876099,0.8740127086639404,0.9807077646255493,0.9814304709434509,0.7894073724746704,0.9644168615341187,0.7317153215408325,0.734375,0.296875,0.6575693488121033,0.6808839440345764,2.308684825897217
4830,1.0939595699310303,1.6934698820114136,0.0460474006831646,1.9157133102416992,0.08557578921318054,1.160170555114746,20.15313148498535,1273.720523174535,0.0002684625859103088,1.4275658130645752,1.11202073097229,0.971389889717102,0.9781329035758972,0.7195297479629517,0.9620881080627441,0.6886648535728455,0.734375,0.34375,0.5335896611213684,0.6181061267852783,2.099757194519043
4840,0.9825026392936707,1.6572438478469849,0.03990085422992706,1.5090160369873047,0.0817764475941658,0.8374097347259521,20.490686416625977,1273.6892143006899,0.0002683227381819835,1.2900835275650024,1.025269627571106,0.9587931632995605,0.9062269330024719,0.6534544825553894,0.9633681178092957,0.7607094049453735,0.828125,0.1875,0.5749755501747131,0.6501623392105103,1.6391515731811523
4850,0.9819431900978088,1.6622470617294312,0.03280412778258324,1.4512863159179688,0.08896743506193161,1.8998305797576904,20.277206420898438,1273.6592004276572,0.00026818262227368945,1.266370177268982,0.9480897784233093,0.965679943561554,0.9622327089309692,0.7585928440093994,0.9628129601478577,0.7331469058990479,0.75,0.359375,0.5673690438270569,0.6876839995384216,1.7374745607376099
4860,1.0572123527526855,1.7123656272888184,0.017434686422348022,1.7405776977539062,0.09424546360969543,1.3100836277008057,20.586856842041016,1273.628549172129,0.0002680422385491055,1.3745076656341553,1.0576509237289429,0.9682022929191589,0.9621857404708862,0.7037141919136047,0.9620257019996643,0.7383533716201782,0.734375,0.375,0.5753194689750671,0.6466789841651917,2.7300267219543457
4870,0.9024929404258728,1.4064544439315796,0.018316281959414482,1.5266016721725464,0.10704153031110764,0.9525183439254761,20.351499557495117,1273.5973488750235,0.0002679015873726054,1.2334673404693604,1.1032477617263794,0.9686242341995239,0.9659204483032227,0.7472679018974304,0.9630835652351379,0.7236475944519043,0.75,0.375,0.5758928656578064,0.6443759799003601,2.260493278503418
4880,0.9552822709083557,1.45323646068573,0.005912423133850098,1.5680592060089111,0.08563096076250076,2.8531744480133057,20.50290298461914,1273.5651390718112,0.0002677606691092572,1.249028205871582,0.9791531562805176,0.9711652398109436,0.9701181650161743,0.7468944787979126,0.9630734920501709,0.7109258770942688,0.734375,0.328125,0.5621397495269775,0.6335461735725403,2.616748809814453
4890,0.9137126207351685,1.3511359691619873,0.013931246474385262,1.7441205978393555,0.08823448419570923,1.0588314533233643,20.782005310058594,1273.5344065566046,0.00026761948412482207,1.224625587463379,1.036376714706421,0.9668527841567993,0.9652213454246521,0.7177489399909973,0.9597700834274292,0.7284894585609436,0.734375,0.3125,0.5659415125846863,0.6460404396057129,1.6040476560592651
4900,0.9020565748214722,1.4451498985290527,0.024780109524726868,1.6026939153671265,0.08338972181081772,1.0733085870742798,20.58909034729004,1273.5021833599626,0.00026747803278575374,1.2036710977554321,1.0053818225860596,0.9701119065284729,0.9732171893119812,0.752618134021759,0.961613118648529,0.7226658463478088,0.78125,0.28125,0.500622034072876,0.6442540884017944,2.125077962875366
4910,1.112290382385254,1.7459895610809326,0.03481798991560936,1.857020616531372,0.09387123584747314,1.000656008720398,20.491588592529297,1273.4694729727776,0.000267336315459197,1.4353015422821045,1.076703667640686,0.9694765210151672,0.9467127919197083,0.6684077382087708,0.9648562669754028,0.741265058517456,0.796875,0.234375,0.5896198749542236,0.6475205421447754,1.5141339302062988
4920,1.0045841932296753,1.7459146976470947,0.031833384186029434,1.568155288696289,0.0997731164097786,1.1039046049118042,20.40084457397461,1273.4378214655856,0.0002671943325129871,1.3256385326385498,1.0701812505722046,0.9637404084205627,0.9326322078704834,0.5919245481491089,0.9633286595344543,0.7663912177085876,0.796875,0.234375,0.6148924827575684,0.64806067943573,2.3177363872528076
4930,1.0562905073165894,1.6883560419082642,0.06087266281247139,1.8606410026550293,0.09738332778215408,1.560623288154602,20.820953369140625,1273.4057934360112,0.0002670520843156488,1.4131972789764404,1.1896891593933105,0.9659170508384705,0.9654601812362671,0.6603950262069702,0.9566680788993835,0.6990319490432739,0.671875,0.421875,0.5575584173202515,0.6607769131660461,1.5275908708572388
4940,0.9989269375801086,1.68880295753479,0.057224955409765244,1.4786880016326904,0.07482200860977173,1.7821753025054932,20.38056755065918,1273.375182313021,0.0002669095712363953,1.2620424032211304,0.8770514130592346,0.9699133038520813,0.9538647532463074,0.7060744762420654,0.965463399887085,0.7324495315551758,0.78125,0.25,0.6781836748123169,0.7021299004554749,1.7212398052215576
4950,1.0399307012557983,1.7082654237747192,0.025776062160730362,1.708314299583435,0.1302015632390976,3.736234426498413,20.25369644165039,1273.3442134824847,0.00026676679364512725,1.304368495941162,0.8814594745635986,0.9707618951797485,0.9582188725471497,0.7064958810806274,0.9679855704307556,0.7571428418159485,0.71875,0.296875,0.7112790942192078,0.7391033172607422,1.8706257343292236
4960,1.029039740562439,1.6043421030044556,0.0688077062368393,1.8115304708480835,0.08352254331111908,2.197213888168335,20.50233268737793,1273.3140210155148,0.00026662375191243196,1.2942957878112793,0.8841869831085205,0.9670509099960327,0.9711320400238037,0.725302517414093,0.9566863179206848,0.715718150138855,0.671875,0.359375,0.7026073336601257,0.7567853927612305,1.631550908088684
4970,1.0783876180648804,1.8138649463653564,0.09007053077220917,1.4357264041900635,0.10239587724208832,2.00300931930542,20.545982360839844,1273.2847004103749,0.0002664804464095822,1.371799349784851,0.9780392050743103,0.9730179905891418,0.9613516330718994,0.7129321098327637,0.9697515964508057,0.7681469917297363,0.765625,0.359375,0.6236559152603149,0.6779391169548035,1.959599494934082
4980,1.0021097660064697,1.5712273120880127,0.036884061992168427,1.7603052854537964,0.08456238359212875,0.9599840044975281,20.309492111206055,1273.2542930031266,0.00026633687750853555,1.255760908126831,0.8455039262771606,0.9645534753799438,0.9559623599052429,0.7085371613502502,0.9616830348968506,0.7471655607223511,0.703125,0.296875,0.705940842628479,0.7788079977035522,1.5403014421463013
4990,0.9851446151733398,1.4657909870147705,0.04804104194045067,1.80265474319458,0.0870809480547905,2.0426828861236572,20.662792205810547,1273.222906930844,0.00026619304558193305,1.2477514743804932,0.8753563761711121,0.970456063747406,0.9461538791656494,0.6610227227210999,0.9684752821922302,0.7816534042358398,0.8125,0.25,0.7583810091018677,0.7162071466445923,1.4564902782440186
5000,0.9553927779197693,1.4745056629180908,0.01541941612958908,1.6267749071121216,0.08077080547809601,0.822941243648529,20.465744018554688,1273.1905043667532,0.0002660489510030986,1.2894511222839355,1.113527536392212,0.9707456231117249,0.9642314910888672,0.6800016164779663,0.965472400188446,0.7551820874214172,0.796875,0.25,0.5365563035011292,0.610888659954071,2.7118020057678223
5010,0.9662505388259888,1.519554615020752,0.07652559131383896,1.62476646900177,0.06837475299835205,1.3837769031524658,20.228214263916016,1273.1584836481845,0.00026590459414603784,1.238329529762268,0.9069298505783081,0.979539692401886,0.9744281768798828,0.7234042882919312,0.969222366809845,0.7692063450813293,0.796875,0.21875,0.6384544372558594,0.7307467460632324,1.685027837753296
5020,0.9408909678459167,1.4845737218856812,0.030928075313568115,1.6048519611358643,0.08605404943227768,1.3493305444717407,20.72284507751465,1273.1285354649503,0.00026575997538543693,1.2648775577545166,1.0799551010131836,0.9677117466926575,0.968520998954773,0.7078664302825928,0.96553635597229,0.7480413317680359,0.6875,0.390625,0.5396769642829895,0.6519410014152527,2.0620830059051514
5030,1.1233359575271606,1.8607500791549683,0.01353721134364605,1.6413670778274536,0.11978012323379517,2.7344741821289062,20.48837661743164,1273.0987390223663,0.0002656150950966621,1.4474982023239136,1.080540657043457,0.9684269428253174,0.9578522443771362,0.7069706320762634,0.9662670493125916,0.7595707178115845,0.75,0.421875,0.5564618706703186,0.6285544633865356,1.7729299068450928
5040,0.9171348810195923,1.482378363609314,0.03803260996937752,1.4957646131515503,0.09165872633457184,0.8571327328681946,20.372709274291992,1273.0709910965234,0.0002654699536557583,1.2668418884277344,1.1656900644302368,0.9665051698684692,0.9350128769874573,0.6813583374023438,0.9679948091506958,0.7626484036445618,0.734375,0.28125,0.4881915748119354,0.5458155274391174,3.060316324234009
5050,0.9763204455375671,1.5259652137756348,0.01559439953416586,1.7810627222061157,0.09188604354858398,0.869985818862915,20.267581939697266,1273.0408967249177,0.0002653245514394482,1.2935603857040405,1.0574665069580078,0.9733249545097351,0.9744518399238586,0.7162801623344421,0.9676658511161804,0.7600122094154358,0.78125,0.296875,0.5609005689620972,0.638502836227417,1.7138450145721436
5060,0.919124960899353,1.6421035528182983,0.019053662195801735,1.409428596496582,0.06751812249422073,1.5708706378936768,20.7460880279541,1273.0103052046359,0.00026517888882513147,1.1787837743759155,0.8655293583869934,0.9714604020118713,0.9694240689277649,0.7322774529457092,0.969679057598114,0.7824156284332275,0.828125,0.1875,0.6308544278144836,0.7342825531959534,1.567291021347046
5070,0.9666287899017334,1.5409905910491943,0.030460137873888016,1.5771242380142212,0.09298831224441528,1.1506208181381226,20.4714412689209,1272.9794759635965,0.0002650329661908836,1.2569884061813354,0.9678652286529541,0.9694960117340088,0.9709460139274597,0.7324146628379822,0.9600647687911987,0.7157052159309387,0.796875,0.25,0.5808533430099487,0.6836494207382202,1.3308820724487305
5080,0.9613994359970093,1.4597800970077515,0.039938341826200485,1.6446908712387085,0.09301423281431198,1.155127763748169,20.60064125061035,1272.9479899335292,0.00026488678391545494,1.2806379795074463,1.0641283988952637,0.9674983620643616,0.9575056433677673,0.7041866779327393,0.9639595746994019,0.7283307313919067,0.75,0.265625,0.5713660717010498,0.6184854507446289,2.0023610591888428
5090,1.016032338142395,1.676938533782959,0.022567041218280792,1.2741429805755615,0.09039906412363052,1.162987232208252,20.36871910095215,1272.9150827486317,0.00026474034237826985,1.3264868259429932,1.0348484516143799,0.9727849960327148,0.9606868028640747,0.6880466341972351,0.9660140872001648,0.7739651203155518,0.8125,0.25,0.6200029850006104,0.6636810898780823,2.759514331817627
5100,1.0800864696502686,1.5972247123718262,0.022314829751849174,1.8999114036560059,0.08827477693557739,2.47986102104187,20.415441513061523,1272.8839972729972,0.00026459364195942554,1.3900859355926514,1.033331274986267,0.976624071598053,0.9726744294166565,0.7256165146827698,0.961219847202301,0.7177467942237854,0.703125,0.328125,0.5976887941360474,0.6563740372657776,1.6929959058761597
5110,0.993502676486969,1.6297118663787842,0.02994989976286888,1.6212596893310547,0.08406128734350204,1.2345459461212158,20.553070068359375,1272.85341413915,0.0002644466830396912,1.2643673419952393,0.9028821587562561,0.9679533839225769,0.9556748867034912,0.6609611511230469,0.9657163023948669,0.7682856917381287,0.8125,0.3125,0.6751552820205688,0.7462305426597595,1.0462130308151245
5120,1.0142278671264648,1.5283595323562622,0.10081478953361511,1.6393448114395142,0.08257629722356796,2.2415778636932373,21.205787658691406,1272.823254271082,0.0002642994660005069,1.3304657936096191,1.0541263818740845,0.973341703414917,0.9675213694572449,0.6885292530059814,0.9663501977920532,0.7553534507751465,0.78125,0.34375,0.601319432258606,0.6215442419052124,2.3608977794647217
5130,0.9452129006385803,1.5694208145141602,0.009855100885033607,1.557170033454895,0.09878701716661453,1.5125651359558105,20.753807067871094,1272.7939581486874,0.00026415199122398284,1.2409718036651611,0.9858628511428833,0.9728411436080933,0.9634348154067993,0.7450627088546753,0.9666528701782227,0.7433071136474609,0.8125,0.21875,0.6235252618789673,0.6588994860649109,2.180198907852173
5140,1.0043739080429077,1.8100051879882812,0.04529053345322609,1.3206937313079834,0.10417187213897705,1.6975882053375244,20.659879684448242,1272.7637208005663,0.000264004259092898,1.3173604011535645,1.0432884693145752,0.9764339923858643,0.9688997268676758,0.723808765411377,0.9737892746925354,0.7798545956611633,0.65625,0.40625,0.5844988226890564,0.6879628300666809,1.6441758871078491
5150,0.8990253210067749,1.555464506149292,0.008853578940033913,1.344693660736084,0.0858960673213005,1.291987419128418,20.193767547607422,1272.7325249754285,0.0002638562699906994,1.1787197589874268,0.9323146939277649,0.9759271144866943,0.9712393283843994,0.7591999173164368,0.9714012742042542,0.7590482831001282,0.765625,0.28125,0.6088179349899292,0.6699012517929077,1.666006088256836
5160,1.1624360084533691,1.6799739599227905,0.02921430766582489,2.0159547328948975,0.10535772144794464,1.3135803937911987,20.213573455810547,1272.701637968565,0.00026370802430150116,1.5395220518112183,1.2569533586502075,0.9658526182174683,0.9427650570869446,0.6594911813735962,0.9613937735557556,0.7547956705093384,0.703125,0.421875,0.5345462560653687,0.5154882073402405,3.8072853088378906
5170,0.978916347026825,1.541472315788269,0.041863638907670975,1.4991240501403809,0.08497224748134613,1.714342713356018,20.63557243347168,1272.671721737089,0.0002635595224100832,1.2176637649536133,0.7958246469497681,0.9854145050048828,0.9868398904800415,0.7923015356063843,0.9649550914764404,0.7101733684539795,0.734375,0.3125,0.7029387950897217,0.7211162447929382,1.335038185119629
5180,1.0215823650360107,1.67776358127594,0.008939072489738464,1.5425244569778442,0.0821753665804863,2.420694589614868,20.564043045043945,1272.6427611896274,0.0002634107647018905,1.3307719230651855,1.0306317806243896,0.9663025736808777,0.9501164555549622,0.7306731343269348,0.9677519202232361,0.7294464707374573,0.734375,0.296875,0.520825982093811,0.6671021580696106,1.6145013570785522
5190,0.9301363229751587,1.4189571142196655,0.058254424482584,1.6990548372268677,0.07262720912694931,1.3961517810821533,20.248577117919922,1272.6124949566474,0.00026326175156303217,1.1835850477218628,0.8448291420936584,0.9717537760734558,0.9668954014778137,0.7327772378921509,0.9718160033226013,0.7812200784683228,0.859375,0.203125,0.6910660862922668,0.722151517868042,1.037028193473816
5200,1.0392454862594604,1.5254801511764526,0.01837608404457569,1.859787940979004,0.0781620517373085,1.1720682382583618,20.44558334350586,1272.5821756990815,0.0002631124833802801,1.3866140842437744,1.1578950881958008,0.9593285918235779,0.9410531520843506,0.6275875568389893,0.9629812240600586,0.7356608510017395,0.75,0.25,0.5274078249931335,0.6204343438148499,2.2088210582733154
5210,1.0107821226119995,1.3925477266311646,0.039280254393815994,1.9394121170043945,0.09018675982952118,1.257016658782959,20.44386863708496,1272.5503955265904,0.0002629629605410683,1.3352024555206299,1.0814011096954346,0.9706517457962036,0.9631038308143616,0.6899116039276123,0.9654369354248047,0.7626293301582336,0.65625,0.453125,0.5978729724884033,0.6402320265769958,2.4469916820526123
5220,0.9287658333778381,1.4926903247833252,0.01925637200474739,1.6003882884979248,0.0983390063047409,3.2110471725463867,20.510128021240234,1272.5190227868563,0.0002628131834334916,1.2358295917510986,1.023545742034912,0.9649772644042969,0.9621303081512451,0.6845914721488953,0.9592684507369995,0.7415730357170105,0.734375,0.3125,0.6330245733261108,0.6552556753158569,2.486292600631714
5230,1.051888108253479,1.5545299053192139,0.06068820133805275,1.7407069206237793,0.10055854916572571,1.6909621953964233,20.436914443969727,1272.4889165213142,0.0002626631524463049,1.3800382614135742,1.093833565711975,0.9625638127326965,0.9660417437553406,0.7533009052276611,0.9532753229141235,0.6932581067085266,0.65625,0.421875,0.5659621953964233,0.6279711723327637,1.8789615631103516
5240,0.8487220406532288,1.2688311338424683,0.034494541585445404,1.5671268701553345,0.0792904794216156,1.8055412769317627,20.63901138305664,1272.4579645818278,0.00026251286796892206,1.1349375247955322,0.9540517330169678,0.9685126543045044,0.9653322696685791,0.7057161331176758,0.9559540748596191,0.7148551940917969,0.765625,0.25,0.693037211894989,0.6446793079376221,2.4437685012817383
5250,0.9655702114105225,1.4449756145477295,0.018626652657985687,1.609737515449524,0.10463541746139526,0.9096497893333435,20.268869400024414,1272.4281131053192,0.00026236233039141494,1.2619671821594238,0.9879900217056274,0.9727392196655273,0.9660450220108032,0.7023804187774658,0.9672074317932129,0.7655906677246094,0.796875,0.265625,0.590989887714386,0.6664480566978455,2.1527442932128906
5260,0.8486601114273071,1.3843263387680054,0.014176166616380215,1.5329118967056274,0.07507570832967758,1.570143461227417,20.888572692871094,1272.3965696858745,0.00026221154010451226,1.1129882335662842,0.8810939192771912,0.9646156430244446,0.9657408595085144,0.7216390371322632,0.9586700201034546,0.7345156073570251,0.703125,0.34375,0.7041733860969543,0.737416684627533,1.2190202474594116
5270,0.9432263970375061,1.6135109663009644,0.01633162796497345,1.5803301334381104,0.06737472862005234,1.5905836820602417,20.62842559814453,1272.3655306462251,0.00026206049749959864,1.2359472513198853,0.9757362604141235,0.9750310182571411,0.9728759527206421,0.7603381872177124,0.9692783355712891,0.7545992136001587,0.625,0.375,0.5376381874084473,0.6885910630226135,1.2882473468780518
5280,0.8779608011245728,1.402331829071045,0.040884263813495636,1.5076159238815308,0.08030973374843597,1.1295146942138672,20.935813903808594,1272.335852939634,0.00026190920296871367,1.130618929862976,0.842193603515625,0.972944438457489,0.9671947360038757,0.7136504650115967,0.9620320200920105,0.7371776700019836,0.796875,0.21875,0.7010654211044312,0.7481769919395447,1.970165491104126
5290,1.0100798606872559,1.5567560195922852,0.01996314339339733,1.5782620906829834,0.10533061623573303,2.089040756225586,20.670124053955078,1272.3057626873456,0.00026175765690455077,1.3260273933410645,1.0531582832336426,0.9767228960990906,0.9759407639503479,0.7486154437065125,0.9583494663238525,0.7158734798431396,0.703125,0.40625,0.5751892328262329,0.6282622218132019,2.4504852294921875
5300,0.9327606558799744,1.5392550230026245,0.019056454300880432,1.6409443616867065,0.06531520932912827,1.7243322134017944,20.541044235229492,1272.2761251636093,0.0002616058597004563,1.2181075811386108,0.9511562585830688,0.9601051211357117,0.9413898587226868,0.6917638182640076,0.9641783833503723,0.7553499341011047,0.734375,0.28125,0.5859239101409912,0.6754036545753479,0.8884811401367188
5310,0.9575647711753845,1.384414553642273,0.039439257234334946,1.828183650970459,0.0653405413031578,1.2467577457427979,20.874773025512695,1272.245561940269,0.0002614538117504284,1.2386806011199951,0.9370524883270264,0.9712886810302734,0.9649513363838196,0.7238351702690125,0.9698282480239868,0.7757973670959473,0.796875,0.21875,0.6181912422180176,0.6514480113983154,1.3777539730072021
5320,0.9444798827171326,1.291739583015442,0.014815136790275574,1.7814507484436035,0.08820458501577377,2.170616865158081,20.74528694152832,1272.214942550151,0.0002613015134491161,1.2577934265136719,1.0443785190582275,0.973595380783081,0.9787788987159729,0.7913517951965332,0.9583246111869812,0.7059994339942932,0.6875,0.34375,0.6194722056388855,0.5576369762420654,3.522311210632324
5330,0.9323185086250305,1.613263726234436,0.04139136150479317,1.3671244382858276,0.07548065483570099,1.1429487466812134,20.660400390625,1272.1842420919643,0.0002611489651918181,1.2074108123779297,0.9169743061065674,0.9622252583503723,0.9566522240638733,0.7073892951011658,0.966423749923706,0.7549629211425781,0.78125,0.25,0.6507096886634827,0.7235800623893738,1.8672640323638916
5340,0.8771236538887024,1.1751502752304077,0.02099647931754589,1.8109298944473267,0.08033044636249542,0.996086835861206,20.9174861907959,1272.1534251163464,0.0002609961673744821,1.149923324584961,0.909332275390625,0.974952220916748,0.9685863852500916,0.7639626860618591,0.9604839086532593,0.728762149810791,0.75,0.28125,0.6490845680236816,0.6167978048324585,2.4815073013305664
5350,0.9484312534332275,1.4553242921829224,0.01712552271783352,1.711169719696045,0.07535908371210098,1.3245922327041626,20.867094039916992,1272.1226808773106,0.00026084312039370333,1.266711711883545,1.0609350204467773,0.9732385873794556,0.9726080894470215,0.7387343645095825,0.954357922077179,0.7088676691055298,0.78125,0.234375,0.4910275638103485,0.6059045791625977,1.8525625467300415
5360,0.9105333685874939,1.4638457298278809,0.05143178626894951,1.4131046533584595,0.0729857012629509,2.4851863384246826,20.804916381835938,1272.0924746369103,0.00026068982464672383,1.1798229217529297,0.8976316452026367,0.9757155179977417,0.9739663004875183,0.7449896931648254,0.9667271971702576,0.7450523972511292,0.8125,0.234375,0.6233550906181335,0.6908735632896423,2.4415194988250732
5370,0.9043422341346741,1.460017442703247,0.05676059052348137,1.3859981298446655,0.06351932138204575,1.1088796854019165,20.595401763916016,1272.0616443695499,0.0002605362805314313,1.1072514057159424,0.6763639450073242,0.9756367802619934,0.9761255383491516,0.7734599113464355,0.9658701419830322,0.7512391805648804,0.90625,0.125,0.6641879677772522,0.8400705456733704,0.8188042044639587
5380,0.976210355758667,1.60226309299469,0.03359752893447876,1.7248361110687256,0.07762764394283295,1.2791807651519775,20.62743377685547,1272.0305129579535,0.0002603824884463582,1.2426491975784302,0.8881295323371887,0.9715984463691711,0.9567777514457703,0.6953437328338623,0.9648216962814331,0.7440141439437866,0.796875,0.28125,0.7149649858474731,0.6993089914321899,1.3304948806762695
5390,0.9859262108802795,1.5392987728118896,0.014467998407781124,1.6520538330078125,0.07725626975297928,1.2642908096313477,20.73790740966797,1271.9997545586843,0.0002602284487906804,1.2746514081954956,0.9624173641204834,0.9718030691146851,0.9624021649360657,0.7133118510246277,0.9597087502479553,0.7369997501373291,0.765625,0.3125,0.5554702877998352,0.7037534713745117,1.1730048656463623
5400,0.9362985491752625,1.3257622718811035,0.04774251952767372,1.7527782917022705,0.07058262079954147,1.2583202123641968,20.982526779174805,1271.96834186201,0.00026007416196421656,1.2083702087402344,0.9069053530693054,0.9667165279388428,0.9683957099914551,0.7376046776771545,0.9644283652305603,0.7318181991577148,0.8125,0.203125,0.595005214214325,0.6800986528396606,2.0894153118133545
5410,0.9615142941474915,1.5059278011322021,0.014657204039394855,1.711561679840088,0.09138617664575577,1.2555878162384033,20.98651885986328,1271.9403199715862,0.0002599196283674267,1.2620246410369873,1.0017009973526,0.9720743894577026,0.9581146240234375,0.687217116355896,0.9688746929168701,0.7656298279762268,0.75,0.390625,0.5885612964630127,0.675561249256134,2.05996036529541
5420,0.9816558361053467,1.61002779006958,0.04329030215740204,1.6055303812026978,0.07378116250038147,1.2494220733642578,21.220979690551758,1271.9117287431095,0.0002597648484014117,1.2841078042984009,1.0081732273101807,0.9695484638214111,0.9646250009536743,0.7144297957420349,0.9668065309524536,0.7516616582870483,0.71875,0.375,0.5905414819717407,0.6627588272094727,1.554090976715088
5430,0.972733736038208,1.5205541849136353,0.020546693354845047,1.8057702779769897,0.09177389740943909,1.3341139554977417,21.0161190032959,1271.8830158670528,0.0002596098224679113,1.2980929613113403,1.0845308303833008,0.9677848219871521,0.9630799293518066,0.7168576121330261,0.963249921798706,0.7361151576042175,0.6875,0.4375,0.5706077218055725,0.6068474650382996,1.9150874614715576
5440,0.9187673330307007,1.4067548513412476,0.027620939537882805,1.5357505083084106,0.07967712730169296,1.60121750831604,20.81394386291504,1271.8540323445911,0.0002594545509693043,1.184700608253479,0.8864442110061646,0.9645866751670837,0.9640137553215027,0.7277154922485352,0.9666377902030945,0.7543273568153381,0.8125,0.21875,0.6541741490364075,0.7011939883232117,1.8741304874420166
5450,1.0058610439300537,1.4417535066604614,0.034170739352703094,1.660089373588562,0.0913488045334816,1.183180332183838,20.747751235961914,1271.8246533189001,0.0002592990343086065,1.334250569343567,1.0946316719055176,0.9698225259780884,0.9725607633590698,0.7349388003349304,0.9551542401313782,0.7076494693756104,0.75,0.265625,0.5396713614463806,0.5886489748954773,2.647630453109741
5460,1.0929089784622192,1.6928280591964722,0.018229907378554344,1.7623968124389648,0.0808652713894844,1.7923965454101562,20.76724624633789,1271.7950753120078,0.00025914327288947006,1.4061185121536255,1.0440317392349243,0.9726846814155579,0.9795901775360107,0.7290289998054504,0.9606645107269287,0.7222064733505249,0.703125,0.328125,0.5296459794044495,0.6181294918060303,1.6678608655929565
5470,0.8499759435653687,1.3160710334777832,0.02080276794731617,1.5598154067993164,0.07179803401231766,1.8746479749679565,21.01152992248535,1271.7681705114162,0.0002589872671161825,1.0920840501785278,0.8070269823074341,0.9657607674598694,0.9737074375152588,0.7847403287887573,0.9666354656219482,0.7470781803131104,0.78125,0.296875,0.6763519644737244,0.7632191181182861,1.475679636001587
5480,0.941155195236206,1.5556138753890991,0.046510275453329086,1.5648561716079712,0.0803699642419815,0.8292785882949829,20.83005714416504,1271.7402130788291,0.0002588310173936657,1.23650324344635,0.9844934344291687,0.9689196348190308,0.957317054271698,0.7381470799446106,0.9668357372283936,0.7588414549827576,0.8125,0.203125,0.5676369071006775,0.6399500370025635,2.699125051498413
5490,1.040752649307251,1.5537891387939453,0.0267944373190403,1.7571138143539429,0.08006051927804947,2.6296749114990234,20.928285598754883,1271.7117306646705,0.00025867452412747446,1.3337293863296509,0.9765891432762146,0.9693731665611267,0.9736207127571106,0.7113088965415955,0.9554303884506226,0.7291399240493774,0.6875,0.328125,0.593309223651886,0.6501105427742004,1.8145904541015625
5500,0.9561423659324646,1.4568462371826172,0.01574712060391903,1.7054065465927124,0.0971134677529335,1.1012521982192993,20.97410774230957,1271.682918890087,0.0002585177877237959,1.306145191192627,1.1666759252548218,0.9651433825492859,0.9587000608444214,0.6962343454360962,0.9593727588653564,0.7195020914077759,0.78125,0.25,0.5184286832809448,0.6092670559883118,3.277801036834717
5510,0.8344334959983826,1.250043272972107,0.01041496079415083,1.6206027269363403,0.07476859539747238,0.9948921799659729,20.99344825744629,1271.6529568411001,0.0002583608085894481,1.1259454488754272,0.9717063903808594,0.9754016399383545,0.9750776290893555,0.7618377208709717,0.9668017029762268,0.7445434927940369,0.796875,0.203125,0.5541709065437317,0.6669436097145081,2.8820230960845947
5520,0.9575864672660828,1.5138856172561646,0.03708150237798691,1.606290340423584,0.07498536258935928,2.2087855339050293,20.955781936645508,1271.622360468589,0.00025820358713187923,1.2626237869262695,1.0167909860610962,0.9696042537689209,0.9677765965461731,0.7019701600074768,0.9626522660255432,0.7453625202178955,0.828125,0.234375,0.5773361325263977,0.6610972881317139,1.6876338720321655
5530,0.880588948726654,1.3263286352157593,0.04009848088026047,1.6745516061782837,0.0872565507888794,1.563051700592041,21.163557052612305,1271.5917742488725,0.00025804612375916655,1.1799598932266235,0.9979029893875122,0.9639462232589722,0.9464447498321533,0.6472117304801941,0.9644137024879456,0.7527395486831665,0.75,0.25,0.5947654843330383,0.6570294499397278,1.9442142248153687
5540,0.942055344581604,1.4873689413070679,0.011368176899850368,1.7430061101913452,0.07435544580221176,2.0587005615234375,21.232696533203125,1271.5612031383996,0.00025788841888001483,1.1913154125213623,0.830866813659668,0.967411458492279,0.9623072743415833,0.7190613150596619,0.9623208045959473,0.7262856960296631,0.765625,0.265625,0.7042602300643921,0.7631441354751587,0.7764365077018738
5550,0.9076328277587891,1.2981712818145752,0.05824032798409462,1.6043262481689453,0.09168942272663116,0.7291350960731506,21.05914878845215,1271.5308546145986,0.0002577304729037561,1.1800765991210938,0.9081459045410156,0.9737504124641418,0.9683635234832764,0.7009533643722534,0.9604848623275757,0.7483158111572266,0.765625,0.28125,0.6695062518119812,0.6471211910247803,2.4773263931274414
5560,0.8474435806274414,1.2991117238998413,0.03387271240353584,1.5320751667022705,0.07127341628074646,1.7086153030395508,21.028139114379883,1271.5002441458157,0.00025757228624034807,1.1072965860366821,0.8661766052246094,0.9738442897796631,0.9673634767532349,0.744766116142273,0.9678342342376709,0.7619350552558899,0.90625,0.09375,0.6188782453536987,0.6768255233764648,1.5944287776947021
5570,1.0361759662628174,1.540549635887146,0.032581623643636703,1.9073163270950317,0.08783630281686783,2.168304204940796,21.392013549804688,1271.4701734378152,0.00025741385930037295,1.3558757305145264,1.0656660795211792,0.9702181220054626,0.9612224102020264,0.7345600724220276,0.961495578289032,0.7393475770950317,0.703125,0.34375,0.6015385985374451,0.662179172039032,2.547398328781128
5580,0.9124699831008911,1.3798294067382812,0.00696132006123662,1.7998284101486206,0.07007062435150146,0.8341180682182312,21.149009704589844,1271.440331625404,0.00025725519249503685,1.2354166507720947,1.076488971710205,0.973563551902771,0.9707188010215759,0.7491840720176697,0.9681108593940735,0.7712538242340088,0.8125,0.25,0.46597689390182495,0.6014211177825928,2.08589243888855
5590,0.9282271862030029,1.3362624645233154,0.030606640502810478,1.9046536684036255,0.08781757950782776,1.257104754447937,20.829023361206055,1271.4111267824858,0.0002570962862361684,1.1966133117675781,0.8946205377578735,0.9775296449661255,0.9815017580986023,0.7742874026298523,0.9602956771850586,0.7033507227897644,0.765625,0.28125,0.6756477355957031,0.6892027258872986,1.5976468324661255
5600,0.9556991457939148,1.3790006637573242,0.029127253219485283,1.8787091970443726,0.0971260592341423,1.7229808568954468,21.390117645263672,1271.3813805755826,0.0002569371409362176,1.2946064472198486,1.1296911239624023,0.96828293800354,0.9435015916824341,0.6930374503135681,0.966568648815155,0.7500733137130737,0.671875,0.359375,0.5722056031227112,0.5754393339157104,2.373486042022705
5610,0.8942650556564331,1.3381260633468628,0.048447154462337494,1.680448293685913,0.07255939394235611,0.8225005269050598,21.195741653442383,1271.3516638795645,0.0002567777570082551,1.1655305624008179,0.904218316078186,0.9741588234901428,0.9752588868141174,0.7598291635513306,0.9601151347160339,0.7377740144729614,0.78125,0.28125,0.5946222543716431,0.689374566078186,1.9089347124099731
5620,0.901764988899231,1.4575518369674683,0.02419857122004032,1.6005252599716187,0.0828176811337471,0.949341893196106,21.302215576171875,1271.3221541823752,0.00025661813486597084,1.181588888168335,0.9327462315559387,0.9755012392997742,0.9720873832702637,0.7482509613037109,0.9703563451766968,0.7641893625259399,0.765625,0.296875,0.5564205050468445,0.6959545612335205,1.3673954010009766
5630,0.8258206844329834,1.410570502281189,0.026271551847457886,1.421854853630066,0.0790567398071289,1.8709295988082886,21.29934310913086,1271.2914117509738,0.000256458274923673,1.1021498441696167,0.9210971593856812,0.9691974520683289,0.9716209769248962,0.7279852628707886,0.9613034129142761,0.7219297885894775,0.8125,0.21875,0.5637975335121155,0.7076799869537354,1.272168517112732
5640,0.9548195600509644,1.5441581010818481,0.06249838322401047,1.4291902780532837,0.08519881218671799,1.7915409803390503,20.987382888793945,1271.2610907411447,0.00025629817759628714,1.2794053554534912,1.0819525718688965,0.9721243381500244,0.9685726761817932,0.7120017409324646,0.9580169320106506,0.6982182860374451,0.765625,0.28125,0.5237450003623962,0.6502461433410645,2.0970816612243652
5650,0.8736155033111572,1.3461774587631226,0.018013250082731247,1.771266222000122,0.09163285046815872,1.1001712083816528,21.32923698425293,1271.2298750005712,0.00025613784329935475,1.1939561367034912,1.0678023099899292,0.9698116183280945,0.9669205546379089,0.7155837416648865,0.9721078872680664,0.7697325944900513,0.71875,0.328125,0.5316728353500366,0.630163311958313,1.870900273323059
5660,0.8544724583625793,1.4966838359832764,0.012805206701159477,1.2418092489242554,0.08494400978088379,1.3838070631027222,21.239625930786133,1271.198695683908,0.0002559772724490325,1.1595523357391357,1.016932725906372,0.9739770293235779,0.9652154445648193,0.6798620223999023,0.9686207175254822,0.7657886743545532,0.765625,0.28125,0.5608941316604614,0.6817241907119751,1.6715173721313477
5670,0.8834995031356812,1.431115746498108,0.012804757803678513,1.587607502937317,0.08606825768947601,1.0935633182525635,21.032428741455078,1271.1685789804396,0.0002558164654620912,1.1856549978256226,1.0071849822998047,0.9639963507652283,0.9452403783798218,0.6740955710411072,0.9641124606132507,0.7542135119438171,0.71875,0.328125,0.6117897033691406,0.6622495651245117,1.9240421056747437
5680,0.9208871722221375,1.3000911474227905,0.08863658457994461,1.6906075477600098,0.0676819384098053,1.385699987411499,21.3968448638916,1271.1392066844828,0.00025565542275591424,1.2046730518341064,0.9459527730941772,0.9744912385940552,0.9717394709587097,0.750591516494751,0.9629783630371094,0.711912214756012,0.84375,0.234375,0.5611568689346313,0.6727103590965271,2.8876571655273438
5690,0.9322516322135925,1.2748353481292725,0.02688954770565033,1.832719326019287,0.08767873048782349,1.0710029602050781,20.933862686157227,1271.1099996700377,0.0002554941447484971,1.2156527042388916,0.9446699619293213,0.9747782349586487,0.9723337292671204,0.7142545580863953,0.9701482057571411,0.7799511551856995,0.796875,0.234375,0.6466693878173828,0.6276510953903198,1.8441805839538574
5700,0.8324369788169861,1.2443339824676514,0.029836304485797882,1.6761672496795654,0.07976069301366806,0.9958470463752747,20.91768455505371,1271.0807047721403,0.00025533263185844587,1.0847182273864746,0.8409375548362732,0.9780063629150391,0.969006359577179,0.7375328540802002,0.9706135988235474,0.7687118053436279,0.828125,0.171875,0.6778330206871033,0.6796086430549622,1.7900230884552002
5710,0.9169211983680725,1.3708463907241821,0.05054640769958496,1.5392612218856812,0.07167864590883255,1.1144438982009888,21.019886016845703,1271.0507269317686,0.0002551708845049763,1.2356562614440918,1.0624500513076782,0.9673255085945129,0.9680055379867554,0.7272523641586304,0.9625561833381653,0.7645397782325745,0.8125,0.203125,0.47378307580947876,0.6510738730430603,1.4932973384857178
5720,0.8503134846687317,1.3192973136901855,0.010042409412562847,1.6694940328598022,0.08430848270654678,1.0055729150772095,20.81842613220215,1271.0211393235418,0.0002550089031079128,1.1202963590621948,0.8999427556991577,0.9733319282531738,0.9627211093902588,0.7136712670326233,0.9676573872566223,0.7729357481002808,0.828125,0.171875,0.6962355375289917,0.6709790229797363,2.15877628326416
5730,0.855336606502533,1.1238481998443604,0.008093073032796383,1.8062173128128052,0.1028270348906517,1.7261205911636353,21.075613021850586,1270.9910235761192,0.00025484668808768707,1.1520118713378906,0.9889175891876221,0.9747535586357117,0.9613678455352783,0.72917240858078,0.9630410075187683,0.7533746361732483,0.8125,0.21875,0.6696928143501282,0.6047990322113037,3.666842222213745
5740,0.9805374145507812,1.6836093664169312,0.015077968128025532,1.4350911378860474,0.09654811024665833,2.0452678203582764,20.81924057006836,1270.9619112855182,0.0002546842398653375,1.282616376876831,1.006929636001587,0.9750837087631226,0.9693378210067749,0.6689441204071045,0.9667131304740906,0.763680100440979,0.765625,0.34375,0.5632040500640869,0.7133356928825378,1.3474234342575073
5750,0.9912798404693604,1.5491515398025513,0.019613586366176605,1.701288104057312,0.08310773968696594,2.2719955444335938,21.297515869140625,1270.9328055072017,0.00025452155886250734,1.2739697694778442,0.9422996044158936,0.9691450595855713,0.9394239187240601,0.7376794219017029,0.9758579134941101,0.778793454170227,0.6875,0.359375,0.6662108898162842,0.6844568252563477,1.7577648162841797
5760,0.9634994864463806,1.6319243907928467,0.011831830255687237,1.3011075258255005,0.09326200187206268,1.3549970388412476,21.25577163696289,1270.9042180869058,0.0002543586455014444,1.3110122680664062,1.1583759784698486,0.9683926701545715,0.9573808312416077,0.6943294405937195,0.9722882509231567,0.7826504707336426,0.6875,0.3125,0.5498102307319641,0.6103125810623169,2.823802947998047
5770,1.104069471359253,1.793459415435791,0.028197014704346657,1.6869497299194336,0.0884469598531723,1.7488819360733032,21.167341232299805,1270.8750392617167,0.00025419550020499947,1.3888803720474243,0.9493696093559265,0.9742811322212219,0.9638376832008362,0.7445496916770935,0.9676552414894104,0.7415186166763306,0.765625,0.34375,0.6102704405784607,0.7080017924308777,1.6925010681152344
5780,1.0506401062011719,1.582947015762329,0.024894947186112404,1.7593225240707397,0.07095625251531601,1.6391868591308594,21.0324764251709,1270.8456206526528,0.00025403212339662523,1.34285569190979,0.9740517735481262,0.9703524112701416,0.9635743498802185,0.698085367679596,0.9605937600135803,0.7279309630393982,0.75,0.28125,0.6130347847938538,0.7134535908699036,1.419327735900879
5790,0.8963726758956909,1.452968716621399,0.02866968885064125,1.600453495979309,0.10196565091609955,1.7055567502975464,21.39375114440918,1270.8159484970715,0.0002538685155003755,1.1699602603912354,0.9119586944580078,0.9695658087730408,0.9560550451278687,0.7025889754295349,0.9672839045524597,0.741051971912384,0.640625,0.4375,0.6852556467056274,0.7419677972793579,1.2727491855621338
5800,1.0385866165161133,1.6570850610733032,0.027700155973434448,1.780425786972046,0.07738250494003296,2.02677321434021,21.12281608581543,1270.787364945921,0.00025370467694090366,1.2985855340957642,0.8666629791259766,0.9751904606819153,0.9725353121757507,0.7128018736839294,0.9683019518852234,0.7770432829856873,0.75,0.296875,0.6754695177078247,0.7231538891792297,1.359337568283081
5810,0.8804841041564941,1.2317841053009033,0.014981094747781754,1.8253238201141357,0.07927156984806061,1.0181787014007568,21.288970947265625,1270.758125342926,0.0002535406081434619,1.1915587186813354,1.0369154214859009,0.9720807671546936,0.9753825664520264,0.787792444229126,0.9669246077537537,0.7041096091270447,0.796875,0.28125,0.5062869787216187,0.5903092622756958,2.4773075580596924
5820,0.8912298083305359,1.3031036853790283,0.028609279543161392,1.8657453060150146,0.06839662045240402,0.9025880098342896,21.343887329101562,1270.728108245483,0.00025337630953389996,1.1751959323883057,0.9465535283088684,0.9681118130683899,0.9695844054222107,0.7628018260002136,0.9639752507209778,0.7331151366233826,0.75,0.3125,0.5869961977005005,0.6720912456512451,1.303393840789795
5830,0.9216530919075012,1.5507662296295166,0.04889426752924919,1.6418956518173218,0.08811348676681519,1.6823508739471436,21.603281021118164,1270.699061858311,0.00025321178153866423,1.2120262384414673,0.9679104685783386,0.9742866158485413,0.9698166847229004,0.6722965836524963,0.971215009689331,0.7843778133392334,0.703125,0.328125,0.6325751543045044,0.7171562910079956,1.409386396408081
5840,0.9138993620872498,1.4291292428970337,0.02228526771068573,1.6962295770645142,0.0806485116481781,1.48418390750885,21.3729248046875,1270.6702299368967,0.0002530470245847962,1.1775190830230713,0.8787323236465454,0.9723559617996216,0.966728150844574,0.7412979602813721,0.966253399848938,0.748734712600708,0.71875,0.3125,0.6998183131217957,0.7346938848495483,1.4809849262237549
5850,0.8157790899276733,1.337723731994629,0.019471125677227974,1.3820867538452148,0.06882262974977493,0.8358113169670105,21.57485580444336,1270.6407642732222,0.000252882039099932,1.1238880157470703,1.0270297527313232,0.9624717831611633,0.9484075903892517,0.7118589878082275,0.9563274383544922,0.7248488068580627,0.78125,0.25,0.5313405394554138,0.6735994219779968,1.551062822341919
5860,0.934639036655426,1.4670835733413696,0.03683541715145111,1.5862396955490112,0.08794765174388885,1.5762892961502075,21.62929344177246,1270.6108407824918,0.00025271682551230055,1.2207491397857666,0.9537004232406616,0.9735087752342224,0.9722006320953369,0.7453945279121399,0.9610389471054077,0.7391183376312256,0.84375,0.203125,0.5699940323829651,0.6939780712127686,1.7016154527664185
5870,1.0117766857147217,1.6276696920394897,0.02605956792831421,1.5282237529754639,0.0773620754480362,1.4988740682601929,21.343881607055664,1270.58076188091,0.00025255138425072304,1.2914297580718994,0.932176947593689,0.9778943061828613,0.980305016040802,0.6930907368659973,0.9657570719718933,0.7510656118392944,0.703125,0.359375,0.6969247460365295,0.7116566896438599,1.2133952379226685
5880,1.0623575448989868,1.5214351415634155,0.02659371681511402,2.1051557064056396,0.07760345935821533,1.6167188882827759,21.36969566345215,1270.5513220020116,0.0002523857157446115,1.364614486694336,1.0075232982635498,0.9720607995986938,0.9680135250091553,0.7551394104957581,0.959547221660614,0.7223193645477295,0.65625,0.34375,0.5457525849342346,0.6472088098526001,1.860231876373291
5890,0.9666212201118469,1.6342681646347046,0.04340790584683418,1.5714738368988037,0.0891713798046112,1.7398887872695923,21.52213478088379,1270.5229145231317,0.000252219820423968,1.2505857944488525,0.9465485215187073,0.9704990386962891,0.9543352127075195,0.6348965764045715,0.9663755893707275,0.7824756503105164,0.8125,0.21875,0.6669666767120361,0.6805506944656372,2.2544538974761963
5900,0.8893009424209595,1.5105905532836914,0.018914420157670975,1.478811264038086,0.09532037377357483,2.519835948944092,21.192724227905273,1270.4949097508118,0.000252053698719383,1.1511467695236206,0.8728193640708923,0.9738013744354248,0.9630913138389587,0.7525302767753601,0.9654967188835144,0.7625857591629028,0.75,0.390625,0.6450562477111816,0.73044753074646,1.1820344924926758
5910,0.9229466319084167,1.490375280380249,0.026197034865617752,1.5351380109786987,0.0865742638707161,1.1245100498199463,21.132415771484375,1270.4688627699215,0.0002518873510620348,1.2182495594024658,0.9843429327011108,0.9732416272163391,0.9743342399597168,0.7094107270240784,0.9591614007949829,0.7168338894844055,0.671875,0.375,0.6257255673408508,0.6714622378349304,1.2619155645370483
5920,0.8558937311172485,1.3923542499542236,0.04388232156634331,1.422428011894226,0.07016962021589279,1.530688762664795,21.01648712158203,1270.4408706519444,0.00025172077788368806,1.114835262298584,0.8631383180618286,0.9727712273597717,0.9721247553825378,0.752778172492981,0.9631468653678894,0.7352941036224365,0.84375,0.296875,0.6265812516212463,0.7413986325263977,1.2037413120269775
5930,0.9864285588264465,1.4719284772872925,0.03238098323345184,1.6630295515060425,0.07512521743774414,1.0932013988494873,21.18233299255371,1270.413452443522,0.0002515539796166928,1.3126097917556763,1.087270736694336,0.972217321395874,0.9555604457855225,0.664353609085083,0.9655075073242188,0.7752745747566223,0.796875,0.265625,0.5067375302314758,0.6163374185562134,1.5208252668380737
5940,0.959969699382782,1.5323314666748047,0.022139206528663635,1.7584095001220703,0.08525372296571732,1.753461241722107,21.41994857788086,1270.3848918065744,0.0002513869566939833,1.2636593580245972,1.012298822402954,0.9706035852432251,0.9604838490486145,0.7117716073989868,0.9692804217338562,0.7846616506576538,0.65625,0.421875,0.5837056040763855,0.6408761143684387,1.5022388696670532
5950,0.9442358016967773,1.4545460939407349,0.03825788199901581,1.7676990032196045,0.0891503393650055,2.3176915645599365,21.408674240112305,1270.3561677337514,0.00025121970954907695,1.2566694021224976,1.0414453744888306,0.9668759703636169,0.9601288437843323,0.6769555807113647,0.9589540362358093,0.7347323298454285,0.640625,0.40625,0.6468197703361511,0.6864230036735535,1.795796275138855
5960,0.9119075536727905,1.366489052772522,0.02007807232439518,1.7020231485366821,0.08106617629528046,1.0794932842254639,21.573427200317383,1270.328221607201,0.00025105223861607306,1.174350380897522,0.8748092651367188,0.9669482707977295,0.9625118374824524,0.725229799747467,0.9649324417114258,0.7502196431159973,0.75,0.28125,0.6551273465156555,0.7080721855163574,1.6121326684951782
5970,0.9412274360656738,1.4492595195770264,0.047093041241168976,1.7353014945983887,0.08108854293823242,1.0811409950256348,21.562171936035156,1270.3001570029328,0.000250884544329652,1.184316635131836,0.8102972507476807,0.9718648195266724,0.9715620875358582,0.731795608997345,0.9688041806221008,0.7597226500511169,0.765625,0.25,0.6664882898330688,0.7883267402648926,0.857103168964386
5980,0.903623104095459,1.5612916946411133,0.017184024676680565,1.2746801376342773,0.0870371013879776,1.3179062604904175,21.73350715637207,1270.2709861275891,0.00025071662712507345,1.1949846744537354,0.9712050557136536,0.9682773947715759,0.9633488059043884,0.6875483393669128,0.9657520055770874,0.7595185041427612,0.71875,0.296875,0.621719479560852,0.6958734393119812,1.036002516746521
5990,0.866540253162384,1.3179562091827393,0.022058801725506783,1.6075475215911865,0.0819629430770874,0.8351041078567505,21.416942596435547,1270.2420557372461,0.00025054848743817605,1.1570959091186523,0.9685186147689819,0.9795230031013489,0.9840518832206726,0.7766990661621094,0.9640974402427673,0.7373923659324646,0.78125,0.265625,0.6044796705245972,0.6164492964744568,2.264638662338257
6000,0.8568520545959473,1.427603840827942,0.00844127219170332,1.4052960872650146,0.0860651507973671,3.1375200748443604,21.421077728271484,1270.2133818418374,0.0002503801257053759,1.1916786432266235,1.1160885095596313,0.9645693302154541,0.9665502309799194,0.6815266013145447,0.9626603722572327,0.7582562565803528,0.828125,0.171875,0.48286324739456177,0.5430063605308533,2.614701509475708
6010,0.9914327263832092,1.4782328605651855,0.020152991637587547,1.8143084049224854,0.09485796093940735,2.719754219055176,21.619943618774414,1270.1849184786827,0.00025021154236366523,1.25901198387146,0.8919309973716736,0.9819568991661072,0.9847443103790283,0.7776203155517578,0.9648503661155701,0.7081815004348755,0.734375,0.390625,0.5657894611358643,0.6983985900878906,1.523884654045105
6020,0.90106201171875,1.5703446865081787,0.029855838045477867,1.3006927967071533,0.07898131757974625,1.1878807544708252,21.469514846801758,1270.1577853761307,0.0002500427378506116,1.174682855606079,0.9120696187019348,0.9658328294754028,0.9510295987129211,0.6659654974937439,0.967896044254303,0.7774258852005005,0.8125,0.234375,0.6499754190444946,0.6980619430541992,1.695796251296997
6030,0.9658707976341248,1.6461743116378784,0.025483345612883568,1.3402434587478638,0.07332538068294525,3.221745252609253,21.3492431640625,1270.1285677874414,0.00024987371260435656,1.1997334957122803,0.7795421481132507,0.9721128344535828,0.9683477878570557,0.7647368311882019,0.9662967920303345,0.7449072599411011,0.78125,0.25,0.6661326289176941,0.7969461679458618,0.7559388875961304
6040,0.9968173503875732,1.5167310237884521,0.02603871561586857,1.8152135610580444,0.10947281867265701,1.6979727745056152,21.703948974609375,1270.0992302012623,0.00024970446706361473,1.3126890659332275,1.0529054403305054,0.9746190905570984,0.97414231300354,0.6729969382286072,0.9638529419898987,0.7460590600967407,0.78125,0.25,0.5915238857269287,0.6278809309005737,1.946584939956665
6050,0.8952290415763855,1.366175651550293,0.0284714512526989,1.598633050918579,0.08670035004615784,1.3749955892562866,21.35521697998047,1270.0707210957078,0.00024953500166767235,1.1287181377410889,0.7782968282699585,0.9743402004241943,0.967058002948761,0.718956708908081,0.9684059619903564,0.7746774554252625,0.78125,0.296875,0.7369870543479919,0.7238399982452393,1.5127489566802979
6060,0.9247004389762878,1.587227463722229,0.03858872875571251,1.49760103225708,0.08070127665996552,2.0556652545928955,21.62314224243164,1270.0426158854057,0.0002493653168563863,1.1874520778656006,0.8758389353752136,0.9732609391212463,0.9733155965805054,0.7464856505393982,0.9609776735305786,0.7126801013946533,0.734375,0.34375,0.6130115389823914,0.7584880590438843,0.9914682507514954
6070,0.9407268166542053,1.5332815647125244,0.016496768221259117,1.7831263542175293,0.07270924001932144,1.0676088333129883,21.409679412841797,1270.0144641023294,0.00024919541307018316,1.1983497142791748,0.8587431907653809,0.9731348156929016,0.9744666218757629,0.7434593439102173,0.9578839540481567,0.7173383235931396,0.765625,0.296875,0.6496227979660034,0.7120831608772278,1.1741220951080322
6080,0.8950243592262268,1.5300542116165161,0.019089318811893463,1.3104304075241089,0.07222919166088104,1.215848684310913,21.82752227783203,1269.9851981648155,0.00024902529075005765,1.1556942462921143,0.8688998222351074,0.9723963141441345,0.9617328643798828,0.7082725167274475,0.9698180556297302,0.7714904546737671,0.828125,0.203125,0.6157196164131165,0.7292303442955017,1.0693248510360718
6090,0.883809506893158,1.3207955360412598,0.01947927102446556,1.5988759994506836,0.0679936334490776,1.6934723854064941,21.40593147277832,1269.9550904640107,0.0002488549503375719,1.1951804161071777,1.0379031896591187,0.9678438305854797,0.9634899497032166,0.705502986907959,0.9675688743591309,0.7588109374046326,0.71875,0.28125,0.5671894550323486,0.6341894268989563,2.706043243408203
6100,0.8929907083511353,1.4346388578414917,0.048962220549583435,1.6591113805770874,0.07635481655597687,1.1354976892471313,21.487512588500977,1269.9248749433177,0.0002486843922748539,1.1371347904205322,0.8138136863708496,0.9719755053520203,0.9567700028419495,0.6987070441246033,0.9723821878433228,0.7817034721374512,0.859375,0.15625,0.6854696273803711,0.7564045190811157,1.3249664306640625
6110,0.8870852589607239,1.3740568161010742,0.031221631914377213,1.6087578535079956,0.08289209753274918,1.307534098625183,21.421512603759766,1269.895647202684,0.0002485136170045968,1.1582553386688232,0.9039000272750854,0.9739340543746948,0.9709442853927612,0.7241716384887695,0.9727513194084167,0.7794117331504822,0.78125,0.234375,0.6418175101280212,0.719074010848999,2.29349946975708
6120,0.9315990209579468,1.3901287317276,0.014554552733898163,1.9898861646652222,0.09701544046401978,0.8468685150146484,21.411270141601562,1269.8659382271808,0.00024834262497005723,1.273626446723938,1.1400914192199707,0.9766938090324402,0.9704765677452087,0.7118347883224487,0.9638307094573975,0.7404534816741943,0.796875,0.265625,0.5300180315971375,0.5803453326225281,2.196929693222046
6130,1.0154237747192383,1.4733959436416626,0.05055989697575569,1.7634221315383911,0.0733400210738182,1.3649702072143555,21.53042984008789,1269.837631136363,0.0002481714166150549,1.3055506944656372,0.9670897126197815,0.9788510203361511,0.9759499430656433,0.7237328290939331,0.9671705961227417,0.7409487962722778,0.75,0.25,0.5781474709510803,0.6562424302101135,2.0009686946868896
6140,0.8557253479957581,1.4013069868087769,0.023539327085018158,1.6265612840652466,0.07628209888935089,0.8423334956169128,21.665468215942383,1269.8099132896523,0.00024799999238397046,1.119375228881836,0.8788330554962158,0.9731755256652832,0.9681879878044128,0.7297802567481995,0.9720578193664551,0.7937766909599304,0.78125,0.28125,0.6334751844406128,0.671410322189331,1.3486030101776123
6150,0.8873028755187988,1.432944655418396,0.024939732626080513,1.299360752105713,0.07319900393486023,0.9399417638778687,21.628772735595703,1269.7813817342887,0.00024782835272174516,1.201633095741272,1.0477674007415771,0.9670713543891907,0.9236176609992981,0.6297576427459717,0.9674624800682068,0.775070071220398,0.84375,0.171875,0.5479262471199036,0.6162405610084534,2.9072821140289307
6160,0.8376513719558716,1.2649803161621094,0.03365543484687805,1.621358871459961,0.08247153460979462,1.1795588731765747,21.58338165283203,1269.7522247388454,0.0002476564980738795,1.0724713802337646,0.7827334403991699,0.9814873933792114,0.9809291958808899,0.8074022531509399,0.963796854019165,0.7389204502105713,0.875,0.15625,0.6962627172470093,0.7149139642715454,1.9802272319793701
6170,0.9130321741104126,1.5604020357131958,0.016957491636276245,1.4354290962219238,0.08623859286308289,1.4850035905838013,21.8217830657959,1269.722624704351,0.00024748442888643176,1.1896418333053589,0.9220321774482727,0.9749012589454651,0.9708471894264221,0.7150506377220154,0.9687997102737427,0.7641392350196838,0.8125,0.21875,0.6275857090950012,0.6784849166870117,1.3833967447280884
6180,0.9500192999839783,1.3991365432739258,0.031230585649609566,1.6816420555114746,0.0785803496837616,2.2635087966918945,21.570175170898438,1269.6933956169144,0.0002473121456060172,1.2010287046432495,0.8366981148719788,0.9786282181739807,0.972835898399353,0.7915732264518738,0.9647592902183533,0.7327290177345276,0.6875,0.375,0.6842667460441589,0.6953993439674377,1.776473879814148
6190,0.7921122312545776,1.3198895454406738,0.019781917333602905,1.4340143203735352,0.07741454243659973,1.1744701862335205,22.04971694946289,1269.6656650354466,0.0002471396486798068,1.0798258781433105,0.9590456485748291,0.9654749035835266,0.9594796299934387,0.6772505044937134,0.9575999975204468,0.7543553709983826,0.734375,0.296875,0.6489593982696533,0.6825037002563477,1.6050102710723877
6200,0.9320337772369385,1.492897629737854,0.011345259845256805,1.5206866264343262,0.08718439191579819,1.127611756324768,21.5439453125,1269.6376264667058,0.000246966938555526,1.1835873126983643,0.83851158618927,0.9743140339851379,0.9686055779457092,0.7319875359535217,0.9652685523033142,0.7514334321022034,0.765625,0.265625,0.7132812142372131,0.7244940996170044,1.6488691568374634
6210,0.9102658629417419,1.4604436159133911,0.027538882568478584,1.5319321155548096,0.07767947763204575,2.031114101409912,21.403827667236328,1269.6099810582784,0.0002467940156814536,1.1622182130813599,0.8398412466049194,0.9719077348709106,0.9767099618911743,0.7339289784431458,0.9653055667877197,0.7570172548294067,0.671875,0.375,0.6620908975601196,0.7661545276641846,0.9704272747039795
6220,0.8662794828414917,1.296800136566162,0.024632999673485756,1.5567060708999634,0.08668065816164017,0.9471932649612427,21.19981575012207,1269.5826898588004,0.0002466208805064206,1.1665595769882202,1.0009336471557617,0.973069965839386,0.9690972566604614,0.7178646326065063,0.9643353223800659,0.7523697018623352,0.8125,0.203125,0.5553715229034424,0.6318826079368591,1.5412262678146362
6230,0.9278346300125122,1.440641164779663,0.01115915272384882,1.6569852828979492,0.07143406569957733,1.4355746507644653,21.88164710998535,1269.5534517340122,0.0002464475334798091,1.2272197008132935,0.9979502558708191,0.968330979347229,0.962395966053009,0.7104006409645081,0.9634894132614136,0.7624520659446716,0.75,0.28125,0.5570157766342163,0.628449022769928,1.335353970527649
6240,0.85089510679245,1.3774406909942627,0.02176065742969513,1.681537389755249,0.08442173153162003,0.7992650270462036,21.805004119873047,1269.525092438496,0.00024627397505155103,1.1466565132141113,0.9858715534210205,0.9667388796806335,0.9489507079124451,0.6979795694351196,0.9645820260047913,0.7400647401809692,0.765625,0.28125,0.5557251572608948,0.667782187461853,1.5667225122451782
6250,0.9345681667327881,1.3978023529052734,0.02976311929523945,1.7881642580032349,0.0740937665104866,2.3383617401123047,21.903942108154297,1269.496330297991,0.00024610020567212713,1.2091121673583984,0.9151465892791748,0.9764359593391418,0.9797211289405823,0.7942483425140381,0.965578019618988,0.7260403633117676,0.71875,0.4375,0.5998371243476868,0.6925839185714722,1.803860068321228
6260,0.9298402667045593,1.407501220703125,0.01710745505988598,1.7149416208267212,0.07239891588687897,1.0511583089828491,21.704160690307617,1269.4676839530734,0.00024592622579256546,1.2124459743499756,0.942018985748291,0.9764933586120605,0.9760660529136658,0.7353165149688721,0.9674738049507141,0.748740553855896,0.765625,0.265625,0.5335981249809265,0.7071260809898376,1.6130657196044922
6270,0.8649893403053284,1.30103600025177,0.01717633381485939,1.745099663734436,0.08786429464817047,2.4188122749328613,21.498281478881836,1269.439111672244,0.0002457520358644406,1.1192705631256104,0.8476037979125977,0.968562662601471,0.970506489276886,0.777138888835907,0.9665113687515259,0.7641481161117554,0.75,0.3125,0.6398473978042603,0.7000278234481812,1.6013354063034058
6280,0.9552372694015503,1.6054562330245972,0.02677733823657036,1.517059087753296,0.0834323912858963,1.3730982542037964,22.06635093688965,1269.4110874909884,0.00024557763633987237,1.2049654722213745,0.8324273824691772,0.9769326448440552,0.9675977826118469,0.7243182063102722,0.9726983904838562,0.7848728895187378,0.828125,0.234375,0.6920149326324463,0.7249792814254761,2.0949337482452393
6290,0.9481312036514282,1.4148870706558228,0.018962638452649117,1.9223190546035767,0.10213230550289154,2.919445753097534,21.531970977783203,1269.3814427271645,0.0002454030276715244,1.2388050556182861,0.9689127206802368,0.9771713614463806,0.9818370938301086,0.7654958367347717,0.9699792265892029,0.7462000846862793,0.71875,0.359375,0.6186909675598145,0.6376091837882996,1.9300649166107178
6300,0.8911927342414856,1.4643033742904663,0.03141995519399643,1.4811137914657593,0.08514522761106491,2.0026750564575195,21.66159439086914,1269.353825441978,0.00024522821031260333,1.1549098491668701,0.879056990146637,0.9714936017990112,0.9641690850257874,0.7197407484054565,0.9626471996307373,0.7365480661392212,0.765625,0.296875,0.6621147990226746,0.7484538555145264,0.9146371483802795
6310,0.8702848553657532,1.3767894506454468,0.02684733085334301,1.5221796035766602,0.08441508561372757,1.9078975915908813,21.587142944335938,1269.32611112806,0.0002450531847168575,1.1907659769058228,1.0682703256607056,0.9719162583351135,0.9694580435752869,0.6837683916091919,0.9663608074188232,0.751534640789032,0.796875,0.21875,0.5745049715042114,0.6550232172012329,1.8010259866714478
6320,0.9582079648971558,1.4934144020080566,0.015768064185976982,1.7119464874267578,0.0804799422621727,1.1185190677642822,21.49223518371582,1269.2982134465378,0.00024487795133857563,1.2633562088012695,1.0171610116958618,0.9667333364486694,0.9540262818336487,0.696818470954895,0.9620062112808228,0.7679636478424072,0.6875,0.4375,0.5265102982521057,0.6628578901290894,2.2515509128570557
6330,0.7989590764045715,1.26589035987854,0.018406489863991737,1.4485985040664673,0.07371025532484055,0.9307817816734314,21.5741024017334,1269.270038245517,0.0002447025106325857,1.034818172454834,0.7861969470977783,0.9756781458854675,0.9806020259857178,0.7768456339836121,0.9583643078804016,0.7372675538063049,0.765625,0.265625,0.6648420095443726,0.7902649641036987,1.326010823249817
6340,0.7702091336250305,1.211267113685608,0.03996792808175087,1.3532323837280273,0.07596499472856522,1.2080224752426147,21.634033203125,1269.2409954370676,0.00024452686305425405,1.0645931959152222,0.9812800288200378,0.9668288826942444,0.9577332735061646,0.6779749989509583,0.9700596928596497,0.7710153460502625,0.875,0.15625,0.5565217733383179,0.6832500696182251,1.7155495882034302
6350,0.80345618724823,1.2462900876998901,0.021610895171761513,1.4302799701690674,0.07131382077932358,1.1642756462097168,21.523561477661133,1269.211170044407,0.00024435100905948387,1.0470271110534668,0.8119029402732849,0.9777284860610962,0.9708148241043091,0.7505839467048645,0.9712804555892944,0.7730650305747986,0.828125,0.1875,0.6634438037872314,0.7199239730834961,1.4146535396575928
6360,0.8889502882957458,1.395951271057129,0.03121138922870159,1.6309618949890137,0.08129333704710007,0.9720661640167236,21.827165603637695,1269.1824959205765,0.0002441749491047139,1.1801669597625732,0.9707220196723938,0.9714115262031555,0.9646631479263306,0.6823683977127075,0.9628552794456482,0.723817765712738,0.8125,0.21875,0.6355733871459961,0.6994428634643555,1.312681794166565
6370,0.8454886078834534,1.196555495262146,0.05209943652153015,1.7105040550231934,0.06707458198070526,1.095415711402893,21.581127166748047,1269.1535881882926,0.0002439986836469178,1.0642750263214111,0.7292879819869995,0.9692761898040771,0.968358039855957,0.7531290054321289,0.9574901461601257,0.7334273457527161,0.859375,0.25,0.7412846684455872,0.7683701515197754,1.095436930656433
6380,0.9909616112709045,1.4310054779052734,0.03285748139023781,1.805145502090454,0.05929062142968178,2.6807782649993896,21.373308181762695,1269.1248112352957,0.00024382221314360236,1.2146795988082886,0.7457265853881836,0.9773425459861755,0.9809454083442688,0.782760739326477,0.9601041674613953,0.7385295629501343,0.765625,0.265625,0.6394765377044678,0.7841120958328247,0.6756927967071533
6390,0.9530681371688843,1.468746304512024,0.021152976900339127,1.709403395652771,0.08185788989067078,1.9627416133880615,21.97789192199707,1269.0976161085166,0.00024364553805280667,1.208841323852539,0.8525770902633667,0.969498336315155,0.9570783376693726,0.7154871225357056,0.9628152251243591,0.7273772358894348,0.734375,0.296875,0.6301463842391968,0.7179136872291565,1.9103788137435913
6400,1.0193833112716675,1.5588366985321045,0.07257179915904999,1.52910578250885,0.09376148134469986,1.716982364654541,21.303678512573242,1269.0713168816956,0.00024346865883310094,1.3454947471618652,1.087038278579712,0.9758407473564148,0.9661476016044617,0.7108149528503418,0.9663771986961365,0.7669581174850464,0.65625,0.390625,0.5505223870277405,0.6431399583816528,2.4995484352111816
6410,0.8951302766799927,1.3805198669433594,0.021316442638635635,1.7099498510360718,0.07978963851928711,0.9924774169921875,21.767133712768555,1269.0444483158565,0.00024329157594358506,1.1750974655151367,0.9332238435745239,0.9740205407142639,0.9616323113441467,0.70755535364151,0.965729296207428,0.7570257186889648,0.84375,0.203125,0.6168731451034546,0.6865677237510681,1.4161747694015503
6420,0.882499635219574,1.368836522102356,0.054390568286180496,1.3364896774291992,0.06812313199043274,0.9479461908340454,21.61016082763672,1269.0164905113368,0.00024311428984388764,1.0996205806732178,0.7237364053726196,0.9906138777732849,0.9933939576148987,0.8316898941993713,0.9708777666091919,0.756838858127594,0.828125,0.1875,0.7101151347160339,0.7393696904182434,1.9682458639144897
6430,0.9080050587654114,1.472258448600769,0.012635350227355957,1.5832552909851074,0.06916835904121399,1.6640830039978027,21.808115005493164,1268.9881318602768,0.00024293680099416468,1.1443192958831787,0.7877142429351807,0.9743074178695679,0.9729264378547668,0.7487020492553711,0.9601393938064575,0.7338329553604126,0.765625,0.265625,0.7179617285728455,0.7840768694877625,1.5556180477142334
6440,0.8164975643157959,1.3802165985107422,0.02476382628083229,1.1465017795562744,0.07935492694377899,1.0102070569992065,21.802322387695312,1268.9597050902996,0.00024275910985509843,1.1291258335113525,1.0420942306518555,0.9670731425285339,0.9653124213218689,0.7121729850769043,0.9639132022857666,0.7256664037704468,0.796875,0.234375,0.46105843782424927,0.6566541194915771,1.8423376083374023
6450,0.9248347282409668,1.4316879510879517,0.02349286712706089,1.67048180103302,0.0753883644938469,0.7076491713523865,22.119626998901367,1268.9316775889781,0.0002425812168878963,1.203558325767517,0.9290786981582642,0.9755628705024719,0.977958083152771,0.6849197745323181,0.9609255790710449,0.761127233505249,0.78125,0.25,0.6617682576179504,0.6992227435112,1.3857401609420776
6460,0.9202466011047363,1.408042311668396,0.020210478454828262,1.55887770652771,0.07385760545730591,3.6171364784240723,21.896142959594727,1268.9044503385996,0.0002424031225542894,1.2024601697921753,0.9407119154930115,0.9670305848121643,0.9629765152931213,0.6930624842643738,0.963403046131134,0.768876850605011,0.78125,0.265625,0.6482123136520386,0.6969290971755981,2.083700656890869
6470,0.9875800609588623,1.588470220565796,0.008731270208954811,1.565297245979309,0.07920538634061813,2.5126442909240723,21.88103485107422,1268.876889638457,0.0002422248273165316,1.2956788539886475,1.02699613571167,0.9766424298286438,0.9683257937431335,0.7123912572860718,0.9706687331199646,0.7837337851524353,0.703125,0.390625,0.5396183133125305,0.6527340412139893,1.5854140520095825
6480,1.0232301950454712,1.6943012475967407,0.04192887246608734,1.5102375745773315,0.08471159636974335,2.252779006958008,21.488178253173828,1268.8509506441985,0.00024204633163739828,1.3349233865737915,1.0389773845672607,0.9712110161781311,0.9666450619697571,0.7356008291244507,0.96440589427948,0.7385419607162476,0.6875,0.421875,0.5805985331535339,0.667823076248169,2.711014747619629
6490,0.903551459312439,1.349432110786438,0.02405097708106041,1.6015572547912598,0.07647465914487839,1.4148119688034058,21.85908317565918,1268.824376580782,0.00024186763598018485,1.1974141597747803,0.9795422554016113,0.9766947031021118,0.9747198820114136,0.7152372598648071,0.9647718667984009,0.7494068741798401,0.734375,0.296875,0.5729032754898071,0.6601803302764893,1.4308490753173828
6500,0.9260143041610718,1.433693766593933,0.01685713790357113,1.6027915477752686,0.08969636261463165,1.503100872039795,21.949060440063477,1268.797276723895,0.000241688740808706,1.2421982288360596,1.053946614265442,0.9757788777351379,0.9690448641777039,0.694912314414978,0.9666875600814819,0.7610194683074951,0.75,0.375,0.5951537489891052,0.6045969724655151,2.3908824920654297
6510,1.0237829685211182,1.61134934425354,0.013565470464527607,1.5954419374465942,0.08830343186855316,1.614464521408081,21.61734962463379,1268.769790662668,0.00024150964658729423,1.3224854469299316,0.9956749081611633,0.9737076759338379,0.9728410243988037,0.7102033495903015,0.9600468873977661,0.7493573427200317,0.71875,0.34375,0.6164523959159851,0.6494863629341125,1.9807698726654053
6520,0.8518320918083191,1.2810888290405273,0.025547413155436516,1.4396090507507324,0.09099961072206497,0.7752633690834045,22.155630111694336,1268.7419541039455,0.00024133035378079854,1.1199257373809814,0.8936453461647034,0.9763447642326355,0.9759572148323059,0.7403867244720459,0.968332827091217,0.7659446597099304,0.875,0.171875,0.6678551435470581,0.6697719097137451,1.8464959859848022
6530,0.9171907901763916,1.4275096654891968,0.028011012822389603,1.4482848644256592,0.06845930963754654,0.9151374101638794,22.079940795898438,1268.7146319899964,0.0002411508628545836,1.1896655559539795,0.9082493782043457,0.9818720817565918,0.9711182713508606,0.7454583048820496,0.9763354063034058,0.7847344279289246,0.890625,0.109375,0.5785666108131409,0.627146303653717,1.8725306987762451
6540,0.8037837743759155,1.2193647623062134,0.04311171919107437,1.5721359252929688,0.08148016780614853,1.0059887170791626,22.028093338012695,1268.6867492332126,0.00024097117427452814,1.0773093700408936,0.9117518663406372,0.9712682366371155,0.9603543281555176,0.7312619686126709,0.964033842086792,0.767491340637207,0.765625,0.234375,0.6308825612068176,0.6662768721580505,1.956734299659729
6550,0.8743773698806763,1.3829747438430786,0.02386200800538063,1.5815447568893433,0.08245423436164856,1.3921372890472412,22.367551803588867,1268.6584937231632,0.00024079128850702393,1.1579420566558838,0.9452155828475952,0.9771223068237305,0.9741935729980469,0.737435519695282,0.9611563086509705,0.7203261852264404,0.765625,0.265625,0.616930365562439,0.698005735874176,1.6577723026275635
6560,0.8651469349861145,1.3526406288146973,0.02548360638320446,1.5880513191223145,0.07937971502542496,0.9676609039306641,22.009260177612305,1268.6316532726387,0.00024061120601897462,1.1572328805923462,0.9736196994781494,0.9724200367927551,0.9591339230537415,0.7222891449928284,0.9681969881057739,0.7617480158805847,0.84375,0.171875,0.5869548320770264,0.6464399695396423,1.2511494159698486
6570,0.9511854648590088,1.415358066558838,0.027287928387522697,1.6730248928070068,0.10300271958112717,1.1088330745697021,22.662269592285156,1268.6046356112417,0.00024043092727779432,1.2562962770462036,1.0170360803604126,0.9679314494132996,0.9570359587669373,0.6649562120437622,0.9640601277351379,0.7503662705421448,0.734375,0.3125,0.6056768894195557,0.6501273512840271,1.0474196672439575
6580,0.9216444492340088,1.337027668952942,0.027045197784900665,1.6387559175491333,0.10001634806394577,2.2549374103546143,21.96956443786621,1268.5775577067486,0.00024025045275140677,1.189143180847168,0.89166259765625,0.982523500919342,0.9828683733940125,0.7716184258460999,0.9654380083084106,0.7379330992698669,0.71875,0.296875,0.6572015285491943,0.7140370607376099,2.549476146697998
6590,0.7921037077903748,1.1986911296844482,0.025450974702835083,1.4807171821594238,0.0812108963727951,1.288206696510315,22.36203384399414,1268.5500656552078,0.00024006978290824364,1.0504233837127686,0.8610653877258301,0.9765701293945312,0.9625246524810791,0.7360549569129944,0.9699874520301819,0.7789157032966614,0.828125,0.1875,0.6709147095680237,0.7312769293785095,2.095595359802246
6600,0.8457980751991272,1.3035719394683838,0.017328785732388496,1.6188565492630005,0.08177831768989563,1.14743173122406,22.04638671875,1268.5218503382941,0.00023988891821724373,1.105883240699768,0.8669506311416626,0.9821979999542236,0.9767959117889404,0.733774721622467,0.9684221744537354,0.7691365480422974,0.765625,0.28125,0.6916621327400208,0.7078009843826294,1.5498079061508179
6610,0.8830049633979797,1.5132372379302979,0.01909594237804413,1.3461652994155884,0.0816449448466301,1.1602778434753418,22.234357833862305,1268.4946667912739,0.00023970785914785144,1.1584389209747314,0.918113112449646,0.9777292013168335,0.9695212841033936,0.7424453496932983,0.968536913394928,0.7664615511894226,0.6875,0.390625,0.5572652220726013,0.7119517922401428,1.2443667650222778
6620,0.8192498683929443,1.3301936388015747,0.027261387556791306,1.473517894744873,0.07774309068918228,1.652169108390808,22.443960189819336,1268.4675776907486,0.00023952660617001576,1.1149975061416626,0.9858253002166748,0.9733855724334717,0.9764325618743896,0.7410632967948914,0.961768388748169,0.73834627866745,0.796875,0.203125,0.5148306488990784,0.6634777784347534,2.025815963745117
6630,0.9082407355308533,1.2781531810760498,0.013071367517113686,1.6529384851455688,0.08143550157546997,1.2656586170196533,22.22634506225586,1268.4397321823576,0.00023934515975418898,1.1909165382385254,0.9422524571418762,0.9745185971260071,0.966110110282898,0.6983186602592468,0.9707109928131104,0.7659305930137634,0.828125,0.21875,0.6170332431793213,0.6706109046936035,2.239624500274658
6640,0.7773415446281433,1.1554231643676758,0.026652434840798378,1.5777974128723145,0.08028249442577362,0.8841700553894043,22.35054588317871,1268.411581908265,0.00023916352037132546,1.0332434177398682,0.8530062437057495,0.9771632552146912,0.9684910774230957,0.7439982295036316,0.9711736440658569,0.7848060131072998,0.859375,0.15625,0.6534435749053955,0.6451612710952759,2.792724847793579
6650,0.8361029028892517,1.3032556772232056,0.011679177172482014,1.4019557237625122,0.09348645806312561,1.3885066509246826,22.917978286743164,1268.3833824892276,0.00023898168849288045,1.141035556793213,1.0164419412612915,0.9732581377029419,0.9650164246559143,0.6819254755973816,0.9646453857421875,0.7787585854530334,0.75,0.296875,0.6108095645904541,0.6541823744773865,2.323681592941284
6660,0.8765905499458313,1.4435479640960693,0.0176676195114851,1.2823684215545654,0.08645956218242645,2.824256420135498,22.175928115844727,1268.355813715884,0.0002387996645908087,1.1565579175949097,0.9332245588302612,0.9744090437889099,0.9677197933197021,0.7022626399993896,0.9665344953536987,0.7390273213386536,0.875,0.125,0.5589584708213806,0.6461768746376038,2.0396227836608887
6670,0.8528063297271729,1.5027775764465332,0.014409510418772697,1.1593866348266602,0.08842618763446808,1.4993425607681274,22.032522201538086,1268.3292560372345,0.0002386174491375636,1.1129271984100342,0.8670696020126343,0.976050615310669,0.9540213942527771,0.7035625576972961,0.974517285823822,0.8192921876907349,0.859375,0.171875,0.6816079616546631,0.6795172691345215,1.6199655532836914
6680,0.9796281456947327,1.5725681781768799,0.011277258396148682,1.742247223854065,0.08385540544986725,1.0362439155578613,22.076223373413086,1268.3026254016731,0.00023843504260609552,1.312654733657837,1.110088586807251,0.9745661616325378,0.9718213081359863,0.6950343251228333,0.9636972546577454,0.747913658618927,0.671875,0.40625,0.5506895184516907,0.6155403256416321,2.2677323818206787
6690,0.8356998562812805,1.3136465549468994,0.015657981857657433,1.5625519752502441,0.07738097757101059,1.1316895484924316,22.013046264648438,1268.275683234174,0.00023825244546985084,1.1216434240341187,0.9531452655792236,0.9758845567703247,0.9664117097854614,0.7366516590118408,0.9722012281417847,0.7701414227485657,0.75,0.28125,0.6013875603675842,0.6776581406593323,1.6005688905715942
6700,0.8732470273971558,1.3468433618545532,0.017768176272511482,1.602888822555542,0.07944692671298981,1.0493292808532715,22.27882957458496,1268.2478729249037,0.00023806965820277073,1.1365717649459839,0.877748966217041,0.978133499622345,0.9748280048370361,0.7331961393356323,0.9674994945526123,0.7628927230834961,0.75,0.296875,0.6389971971511841,0.7423272132873535,1.2985594272613525
6710,0.9978261590003967,1.4600958824157715,0.032799966633319855,1.802460789680481,0.08600983023643494,1.105033278465271,22.226205825805664,1268.2198888690414,0.00023788668127928974,1.3064932823181152,1.028890609741211,0.9751137495040894,0.9720796942710876,0.7326351404190063,0.9698260426521301,0.7903459668159485,0.71875,0.296875,0.5755976438522339,0.5810225605964661,2.391597270965576
6720,0.9199663996696472,1.4519975185394287,0.01573917083442211,1.574037790298462,0.08786992728710175,1.683735728263855,22.102983474731445,1268.1916930565749,0.00023770351517433483,1.182149887084961,0.873944878578186,0.9798521995544434,0.9820857048034668,0.7430035471916199,0.9668942093849182,0.7430532574653625,0.765625,0.28125,0.6456514000892639,0.7242443561553955,0.9705992937088013
6730,0.8400536775588989,1.3408992290496826,0.014176124706864357,1.5027375221252441,0.08109802007675171,1.2241085767745972,22.39259147644043,1268.163953888049,0.00023752016036332385,1.1090134382247925,0.8965323567390442,0.9732446670532227,0.9633282423019409,0.7504124641418457,0.9673213958740234,0.7394167184829712,0.796875,0.21875,0.6114031672477722,0.6673697829246521,2.0713396072387695
6740,0.9031663537025452,1.3926823139190674,0.04065101593732834,1.5904757976531982,0.0782686173915863,2.103731632232666,22.34028434753418,1268.1354656822487,0.00023733661732216452,1.152524471282959,0.8311936855316162,0.9719980359077454,0.9669565558433533,0.7043307423591614,0.9675093293190002,0.7690762877464294,0.828125,0.203125,0.6628493666648865,0.732406735420227,1.587493896484375
6750,0.8861150741577148,1.2941467761993408,0.010127943940460682,1.5934847593307495,0.07106679677963257,1.338279366493225,22.290590286254883,1268.1079437263447,0.00023715288652725313,1.1751890182495117,0.9635800123214722,0.9801514148712158,0.9792893528938293,0.7410478591918945,0.9682917594909668,0.75715172290802,0.84375,0.1875,0.5646871328353882,0.683055579662323,2.4914605617523193
6760,0.9536339044570923,1.387365460395813,0.019900551065802574,1.8501182794570923,0.08090997487306595,2.6452510356903076,21.78285026550293,1268.0804957312123,0.00023696896845547326,1.2605664730072021,1.0231084823608398,0.9726569056510925,0.9718047380447388,0.7423118948936462,0.9707265496253967,0.7750740051269531,0.734375,0.3125,0.5383367538452148,0.6428154706954956,2.4367687702178955
6770,0.8077186942100525,1.2587634325027466,0.00911626685410738,1.6660847663879395,0.0649837777018547,1.784932017326355,22.096805572509766,1268.053700321607,0.0002367848635841946,1.0675076246261597,0.8659631013870239,0.973534882068634,0.9657955765724182,0.736370325088501,0.9679668545722961,0.728499710559845,0.828125,0.203125,0.5599420070648193,0.6983085870742798,1.1114600896835327
6780,0.8047404289245605,1.3367949724197388,0.06256363540887833,1.3905894756317139,0.06456951051950455,1.314008355140686,22.353256225585938,1268.0267077252274,0.00023660057239127165,1.0247917175292969,0.7335043549537659,0.9791190028190613,0.9797971248626709,0.7712812423706055,0.962925910949707,0.7385002970695496,0.75,0.296875,0.7658839821815491,0.7404464483261108,1.5853776931762695
6790,0.8517410755157471,1.2968939542770386,0.019725793972611427,1.6655988693237305,0.06586021184921265,0.7221534848213196,22.04451560974121,1267.9988465644,0.00023641609535504258,1.149159550666809,0.9913948774337769,0.9703102111816406,0.9580419659614563,0.6921773552894592,0.9630149006843567,0.7571552395820618,0.828125,0.21875,0.5635669231414795,0.6547239422798157,1.8326029777526855
6800,0.8552963137626648,1.3246876001358032,0.025035414844751358,1.377215027809143,0.0825021043419838,0.8201291561126709,22.616992950439453,1267.9706541685473,0.0002362314329543279,1.1294023990631104,0.913686990737915,0.9791804552078247,0.9826492071151733,0.7530301213264465,0.9657484292984009,0.752559244632721,0.890625,0.140625,0.5870987772941589,0.646715521812439,1.579706072807312
6810,0.9363527297973633,1.537966251373291,0.013886556029319763,1.467119574546814,0.07636728137731552,1.0467803478240967,22.23320960998535,1267.94218898059,0.0002360465856684292,1.2000665664672852,0.8790462017059326,0.9776698350906372,0.9690151214599609,0.7230685353279114,0.9588004946708679,0.7244310975074768,0.75,0.28125,0.6430144906044006,0.7672313451766968,0.7771687507629395
6820,0.797251284122467,1.2391482591629028,0.050111547112464905,1.2705022096633911,0.07632522284984589,1.1936771869659424,22.54190444946289,1267.9139292482962,0.00023586155397712808,1.0610003471374512,0.8791633248329163,0.9811793565750122,0.9823679327964783,0.7750061750411987,0.9615050554275513,0.727493166923523,0.84375,0.171875,0.6458560228347778,0.6682286858558655,1.806136965751648
6830,0.8926167488098145,1.544100046157837,0.045146841555833817,1.5075691938400269,0.06932483613491058,1.3860903978347778,22.277894973754883,1267.8867796675195,0.0002356763383606846,1.1303811073303223,0.7925476431846619,0.9756483435630798,0.9694074988365173,0.7121071815490723,0.9741595387458801,0.7842105627059937,0.75,0.3125,0.725944995880127,0.7190445065498352,1.0324548482894897
6840,0.8333671689033508,1.3172327280044556,0.02170928195118904,1.601415753364563,0.0730622336268425,0.7893409132957458,22.428422927856445,1267.8586259084293,0.0002354909392998363,1.1116231679916382,0.9275199174880981,0.9781861305236816,0.9686304926872253,0.7190355658531189,0.9686688184738159,0.7800302505493164,0.8125,0.28125,0.5944211483001709,0.6915052533149719,1.2190067768096924
6850,0.8776439428329468,1.477602481842041,0.012710082344710827,1.4857347011566162,0.07449429482221603,1.628199577331543,22.352998733520508,1267.832042858939,0.0002353053572757969,1.1057331562042236,0.760297417640686,0.9802049994468689,0.9788128137588501,0.7752364277839661,0.9695711731910706,0.7709251046180725,0.78125,0.234375,0.6878343820571899,0.7285480499267578,0.9096207022666931
6860,0.9564861059188843,1.486195683479309,0.021419905126094818,1.5897587537765503,0.06518919765949249,1.4842872619628906,22.47154426574707,1267.8049353591052,0.00023511959277025492,1.2118654251098633,0.8512645363807678,0.974816620349884,0.9743645191192627,0.6966221928596497,0.9678350687026978,0.7770025134086609,0.796875,0.265625,0.7303575277328491,0.7279701828956604,1.1343257427215576
6870,0.8836795091629028,1.3821121454238892,0.04108733311295509,1.5915197134017944,0.07803409546613693,1.2667644023895264,22.306472778320312,1267.7780899791387,0.00023493364626537257,1.116548776626587,0.7762306928634644,0.9796544909477234,0.9648748636245728,0.7500587701797485,0.9706814289093018,0.7893157005310059,0.796875,0.21875,0.6747434139251709,0.744420051574707,1.946655511856079
6880,0.8942640423774719,1.4086030721664429,0.05449037626385689,1.5882607698440552,0.08378608524799347,0.7909749150276184,22.2822208404541,1267.7521173968807,0.00023474751824378444,1.2400130033493042,1.152496576309204,0.9686010479927063,0.9524734020233154,0.6213418841362,0.9617895483970642,0.752184271812439,0.734375,0.3125,0.5718296766281128,0.5986660122871399,2.431455373764038
6890,0.9125908017158508,1.3415132761001587,0.015252860262989998,1.7293283939361572,0.07734659314155579,1.4263041019439697,22.664987564086914,1267.7241898655773,0.00023456120918859632,1.1643052101135254,0.8390477895736694,0.9778774380683899,0.9769874215126038,0.7551087737083435,0.9689028859138489,0.7717689871788025,0.765625,0.296875,0.6475627422332764,0.704508364200592,1.2675527334213257
6900,0.8641966581344604,1.2446599006652832,0.031373873353004456,1.625386357307434,0.09460721164941788,2.49949312210083,22.123306274414062,1267.6981223193243,0.00023437471958338374,1.1540566682815552,0.9661998748779297,0.9779347777366638,0.9727436304092407,0.7293439507484436,0.9660513997077942,0.7535211443901062,0.671875,0.328125,0.6563162803649902,0.6420920491218567,2.032273769378662
6910,0.8413557410240173,1.2391585111618042,0.034262627363204956,1.490822434425354,0.07375698536634445,0.9082200527191162,22.15865707397461,1267.6724288050707,0.000234188049912191,1.1358377933502197,0.9816070199012756,0.9730038046836853,0.967103898525238,0.6846450567245483,0.9629735350608826,0.7729430198669434,0.765625,0.3125,0.5845356583595276,0.7159405946731567,2.1446948051452637
6920,0.711357057094574,1.1014608144760132,0.03066602721810341,1.4185744524002075,0.07090560346841812,1.0386983156204224,22.349769592285156,1267.647399860711,0.00023400120065952972,0.9851531982421875,0.9126538038253784,0.9701882004737854,0.9563632011413574,0.7370243668556213,0.9730979800224304,0.7816319465637207,0.84375,0.1875,0.6232090592384338,0.6910212635993958,1.3722412586212158
6930,0.7777726054191589,1.365448236465454,0.016280418261885643,1.2364606857299805,0.06355932354927063,1.3704986572265625,22.174917221069336,1267.6207520099151,0.00023381417231037758,1.0075523853302002,0.7659325003623962,0.9730871319770813,0.9623063802719116,0.7563332915306091,0.9700126051902771,0.7822076678276062,0.796875,0.234375,0.6550948619842529,0.7450195550918579,0.9965519905090332
6940,0.8529821634292603,1.4868807792663574,0.022648373618721962,1.2693856954574585,0.0823984295129776,1.2900763750076294,22.285022735595703,1267.5951188555096,0.00023362696535017717,1.1805698871612549,1.0919591188430786,0.9663381576538086,0.9573230743408203,0.6398362517356873,0.9611629843711853,0.7326099276542664,0.84375,0.15625,0.5839994549751282,0.6057797074317932,2.2521233558654785
6950,0.810748279094696,1.2942392826080322,0.01975807547569275,1.2985224723815918,0.09345901012420654,1.7719647884368896,22.17290687561035,1267.568244008178,0.0002334395802648347,1.0393080711364746,0.7618659734725952,0.9786667227745056,0.9741371273994446,0.7688087224960327,0.9673290848731995,0.7509481906890869,0.734375,0.296875,0.6921387910842896,0.7889326214790344,1.1250604391098022
6960,0.8560464978218079,1.22943913936615,0.039178986102342606,1.5169461965560913,0.08297013491392136,1.1549534797668457,22.619176864624023,1267.5427797593231,0.00023325201754071867,1.103402853012085,0.8245210647583008,0.979744017124176,0.9838534593582153,0.7300172448158264,0.9670531153678894,0.7330652475357056,0.8125,0.203125,0.6575688123703003,0.730991542339325,1.5532790422439575
6970,0.8288455009460449,1.3254090547561646,0.018051596358418465,1.6299995183944702,0.07558302581310272,1.0977269411087036,22.261211395263672,1267.5167090322468,0.0002330642776646586,1.0868189334869385,0.859911322593689,0.9771593809127808,0.9673243761062622,0.7429556250572205,0.9704822897911072,0.7516512870788574,0.703125,0.328125,0.6406563520431519,0.6835078597068787,1.5171786546707153
6980,0.8338073492050171,1.2161221504211426,0.048923466354608536,1.57801353931427,0.07964956015348434,0.7643159031867981,22.544559478759766,1267.4906366913615,0.000232876361123944,1.1279489994049072,0.9804723262786865,0.9650502800941467,0.9577913284301758,0.7307563424110413,0.9598599076271057,0.7577319741249084,0.890625,0.140625,0.5420528650283813,0.6197835206985474,2.121551752090454
6990,0.7979533076286316,1.1849706172943115,0.019684327766299248,1.5779449939727783,0.07338854670524597,0.8134403824806213,22.32745933532715,1267.4640598985409,0.00023268826840632269,1.0588754415512085,0.86974036693573,0.9823825359344482,0.9798069596290588,0.7758037447929382,0.9771906733512878,0.7749147415161133,0.84375,0.1875,0.6141767501831055,0.6915679574012756,2.242568254470825
7000,0.9794341921806335,1.4825745820999146,0.03754434734582901,1.7308920621871948,0.10592927038669586,1.4477163553237915,22.35835075378418,1267.436916168212,0.00023249999999999999,1.3154785633087158,1.120147705078125,0.9740747213363647,0.9655447602272034,0.7037051916122437,0.9681681394577026,0.7748021483421326,0.765625,0.3125,0.533392608165741,0.5690211653709412,2.084711790084839
7010,0.8935120105743408,1.4657690525054932,0.03771626576781273,1.4262855052947998,0.08194173872470856,2.3645482063293457,22.45113182067871,1267.409171823453,0.00023231155639363705,1.1923801898956299,0.9962271451950073,0.9734988212585449,0.9673842191696167,0.6824018359184265,0.9628406763076782,0.764752984046936,0.8125,0.28125,0.5582124590873718,0.659532904624939,1.0830848217010498
7020,0.7497836351394653,1.2073166370391846,0.007980524562299252,1.4034682512283325,0.08987247198820114,1.107840895652771,22.465744018554688,1267.3821243740877,0.00023212293807634978,1.025592565536499,0.9193629622459412,0.9758427739143372,0.9712928533554077,0.7442219853401184,0.9673402309417725,0.7527010440826416,0.875,0.171875,0.543071985244751,0.6567771434783936,1.401829481124878
7030,0.8300021290779114,1.2027535438537598,0.026247289031744003,1.5750732421875,0.07064361870288849,1.3414117097854614,22.345155715942383,1267.355026733035,0.00023193414553770772,1.1358089447021484,1.0193560123443604,0.9685799479484558,0.9686841368675232,0.7344998121261597,0.9667361974716187,0.750074028968811,0.75,0.28125,0.5374990105628967,0.6254696846008301,1.8860472440719604
7040,0.9050732851028442,1.162962555885315,0.05634761601686478,1.8605877161026,0.07553204149007797,1.0221034288406372,22.488052368164062,1267.3277629797967,0.00023174517926773247,1.1581307649612427,0.8435249328613281,0.979804277420044,0.9789221882820129,0.7689893841743469,0.9683539867401123,0.7717258334159851,0.703125,0.296875,0.70784991979599,0.6906031370162964,1.595838189125061
7050,0.8947411775588989,1.3454556465148926,0.009247231297194958,1.574118733406067,0.06348584592342377,1.0020095109939575,22.13019561767578,1267.3003794551582,0.00023155603975689654,1.1488051414489746,0.8468800783157349,0.9725679755210876,0.967319667339325,0.7420653104782104,0.9647845029830933,0.755888044834137,0.84375,0.171875,0.6295363306999207,0.7358311414718628,1.2343008518218994
7060,0.8605080842971802,1.359830379486084,0.03915420174598694,1.4857230186462402,0.08155353367328644,0.8956003785133362,22.464109420776367,1267.2729098944653,0.00023136672749612223,1.1323838233947754,0.906252384185791,0.9736400842666626,0.9637734293937683,0.7086678147315979,0.9707687497138977,0.7897511124610901,0.8125,0.234375,0.6519455909729004,0.7059438824653625,1.9503278732299805
7070,0.8384716510772705,1.3042575120925903,0.011865622363984585,1.5623250007629395,0.08481407165527344,3.197840452194214,22.546300888061523,1267.2461151412422,0.00023117724297678008,1.1402676105499268,1.0059864521026611,0.9750347137451172,0.9754077792167664,0.7316235303878784,0.9566500186920166,0.7419697046279907,0.609375,0.484375,0.5993935465812683,0.6737377047538757,1.6859254837036133
7080,0.8660603165626526,1.2315762042999268,0.010786237195134163,1.671518325805664,0.087734654545784,1.0509177446365356,22.29434585571289,1267.2203039448957,0.0002309875866906879,1.1598255634307861,0.9792175889015198,0.9852504134178162,0.985258936882019,0.7756211161613464,0.9650513529777527,0.7106958627700806,0.765625,0.25,0.5888846516609192,0.64717036485672,2.6363134384155273
7090,0.8479902148246765,1.1650100946426392,0.01967841014266014,1.64317786693573,0.08216775953769684,0.8230066895484924,22.373689651489258,1267.1941266183749,0.00023079775913010907,1.146730899810791,0.9958022832870483,0.9725173711776733,0.9675502181053162,0.7243944406509399,0.9594699144363403,0.7435616254806519,0.84375,0.171875,0.5637600421905518,0.6081978678703308,1.553604245185852
7100,0.9153016209602356,1.290022850036621,0.01990649662911892,1.6660665273666382,0.08462805300951004,1.2485359907150269,22.294963836669922,1267.1679339136117,0.00023060776078775178,1.187140941619873,0.9061310291290283,0.9817507266998291,0.9827783107757568,0.7812594771385193,0.9636557698249817,0.7650026082992554,0.765625,0.28125,0.6665098071098328,0.653768002986908,2.239943027496338
7110,0.7964146137237549,1.3692471981048584,0.010274301283061504,1.316491961479187,0.07678654044866562,1.0003184080123901,22.352312088012695,1267.1407638198534,0.00023041759215676745,1.0825427770614624,0.9537606239318848,0.9678068161010742,0.9442087411880493,0.6825423240661621,0.972170352935791,0.7914339303970337,0.765625,0.28125,0.6136007905006409,0.7161648273468018,1.5996192693710327
7120,0.9158505201339722,1.2837543487548828,0.028500108048319817,1.7607144117355347,0.0767245963215828,1.028175711631775,22.348955154418945,1267.1131310730593,0.00023022725373074933,1.216752052307129,1.003005027770996,0.9782722592353821,0.9724079966545105,0.7471415400505066,0.9644488096237183,0.7458629012107849,0.734375,0.296875,0.593453049659729,0.5859329104423523,1.6156983375549316
7130,0.8182570338249207,1.005929708480835,0.05783381313085556,1.8219555616378784,0.07509500533342361,0.8038179874420166,22.29515266418457,1267.084829713669,0.00023003674600373153,1.1041529178619385,0.9529863595962524,0.9672567248344421,0.9711753129959106,0.7324853539466858,0.9602519869804382,0.7535619735717773,0.78125,0.234375,0.6234825253486633,0.6190139055252075,2.063568353652954
7140,0.7981289029121399,1.0440565347671509,0.030021455138921738,1.8264234066009521,0.06878941506147385,0.6517152786254883,22.404020309448242,1267.0566319226677,0.0002298460694701876,1.0615465641021729,0.878058671951294,0.9745233654975891,0.9706867337226868,0.7274877429008484,0.9640909433364868,0.7414690852165222,0.8125,0.21875,0.6200990676879883,0.6842308044433594,1.0977972745895386
7150,0.922477126121521,1.2307146787643433,0.02578982524573803,1.7677422761917114,0.08527740836143494,3.1265082359313965,22.364456176757812,1267.0287883291091,0.0002296552246250291,1.2307647466659546,1.027625322341919,0.9752838611602783,0.9798393249511719,0.7838762402534485,0.9616936445236206,0.7380475401878357,0.734375,0.34375,0.5242368578910828,0.6136037111282349,2.18072772026062
7160,0.9083322286605835,1.2818849086761475,0.01961802877485752,1.67284095287323,0.07975969463586807,0.9793732762336731,22.61493682861328,1267.0013066236509,0.00022946421196360465,1.1735615730285645,0.884097695350647,0.9798634648323059,0.9796252250671387,0.7664042711257935,0.9620531797409058,0.7404292225837708,0.765625,0.265625,0.6558077335357666,0.7013522386550903,2.488032579421997
7170,0.8578453660011292,1.3211663961410522,0.04381493851542473,1.5655344724655151,0.08153264969587326,1.1909011602401733,22.419403076171875,1266.9756897576917,0.0002292730319816983,1.1181358098983765,0.8676348328590393,0.9795191884040833,0.9851917624473572,0.7465397119522095,0.9683300256729126,0.7440667152404785,0.75,0.3125,0.643095850944519,0.7389206886291504,1.0527948141098022
7180,0.7752912640571594,1.267547369003296,0.01922350935637951,1.3711811304092407,0.0817577913403511,0.8285243511199951,22.89676284790039,1266.949130705215,0.00022908168517552836,1.032748818397522,0.858191728591919,0.9764860272407532,0.9635144472122192,0.6959890127182007,0.9711399078369141,0.7929867506027222,0.84375,0.1875,0.6887446045875549,0.6966572403907776,1.8202298879623413
7190,0.9081462621688843,1.2818052768707275,0.016444113105535507,1.7599799633026123,0.07094836980104446,1.1781359910964966,22.575931549072266,1266.9225830754008,0.00022889017204174626,1.1794413328170776,0.904316782951355,0.978243350982666,0.9825678467750549,0.785110592842102,0.9606389999389648,0.7339715361595154,0.765625,0.3125,0.5638850331306458,0.6999335885047913,1.227182149887085
7200,0.708411693572998,1.1516526937484741,0.03939363732933998,1.2528131008148193,0.06282909959554672,0.8409973978996277,22.54381561279297,1266.8965533545409,0.00022869849307743505,0.9680485725402832,0.8654561638832092,0.971912682056427,0.9669839143753052,0.7013137936592102,0.9732483625411987,0.7854859232902527,0.9375,0.0625,0.5797199010848999,0.7188500165939331,1.1693923473358154
7210,0.8913223743438721,1.31654953956604,0.021135350689291954,1.8082596063613892,0.08679501712322235,1.0244882106781006,22.997093200683594,1266.869839684051,0.00022850664878010837,1.1526565551757812,0.8711140155792236,0.9806610941886902,0.9770190715789795,0.7696034908294678,0.9612334966659546,0.7238338589668274,0.6875,0.40625,0.6987321972846985,0.6902539730072021,1.2095143795013428
7220,0.9614888429641724,1.5357831716537476,0.02554459124803543,1.6352872848510742,0.0810047909617424,1.0504999160766602,22.983732223510742,1266.8427583265989,0.00022831463964770874,1.258207082748413,0.9890609383583069,0.9812434911727905,0.9721872806549072,0.7181675434112549,0.9654980301856995,0.753882884979248,0.765625,0.25,0.5995961427688599,0.6466159820556641,1.6365790367126465
7230,0.8756833672523499,1.3379302024841309,0.0633009821176529,1.7108027935028076,0.07654915750026703,0.9745399951934814,22.881547927856445,1266.8152850200215,0.00022812246617860674,1.1430315971374512,0.8911607265472412,0.9779625535011292,0.9834816455841064,0.7641661167144775,0.9717280864715576,0.7565158009529114,0.828125,0.171875,0.6779528260231018,0.6805408596992493,1.6233482360839844
7240,0.8167909383773804,1.142045497894287,0.014345657080411911,1.6192103624343872,0.09699250012636185,1.1820809841156006,22.66368293762207,1266.7879495166583,0.00022793012887159926,1.162811517715454,1.1534017324447632,0.9770879149436951,0.9668519496917725,0.7029625177383423,0.9695065021514893,0.7645029425621033,0.71875,0.375,0.5366893410682678,0.5527506470680237,3.105950355529785
7250,0.9130834937095642,1.362827181816101,0.010074165649712086,1.7487390041351318,0.08189073950052261,1.2065712213516235,22.895992279052734,1266.7613128564517,0.00022773762822590873,1.2338457107543945,1.0692073106765747,0.9754961729049683,0.9615615606307983,0.698705792427063,0.9658411741256714,0.7564064860343933,0.796875,0.28125,0.555160641670227,0.5750060677528381,2.113513231277466
7260,0.8326733112335205,1.255311369895935,0.029616761952638626,1.6639403104782104,0.07429931312799454,1.0718613862991333,22.98421287536621,1266.734488036871,0.00022754496474118133,1.0961878299713135,0.8783817291259766,0.9711583256721497,0.9631499648094177,0.67573481798172,0.9654902219772339,0.786739706993103,0.890625,0.125,0.6176618933677673,0.6554364562034607,1.5771217346191406
7270,0.8150153756141663,1.172611951828003,0.007055290509015322,1.4743820428848267,0.07811185717582703,0.8833918571472168,22.726709365844727,1266.7071070256793,0.00022735213891748591,1.13106107711792,1.05348539352417,0.9782165884971619,0.9771904945373535,0.7227351069450378,0.9571958184242249,0.7093847393989563,0.84375,0.171875,0.5233936905860901,0.5854332447052002,2.6281323432922363
7280,0.8825032711029053,1.3362394571304321,0.01570766605436802,1.6111341714859009,0.07576800137758255,0.8175855278968811,23.002979278564453,1266.6805766731354,0.00022715915125531277,1.1675307750701904,0.9500914812088013,0.9814109802246094,0.9789250493049622,0.7684113383293152,0.9677629470825195,0.7245068550109863,0.8125,0.25,0.5243808627128601,0.6095616221427917,1.5731152296066284
7290,0.8316677212715149,1.427996277809143,0.04057980328798294,1.2271431684494019,0.07401047646999359,1.4731872081756592,22.85814666748047,1266.6545245574864,0.0002269660022555722,1.1171927452087402,0.9517502784729004,0.9765625596046448,0.9729365110397339,0.7331678867340088,0.9576749801635742,0.7167083621025085,0.828125,0.21875,0.6188276410102844,0.6840787529945374,1.8480178117752075
7300,0.8580712676048279,1.3701145648956299,0.014496193267405033,1.4620949029922485,0.08026967942714691,2.6980903148651123,22.759544372558594,1266.6321406316154,0.00022677269241959337,1.1272999048233032,0.8974288105964661,0.9710269570350647,0.9556833505630493,0.7008717656135559,0.9755144119262695,0.8006600737571716,0.75,0.28125,0.6319838166236877,0.7123799920082092,1.4361110925674438
7310,0.8281428217887878,1.3876864910125732,0.019277160987257957,1.309752345085144,0.06805579364299774,1.3558497428894043,23.095947265625,1266.6081353067052,0.00022657922224912264,1.0895140171051025,0.8712375164031982,0.976054310798645,0.9685487747192383,0.7066284418106079,0.9708170890808105,0.788087785243988,0.84375,0.171875,0.6122668385505676,0.7270841598510742,0.9583348035812378
7320,0.8804376721382141,1.3919472694396973,0.012282379902899265,1.5643887519836426,0.0807630866765976,0.9220759272575378,22.747249603271484,1266.582852188879,0.00022638559224632282,1.1782498359680176,0.9927071332931519,0.9786550402641296,0.9743701219558716,0.7142733931541443,0.9727745652198792,0.7863004803657532,0.765625,0.265625,0.5718317627906799,0.6405210494995117,2.511596441268921
7330,0.7613861560821533,1.224427580833435,0.015070497058331966,1.3635010719299316,0.06519971042871475,1.0653388500213623,23.256948471069336,1266.5567415224407,0.00022619180291377143,1.031890630722046,0.9016813039779663,0.9750581979751587,0.970276951789856,0.7214248180389404,0.9604365229606628,0.7393338680267334,0.703125,0.3125,0.638422429561615,0.7260472178459167,1.5318549871444702
7340,0.8279823064804077,1.3642420768737793,0.008324963040649891,1.3493468761444092,0.07716942578554153,1.1417258977890015,22.816450119018555,1266.529875007827,0.00022599785475445957,1.088282585144043,0.867667555809021,0.9731393456459045,0.9584346413612366,0.6598949432373047,0.9694653153419495,0.7862797379493713,0.84375,0.171875,0.6771261096000671,0.7126604914665222,1.2762073278427124
7350,0.8804168105125427,1.3888092041015625,0.011684438213706017,1.7024983167648315,0.0835360586643219,1.1640708446502686,22.685997009277344,1266.5032412085689,0.00022580374827179056,1.2193419933319092,1.1297507286071777,0.9815596342086792,0.9847844243049622,0.7472133040428162,0.9659141898155212,0.748585045337677,0.6875,0.34375,0.5217183828353882,0.5728844404220581,2.313936948776245
7360,0.8386729955673218,1.3686591386795044,0.008561164140701294,1.47272527217865,0.0800386294722557,1.0148863792419434,22.5566349029541,1266.477186814113,0.00022560948396957867,1.1404467821121216,1.0059125423431396,0.975509762763977,0.9711112976074219,0.7082061767578125,0.9632594585418701,0.7401960492134094,0.765625,0.296875,0.5580330491065979,0.5988254547119141,1.68772292137146
7370,0.8035305738449097,1.246527075767517,0.019873935729265213,1.4019832611083984,0.08521674573421478,1.5086321830749512,22.662212371826172,1266.4502428129883,0.00022541506235204784,1.079978585243225,0.921493411064148,0.9781690835952759,0.971368134021759,0.7434197664260864,0.9700359106063843,0.7761473655700684,0.859375,0.171875,0.5669866800308228,0.6695663928985596,1.499171495437622
7380,0.8165005445480347,1.403507947921753,0.016395200043916702,1.2428584098815918,0.07189212739467621,1.3644651174545288,22.724618911743164,1266.4233213020773,0.00022522048392383028,1.0868909358978271,0.9013012051582336,0.973203718662262,0.9608351588249207,0.6374661922454834,0.9688478112220764,0.7781388163566589,0.8125,0.234375,0.6344320774078369,0.7361797094345093,1.760204553604126
7390,0.833407461643219,1.315443754196167,0.05452015623450279,1.3998719453811646,0.06393131613731384,1.557995319366455,22.85934829711914,1266.3966861063248,0.00022502574918996517,1.0828533172607422,0.8314862251281738,0.9702692627906799,0.953040361404419,0.7119871973991394,0.9708536863327026,0.7913534045219421,0.84375,0.25,0.6760764718055725,0.7670711874961853,1.7096083164215088
7400,0.7270094156265259,1.2303876876831055,0.010408284142613411,1.237653374671936,0.0768745169043541,1.0219895839691162,23.249000549316406,1266.370802229863,0.00022483085865589758,0.9595818519592285,0.775241494178772,0.9719410538673401,0.9682047367095947,0.7152532935142517,0.9675648808479309,0.7516719698905945,0.796875,0.234375,0.6885600090026855,0.7921428680419922,1.2357134819030762
7410,0.9206911325454712,1.3739458322525024,0.01755603589117527,1.6920313835144043,0.07754221558570862,1.2854994535446167,22.7095890045166,1266.3458088075097,0.00022463581282747668,1.2287137508392334,1.0267422199249268,0.973906934261322,0.9679738879203796,0.7164128422737122,0.9640887975692749,0.7592592835426331,0.75,0.359375,0.5360252261161804,0.6860822439193726,1.746353030204773
7420,0.8172147274017334,1.1651420593261719,0.015140372328460217,1.6228201389312744,0.07192778587341309,0.7997182607650757,22.663663864135742,1266.3199277185001,0.00022444061221095499,1.0848056077957153,0.8919695615768433,0.9804452061653137,0.9761108160018921,0.7204077839851379,0.9650413393974304,0.7633477449417114,0.859375,0.140625,0.6175910830497742,0.6424968242645264,1.7227826118469238
7430,0.8477590680122375,1.2267115116119385,0.03229095786809921,1.5032323598861694,0.0775221660733223,1.4674519300460815,22.73457145690918,1266.293423553636,0.00022424525731298657,1.1416865587234497,0.9797582626342773,0.9792253971099854,0.9725594520568848,0.730384111404419,0.9686270356178284,0.782669723033905,0.734375,0.3125,0.5879459977149963,0.6674746870994568,2.792755603790283
7440,0.852238118648529,1.185445785522461,0.011165032163262367,1.6577662229537964,0.06970212608575821,1.5850588083267212,23.158971786499023,1266.2668965294001,0.00022404974864062617,1.1200807094573975,0.8928084373474121,0.9838976860046387,0.9850175976753235,0.8047124147415161,0.9699649214744568,0.7754510045051575,0.765625,0.265625,0.630101203918457,0.6464254260063171,2.1273996829986572
7450,0.7955032587051392,1.1590447425842285,0.040336642414331436,1.5836673974990845,0.06339940428733826,1.0323951244354248,23.273481369018555,1266.2393805143136,0.00022385408670132735,1.0664576292037964,0.9031811952590942,0.9726417660713196,0.9702158570289612,0.720199704170227,0.9670765399932861,0.7519242167472839,0.78125,0.25,0.5945265889167786,0.7123706340789795,1.8185733556747437
7460,0.9342132210731506,1.3991193771362305,0.018721038475632668,1.738161563873291,0.05887804180383682,1.108258605003357,22.951826095581055,1266.2124901748825,0.00022365827200294182,1.19756281375885,0.8778319358825684,0.971638023853302,0.9642981290817261,0.7200412750244141,0.9611389636993408,0.7590426802635193,0.84375,0.25,0.6067823171615601,0.7229208946228027,1.2750300168991089
7470,0.9169320464134216,1.5319875478744507,0.03795787692070007,1.4868974685668945,0.0761212706565857,1.5222327709197998,23.02013397216797,1266.1853849316014,0.0002234623050537175,1.2048790454864502,0.9598233699798584,0.974620521068573,0.9676368832588196,0.690242350101471,0.9680524468421936,0.748894453048706,0.75,0.328125,0.5795502662658691,0.6927376389503479,1.3655683994293213
7480,0.8825964331626892,1.3758113384246826,0.013562031090259552,1.4702662229537964,0.06948291510343552,1.6287481784820557,22.981853485107422,1266.15969811807,0.00022326618636229765,1.1508185863494873,0.8940739035606384,0.9800395965576172,0.9771806001663208,0.770048975944519,0.9674760103225708,0.7485142350196838,0.734375,0.328125,0.6060627698898315,0.6840428113937378,1.0810155868530273
7490,0.8613929748535156,1.3465009927749634,0.009465155191719532,1.4695971012115479,0.0771898403763771,1.6835088729858398,22.72551155090332,1266.1344044757036,0.0002230699164377194,1.1450062990188599,0.9453778266906738,0.9765937328338623,0.9779074788093567,0.7538213729858398,0.9642224907875061,0.731370210647583,0.734375,0.34375,0.5632054805755615,0.640802264213562,1.766769528388977
7500,0.8043587803840637,1.2261754274368286,0.015020187012851238,1.4380824565887451,0.06772415339946747,1.5679599046707153,23.106184005737305,1266.1083344687968,0.0002228734957894123,1.0584347248077393,0.8469196557998657,0.9772314429283142,0.969235897064209,0.7563647031784058,0.9788935780525208,0.7892705202102661,0.765625,0.28125,0.6107386946678162,0.7264904975891113,1.3041270971298218
7510,0.8364987969398499,1.232075572013855,0.05191100016236305,1.6852405071258545,0.06887710839509964,1.2711795568466187,23.055566787719727,1266.082304872206,0.00022267692492719716,1.1157176494598389,0.9307293891906738,0.9780535697937012,0.9782450199127197,0.7547227144241333,0.9655799865722656,0.7740537524223328,0.734375,0.28125,0.5504369735717773,0.6989645957946777,1.0547082424163818
7520,0.8773260116577148,1.3368701934814453,0.02720947377383709,1.570793628692627,0.07811007648706436,1.0049846172332764,22.940284729003906,1266.056656356518,0.00022248020436128478,1.1491529941558838,0.9060899019241333,0.9799532890319824,0.9844783544540405,0.7764548063278198,0.9657950401306152,0.7406619787216187,0.765625,0.3125,0.6520600914955139,0.7083724141120911,2.767857789993286
7530,0.8859713673591614,1.2671301364898682,0.03156740590929985,1.6487828493118286,0.07364626228809357,1.3179948329925537,22.64612579345703,1266.0308114744844,0.00022228333460227437,1.1724469661712646,0.9549185037612915,0.9811195731163025,0.981717586517334,0.7600393891334534,0.9689393043518066,0.7740784883499146,0.765625,0.234375,0.5695690512657166,0.6115328073501587,1.8321609497070312
7540,0.8154383897781372,1.403717041015625,0.017501255497336388,1.124956727027893,0.0809672400355339,1.255507469177246,22.687692642211914,1266.0045418347875,0.00022208631616115244,1.1189631223678589,1.011749029159546,0.9695848822593689,0.9547407031059265,0.7078415751457214,0.969651997089386,0.7612128257751465,0.8125,0.25,0.5844248533248901,0.6567230820655823,2.3393454551696777
7550,0.8881034255027771,1.2364517450332642,0.03384874761104584,1.6814497709274292,0.09099826961755753,1.4426277875900269,22.972620010375977,1265.9784271935698,0.00022188914954929142,1.1697471141815186,0.9388121366500854,0.9813219904899597,0.983540952205658,0.7679175734519958,0.9679923057556152,0.7493027448654175,0.71875,0.328125,0.6179280281066895,0.6705002188682556,2.0063047409057617
7560,0.9205324053764343,1.4815092086791992,0.044240958988666534,1.6784476041793823,0.07462877780199051,1.1454921960830688,22.78363609313965,1265.9520336365015,0.00022169183527844828,1.1958565711975098,0.9177470803260803,0.9716764092445374,0.9685054421424866,0.6973363757133484,0.9618848562240601,0.7473251223564148,0.796875,0.28125,0.6477932929992676,0.7188172936439514,1.5056341886520386
7570,0.8375303149223328,1.296330213546753,0.03517993912100792,1.6121103763580322,0.06569856405258179,1.4106757640838623,22.907325744628906,1265.926310736113,0.00022149437386076345,1.1057020425796509,0.893905758857727,0.9769971966743469,0.9736208319664001,0.7284203171730042,0.9725332856178284,0.7720493078231812,0.765625,0.28125,0.6298198699951172,0.7201295495033264,1.9789777994155884
7580,0.8762860298156738,1.4147639274597168,0.029713118448853493,1.7201933860778809,0.06958229094743729,1.2071795463562012,22.720346450805664,1265.9002835803062,0.00022129676580875894,1.1520206928253174,0.9191156625747681,0.9708962440490723,0.9566636681556702,0.6841223239898682,0.9680259823799133,0.7766628265380859,0.65625,0.40625,0.6520328521728516,0.7246042490005493,1.0075829029083252
7590,0.8384526371955872,1.3556548357009888,0.018657276406884193,1.5833408832550049,0.07426406443119049,1.1530711650848389,22.989259719848633,1265.8747568752863,0.00022109901163533762,1.109503149986267,0.903501570224762,0.9724113941192627,0.9676932692527771,0.7049628496170044,0.9689536094665527,0.7894736528396606,0.71875,0.296875,0.6210370063781738,0.7278650999069214,1.5980695486068726
7600,0.8968845009803772,1.2237733602523804,0.023788239806890488,1.7571972608566284,0.09541350603103638,1.4478139877319336,22.752487182617188,1265.8481058956434,0.0002209011118537816,1.2036895751953125,1.0226836204528809,0.9828595519065857,0.9758339524269104,0.689940333366394,0.9635442495346069,0.7559967041015625,0.765625,0.25,0.6232303380966187,0.5885706543922424,1.88077974319458
7610,0.772437334060669,1.276339054107666,0.0254367645829916,1.2883579730987549,0.07483674585819244,1.3462045192718506,23.03607177734375,1265.8229981947366,0.0002207030669777508,1.0491905212402344,0.9225103855133057,0.977120041847229,0.9699766635894775,0.7379466891288757,0.9730789065361023,0.7829355597496033,0.796875,0.234375,0.6056300401687622,0.6448684930801392,2.0625407695770264
7620,0.8906406164169312,1.2701362371444702,0.030508458614349365,1.6649231910705566,0.07481304556131363,1.3378465175628662,22.77907943725586,1265.7977334359082,0.00022050487752128185,1.1975947618484497,1.023180365562439,0.9766255021095276,0.9652320146560669,0.711609423160553,0.9666966795921326,0.7585064172744751,0.65625,0.40625,0.5782387256622314,0.6186581254005432,2.087364673614502
7630,0.8274149894714355,1.2850741147994995,0.036903027445077896,1.4232430458068848,0.07796654850244522,1.2801984548568726,23.155385971069336,1265.771909399197,0.00022030654399878658,1.0896482467651367,0.8741106986999512,0.9820433259010315,0.9817122220993042,0.7523915767669678,0.9748472571372986,0.7760274410247803,0.71875,0.34375,0.6267220973968506,0.6835602521896362,1.248831033706665
7640,0.7922539710998535,1.1760740280151367,0.012279728427529335,1.4976682662963867,0.05306154862046242,1.2540353536605835,23.31035041809082,1265.7463144889316,0.00022010806692505087,1.0015699863433838,0.6977198123931885,0.9828400611877441,0.98200923204422,0.7913329005241394,0.9693261981010437,0.7689278721809387,0.890625,0.125,0.6468779444694519,0.7783169150352478,0.7333980202674866
7650,0.9938603043556213,1.3441284894943237,0.05169171094894409,1.9769854545593262,0.08002836257219315,1.893010139465332,22.97576904296875,1265.7207965610048,0.00021990944681523302,1.2541425228118896,0.8676071166992188,0.9795495271682739,0.9741958975791931,0.7293322682380676,0.9688060283660889,0.7678008675575256,0.8125,0.234375,0.6260251998901367,0.6927133798599243,1.6850613355636597
7660,0.7642490267753601,1.0105197429656982,0.011121059767901897,1.584451675415039,0.07215148210525513,0.9075282216072083,22.77008628845215,1265.6953732204677,0.0002197106841848627,1.011829137802124,0.8252670168876648,0.9777205586433411,0.9763336777687073,0.7390985488891602,0.9701285362243652,0.765625,0.84375,0.15625,0.6623481512069702,0.6794025897979736,1.5120527744293213
7670,0.8076813817024231,1.2616076469421387,0.021844808012247086,1.4352142810821533,0.0702594593167305,0.7535496950149536,23.15715217590332,1265.6699906735157,0.00021951177954983948,1.1026911735534668,0.9833661317825317,0.9742658734321594,0.9704028367996216,0.6856390237808228,0.9616108536720276,0.748939573764801,0.828125,0.171875,0.5677608251571655,0.6681345105171204,1.4050215482711792
7680,0.7606216073036194,1.3511790037155151,0.02257549948990345,1.0831552743911743,0.06344125419855118,0.7625150084495544,23.193025588989258,1265.6433724546005,0.00021931273342643153,0.9896227717399597,0.7633371353149414,0.9800142645835876,0.9730677008628845,0.758855402469635,0.9725622534751892,0.7571839094161987,0.796875,0.203125,0.6612147688865662,0.7858911156654358,0.698762059211731
7690,0.7309993505477905,1.1285209655761719,0.02750791236758232,1.4299407005310059,0.05578070506453514,0.8299950957298279,23.52580451965332,1265.6175573797607,0.00021911354633127428,0.959345817565918,0.7611549496650696,0.9801106452941895,0.9750756025314331,0.7081720232963562,0.9708014130592346,0.787194550037384,0.828125,0.171875,0.6935505270957947,0.7540208101272583,0.8334023356437683
7700,0.760866641998291,1.130864143371582,0.016718728467822075,1.6099742650985718,0.0684480294585228,1.0234185457229614,23.23961639404297,1265.591283885076,0.00021891421878136887,0.9924334287643433,0.7718892097473145,0.9779358506202698,0.9779263138771057,0.7482417225837708,0.9750903844833374,0.8028213381767273,0.84375,0.203125,0.6811220645904541,0.7428078651428223,1.5854607820510864
7710,0.7972302436828613,1.253085970878601,0.019696058705449104,1.6931655406951904,0.09469787031412125,1.4238917827606201,23.044029235839844,1265.5646626455818,0.00021871475129408132,1.091123342514038,0.9796438217163086,0.9734193682670593,0.9644275903701782,0.7129301428794861,0.9617228507995605,0.7278226017951965,0.75,0.296875,0.5939552187919617,0.6604037880897522,2.6747488975524902
7720,0.7734051942825317,1.254131555557251,0.048297230154275894,1.2924387454986572,0.07640278339385986,1.3288981914520264,22.885025024414062,1265.5379490558003,0.00021851514438714058,1.001919150352478,0.7617130279541016,0.9752293825149536,0.9748672842979431,0.7386994361877441,0.971889853477478,0.7763893604278564,0.859375,0.203125,0.6688276529312134,0.7621267437934875,0.9946521520614624
7730,0.8673917055130005,1.3938617706298828,0.026078905910253525,1.5092896223068237,0.09964724630117416,1.7246639728546143,22.949691772460938,1265.511916194116,0.00021831539857863764,1.1549592018127441,0.9585583806037903,0.9812870025634766,0.9747994542121887,0.7453030347824097,0.9677742719650269,0.7622442841529846,0.71875,0.375,0.614367663860321,0.6925763487815857,1.2246118783950806
7740,0.8197211623191833,1.2129279375076294,0.030497092753648758,1.7002288103103638,0.07259412854909897,1.0173109769821167,23.263723373413086,1265.4869651298209,0.00021811551438702392,1.0832463502883911,0.8784173727035522,0.9768731594085693,0.9581071138381958,0.6834041476249695,0.9686064124107361,0.7716701626777649,0.796875,0.234375,0.6669597029685974,0.7176666855812073,1.011589765548706
7750,0.762916624546051,1.3134140968322754,0.033143557608127594,1.1995750665664673,0.05572790652513504,1.0331429243087769,23.345922470092773,1265.461284048172,0.0002179154923311101,0.9643739461898804,0.6715242862701416,0.9864906668663025,0.9855086803436279,0.7677091360092163,0.9750093221664429,0.7933474779129028,0.828125,0.21875,0.7141323685646057,0.7846932411193848,0.7627245187759399
7760,0.8877633810043335,1.3973944187164307,0.04044157639145851,1.55168616771698,0.06863008439540863,1.1255303621292114,23.080495834350586,1265.4351665545776,0.0002177153329300647,1.1697512865066528,0.9399595260620117,0.9751596450805664,0.9613418579101562,0.7129842638969421,0.9719080328941345,0.7957683801651001,0.828125,0.1875,0.5696202516555786,0.6644620299339294,0.8935844898223877
7770,0.7439722418785095,1.318457841873169,0.017738722264766693,1.1742668151855469,0.060849979519844055,1.0466145277023315,23.31178092956543,1265.4096973234437,0.00021751503670341255,0.9844821095466614,0.8016995787620544,0.9770300984382629,0.9729270935058594,0.7320143580436707,0.9638000726699829,0.747480571269989,0.828125,0.203125,0.643553614616394,0.7627207636833191,0.655032217502594
7780,0.8174276947975159,1.2808424234390259,0.009621966630220413,1.430759072303772,0.0848652645945549,0.7552797794342041,23.019512176513672,1265.384566679609,0.0002173146041710339,1.1005878448486328,0.9438672065734863,0.9801197648048401,0.9708169102668762,0.7013498544692993,0.9705412983894348,0.7847411632537842,0.78125,0.28125,0.6362147927284241,0.6499339938163757,1.9901341199874878
7790,0.8397518396377563,1.1320006847381592,0.006587592884898186,1.7978206872940063,0.06827451288700104,0.9937847852706909,22.937273025512695,1265.3588912323808,0.00021711403585316256,1.09999418258667,0.8674746751785278,0.9729880094528198,0.974064826965332,0.7784401774406433,0.9694540500640869,0.7696434259414673,0.765625,0.265625,0.6055989265441895,0.6941603422164917,1.4597443342208862
7800,0.850497305393219,1.3618950843811035,0.020146645605564117,1.432061791419983,0.06030314043164253,1.4172159433364868,23.463092803955078,1265.334017981133,0.00021691333227038487,1.1208038330078125,0.9010216593742371,0.9734519720077515,0.9446802139282227,0.6802335977554321,0.9676294922828674,0.7827050685882568,0.71875,0.3125,0.7094575762748718,0.7026065587997437,1.6352237462997437
7810,0.840203583240509,1.2921864986419678,0.03563733771443367,1.4739562273025513,0.0663498193025589,1.0612499713897705,23.4920597076416,1265.3091413052166,0.0002167124939436382,1.1024694442749023,0.8742192983627319,0.9773692488670349,0.9686451554298401,0.7041606307029724,0.968665361404419,0.7703548669815063,0.84375,0.203125,0.6108307242393494,0.6854373812675476,1.9561940431594849
7820,0.744512677192688,1.168871283531189,0.012564873322844505,1.4165641069412231,0.07840227335691452,0.863386869430542,23.19542121887207,1265.285101472325,0.00021651152139420983,1.0233147144317627,0.9293399453163147,0.9762093424797058,0.9738562107086182,0.6706546545028687,0.9575474858283997,0.7578921318054199,0.796875,0.234375,0.632225751876831,0.719576895236969,1.119935393333435
7830,0.9107167720794678,1.4831981658935547,0.0230051651597023,1.341860294342041,0.08298886567354202,0.9246416687965393,23.17707061767578,1265.2603265703658,0.00021631041514373522,1.188934087753296,0.9273911118507385,0.9837192893028259,0.9813929796218872,0.7231270670890808,0.9671614766120911,0.7661964297294617,0.78125,0.21875,0.6046462655067444,0.6477034091949463,1.5121132135391235
7840,0.779105007648468,1.2435882091522217,0.010093770921230316,1.444762110710144,0.06964217871427536,0.8320830464363098,23.394899368286133,1265.2355127468827,0.00021610917571419694,1.05800461769104,0.9296650886535645,0.9768373966217041,0.9715793132781982,0.6852197051048279,0.9658074378967285,0.7738328576087952,0.828125,0.1875,0.6437894105911255,0.6670523881912231,1.8049798011779785
7850,0.7695366740226746,1.3066632747650146,0.03625587001442909,1.2301439046859741,0.07347739487886429,1.050822377204895,22.84284782409668,1265.2096722168935,0.00021590780362792323,1.0373579263687134,0.8927374482154846,0.982893705368042,0.9772548079490662,0.7337559461593628,0.9749794602394104,0.7928715348243713,0.75,0.3125,0.6864292025566101,0.6987249851226807,1.6729505062103271
7860,0.8053037524223328,1.1941255331039429,0.024699535220861435,1.4182437658309937,0.06717948615550995,1.738533616065979,23.191274642944336,1265.1833824914477,0.00021570629940758667,1.0941826105117798,0.9629294872283936,0.9775815010070801,0.969328761100769,0.7404468059539795,0.9693042635917664,0.773816704750061,0.671875,0.390625,0.5453736782073975,0.6725201606750488,1.3492213487625122
7870,0.803242564201355,1.1001648902893066,0.04226066544651985,1.5795297622680664,0.07022539526224136,0.8902934789657593,23.106178283691406,1265.157835298212,0.00021550466357620276,1.0439881086349487,0.8024849891662598,0.9817577600479126,0.9817734360694885,0.7772494554519653,0.9693986773490906,0.7767471075057983,0.859375,0.140625,0.6733400225639343,0.6229060888290405,2.1144614219665527
7880,0.8700651526451111,1.3419381380081177,0.012861831113696098,1.5353105068206787,0.07652398198843002,1.3811640739440918,23.20950698852539,1265.1321697923015,0.00021530289665712857,1.154566764831543,0.9483386874198914,0.9812597036361694,0.984562873840332,0.743009090423584,0.9715743064880371,0.7702435851097107,0.84375,0.171875,0.5054529309272766,0.6365628838539124,1.7547518014907837
7890,0.901215136051178,1.4563891887664795,0.031901173293590546,1.6006498336791992,0.08174088597297668,2.0417726039886475,23.199800491333008,1265.107849437991,0.00021510099917406157,1.1520836353302002,0.8362283706665039,0.9736692905426025,0.9797387719154358,0.7469721436500549,0.9611260890960693,0.7512347102165222,0.734375,0.3125,0.6624932885169983,0.7175873517990112,1.0452641248703003
7900,0.8270552754402161,1.2278578281402588,0.008190032094717026,1.4964773654937744,0.0671481341123581,1.1446106433868408,23.038578033447266,1265.0847074187518,0.00021489897165103796,1.1071991920471191,0.9338129758834839,0.978329598903656,0.9811063408851624,0.7884123921394348,0.9647812843322754,0.7482359409332275,0.703125,0.3125,0.5338940024375916,0.6989416480064392,1.0589079856872559
7910,0.8350239396095276,1.2491754293441772,0.024882640689611435,1.545659065246582,0.07056087255477905,1.1007187366485596,23.183197021484375,1265.0603796071548,0.00021469681461243153,1.1029669046401978,0.8931430578231812,0.9784953594207764,0.9672199487686157,0.7440003752708435,0.972954273223877,0.7873217463493347,0.828125,0.28125,0.6386654376983643,0.6718642115592957,1.723126769065857
7920,0.7668739557266235,1.2526321411132812,0.02227599360048771,1.2095310688018799,0.08540242165327072,1.0885318517684937,23.897281646728516,1265.0359328222992,0.00021449452858295217,1.0411367416381836,0.914209246635437,0.9725931882858276,0.968414306640625,0.7285888195037842,0.9661318063735962,0.7729002237319946,0.90625,0.109375,0.5474941730499268,0.6504359841346741,2.4810950756073
7930,0.9574626088142395,1.45648992061615,0.05628567934036255,1.652936577796936,0.0878063514828682,1.1218950748443604,23.285531997680664,1265.0108346977975,0.0002142921140876447,1.235775113105774,0.9277083873748779,0.9748969674110413,0.9613739252090454,0.6832911372184753,0.9673656821250916,0.7771556973457336,0.703125,0.4375,0.6825655102729797,0.7270172238349915,2.0139811038970947
7940,0.8114427328109741,1.245668649673462,0.018392525613307953,1.5053144693374634,0.06536643207073212,0.7593873143196106,23.610904693603516,1264.9852973697398,0.00021408957165188733,1.1053571701049805,0.979714572429657,0.9771154522895813,0.971781313419342,0.6955262422561646,0.9601755738258362,0.7374733686447144,0.734375,0.34375,0.6291465759277344,0.7025027275085449,2.4155545234680176
7950,0.7538216710090637,1.2623649835586548,0.00940721295773983,1.3066024780273438,0.075071319937706,1.1588478088378906,23.46422004699707,1264.9615435321746,0.00021388690180139025,1.028458595275879,0.9154565334320068,0.9754449725151062,0.9692227244377136,0.7080705165863037,0.9608500599861145,0.7663248777389526,0.78125,0.25,0.6184370517730713,0.6749743819236755,1.3903695344924927
7960,0.8784822821617126,1.3075931072235107,0.03255235776305199,1.625873327255249,0.08830548077821732,1.0500468015670776,23.40282440185547,1264.937928003369,0.00021368410506219447,1.2303111553192139,1.1727626323699951,0.9730924367904663,0.9756906628608704,0.6831600666046143,0.9583362936973572,0.7270233035087585,0.8125,0.3125,0.4821818172931671,0.5827630162239075,1.7426444292068481
7970,0.8469171524047852,1.1377320289611816,0.029885055497288704,1.7042714357376099,0.08089565485715866,1.2030692100524902,23.201677322387695,1264.9135785412643,0.00021348118196067028,1.1586226224899292,1.039018154144287,0.9769365191459656,0.96598881483078,0.7050069570541382,0.9573566913604736,0.7505224347114563,0.765625,0.25,0.6119643449783325,0.651207447052002,2.631646156311035
7980,0.8511930704116821,1.165624976158142,0.024824675172567368,1.751989722251892,0.06925822794437408,0.7823845148086548,23.501773834228516,1264.8885424940615,0.00021327813302351607,1.138916015625,0.9590765237808228,0.9803470969200134,0.9878680109977722,0.7668107151985168,0.9665775299072266,0.7547741532325745,0.78125,0.234375,0.5373612642288208,0.6157636642456055,1.6418282985687256
7990,0.8287810683250427,1.3305591344833374,0.041586101055145264,1.455530047416687,0.08221293240785599,0.7430539131164551,22.942045211791992,1264.8641599344196,0.00021307495877775668,1.118958592414856,0.9672585129737854,0.9766524434089661,0.9702853560447693,0.7134507894515991,0.970629870891571,0.7673830986022949,0.78125,0.296875,0.5733501315116882,0.6206039786338806,1.8177049160003662
8000,0.7232216000556946,1.1949530839920044,0.010162548162043095,1.3350435495376587,0.07566013187170029,1.1185110807418823,23.497474670410156,1264.8390240713736,0.0002128716597507423,0.9973247051239014,0.9136770367622375,0.974371612071991,0.9476036429405212,0.7085195779800415,0.9654616713523865,0.7525296211242676,0.828125,0.1875,0.6479191184043884,0.7102423906326294,1.5203866958618164
8010,0.853487491607666,1.2550970315933228,0.010668426752090454,1.6593536138534546,0.08302699774503708,1.4958592653274536,23.84579849243164,1264.8135080922114,0.000212668236470147,1.1274058818817139,0.913061261177063,0.9793415665626526,0.9835032224655151,0.8104416131973267,0.9665989279747009,0.7477049827575684,0.75,0.34375,0.5808990001678467,0.7016304731369019,1.9233394861221313
8020,0.8006349205970764,1.2816717624664307,0.022131288424134254,1.457029938697815,0.06389056891202927,1.476156234741211,23.814409255981445,1264.787738191635,0.00021246468946396722,1.048046350479126,0.8247045874595642,0.9811275601387024,0.9799190759658813,0.7668989300727844,0.9716848731040955,0.7711038589477539,0.796875,0.3125,0.6617613434791565,0.7675337791442871,1.0538814067840576
8030,0.7128978371620178,1.1788463592529297,0.008659085258841515,1.1749637126922607,0.06608203798532486,0.9147025346755981,23.717845916748047,1264.76256410943,0.00021226101926052074,0.9720653295516968,0.8638916015625,0.9778904914855957,0.9726487994194031,0.7222819328308105,0.969369113445282,0.7830851674079895,0.859375,0.15625,0.5795347690582275,0.6846634745597839,0.987213671207428
8040,0.9509734511375427,1.3418926000595093,0.018443021923303604,1.7638423442840576,0.05910108983516693,0.8316143155097961,23.68994140625,1264.7377206475176,0.00021205722638844505,1.2041443586349487,0.843903124332428,0.978344202041626,0.9708760380744934,0.6922839283943176,0.9694833159446716,0.7778733372688293,0.828125,0.171875,0.6877492070198059,0.6894314289093018,1.4120453596115112
8050,0.9717768430709839,1.6429659128189087,0.023841876536607742,1.2970120906829834,0.07460752874612808,1.0754833221435547,23.329641342163086,1264.7127449333664,0.00021185331137669588,1.2497317790985107,0.9265162944793701,0.9778955578804016,0.9688003063201904,0.725843608379364,0.9678911566734314,0.779318630695343,0.71875,0.390625,0.6313649415969849,0.7272663712501526,2.0271689891815186
8060,0.8537653684616089,1.3318063020706177,0.013964345678687096,1.4269886016845703,0.07890269160270691,1.2174009084701538,23.291791915893555,1264.6872145224363,0.00021164927475454616,1.1560386419296265,1.007577657699585,0.9778491258621216,0.9716941714286804,0.7216162085533142,0.9760706424713135,0.8076801300048828,0.796875,0.234375,0.5768848061561584,0.6035100817680359,2.123474359512329
8070,0.7982429265975952,1.115769863128662,0.05587567016482353,1.629285216331482,0.07354392856359482,1.8590123653411865,23.368770599365234,1264.661444244252,0.00021144511705158437,1.033302903175354,0.7835333347320557,0.9803272485733032,0.9844760894775391,0.7654735445976257,0.9681666493415833,0.7365853786468506,0.6875,0.3125,0.6853999495506287,0.721956729888916,1.378184199333191
8080,0.9320050477981567,1.4398258924484253,0.029511645436286926,1.5199390649795532,0.07339335978031158,1.7173986434936523,23.174291610717773,1264.6368856701422,0.00021124083879771332,1.1876288652420044,0.8520792126655579,0.9799929857254028,0.9808061718940735,0.7559457421302795,0.9637660384178162,0.7394484877586365,0.765625,0.390625,0.6354675889015198,0.7284740209579468,0.9243339896202087
8090,0.7637273073196411,1.3371660709381104,0.034772735089063644,1.1282764673233032,0.07244745641946793,1.0817656517028809,23.74761199951172,1264.6121858178024,0.0002110364405231487,0.997327983379364,0.7786688804626465,0.9767911434173584,0.9606879353523254,0.681830108165741,0.969819188117981,0.8004220724105835,0.8125,0.21875,0.7275292277336121,0.7690889835357666,1.4714186191558838
8100,0.8180842995643616,1.2975980043411255,0.007717234082520008,1.540761947631836,0.07352010160684586,1.0378977060317993,23.39259147644043,1264.5880904999115,0.00021083192275841766,1.084296703338623,0.8873748183250427,0.9776418805122375,0.9785656929016113,0.7094560265541077,0.9637196063995361,0.7549407482147217,0.796875,0.265625,0.630571722984314,0.6864205598831177,1.4079158306121826
8110,0.8184267282485962,1.2884413003921509,0.038983602076768875,1.4573402404785156,0.07509906589984894,1.3838531970977783,23.854156494140625,1264.5635341119746,0.00021062728603435754,1.105860948562622,0.9581137895584106,0.9755904078483582,0.9679341316223145,0.7378807067871094,0.9705801606178284,0.7821813821792603,0.90625,0.140625,0.5961245894432068,0.6221579313278198,2.603003978729248
8120,0.7995039224624634,1.1532269716262817,0.022053148597478867,1.6725696325302124,0.06902430951595306,1.2584940195083618,23.233169555664062,1264.5387021877416,0.00021042253088211454,1.0411356687545776,0.8054391145706177,0.9737678170204163,0.9711414575576782,0.7442221641540527,0.9662533402442932,0.7741585373878479,0.859375,0.171875,0.6884372234344482,0.7259405255317688,1.0358601808547974
8130,0.8879075050354004,1.4721829891204834,0.03430553898215294,1.456756353378296,0.07537554949522018,1.1200149059295654,23.556596755981445,1264.5135997314674,0.00021021765783314203,1.1969294548034668,1.0300731658935547,0.9743978381156921,0.9538965225219727,0.6751315593719482,0.9673129320144653,0.7928945422172546,0.734375,0.359375,0.5837500691413879,0.6480419635772705,1.3802469968795776
8140,0.7504875659942627,1.1942378282546997,0.010604936629533768,1.3273009061813354,0.06544450670480728,0.8130934238433838,23.629108428955078,1264.488188567857,0.0002100126674191996,1.0301012992858887,0.9320459365844727,0.9729200005531311,0.9709064364433289,0.7249717116355896,0.9690707325935364,0.7645851969718933,0.796875,0.203125,0.552154541015625,0.6723451614379883,1.483557939529419
8150,0.7698134779930115,1.1694670915603638,0.045004528015851974,1.5843597650527954,0.05174896866083145,0.9438314437866211,23.037395477294922,1264.463521187548,0.0002098075601723513,0.997704029083252,0.7596351504325867,0.9713308215141296,0.9665992259979248,0.6975103616714478,0.9688512682914734,0.7734628319740295,0.84375,0.171875,0.7036424875259399,0.7947458624839783,0.9135221838951111
8160,0.8776369094848633,1.3726966381072998,0.02724449336528778,1.5668487548828125,0.07257754355669022,1.636110782623291,23.448719024658203,1264.439058772012,0.00020960233662496464,1.1528005599975586,0.9172118902206421,0.9755162596702576,0.9592314958572388,0.7244362235069275,0.9691482186317444,0.7923513054847717,0.875,0.171875,0.6182218790054321,0.6486610174179077,1.2817031145095825
8170,0.8184887766838074,1.401138424873352,0.005699478089809418,1.4613802433013916,0.08094074577093124,1.4488133192062378,23.69569969177246,1264.4151562850448,0.00020939699730970873,1.0915610790252686,0.9102410674095154,0.9722952842712402,0.9626768231391907,0.7329444289207458,0.9735987782478333,0.7897371649742126,0.75,0.3125,0.6129787564277649,0.7253243923187256,1.294485092163086
8180,0.7997865676879883,1.213096022605896,0.01837800443172455,1.5444804430007935,0.07777547836303711,1.0038487911224365,23.35959815979004,1264.3916785140455,0.00020919154275955332,1.0805022716522217,0.9357188940048218,0.9773281216621399,0.9769600629806519,0.771273672580719,0.9602903127670288,0.727596640586853,0.796875,0.234375,0.53775554895401,0.6536415219306946,1.5510728359222412
8190,0.8786017894744873,1.3716458082199097,0.051288969814777374,1.4728498458862305,0.08077162504196167,1.22677481174469,23.966039657592773,1264.367501863698,0.0002089859735077673,1.126930594444275,0.8277624845504761,0.9759407639503479,0.9634910225868225,0.6973239779472351,0.9648589491844177,0.7713513970375061,0.734375,0.4375,0.7049705982208252,0.7865021824836731,1.0121968984603882
8200,0.7727875113487244,1.095710039138794,0.03788566216826439,1.6065620183944702,0.07575830817222595,0.9543599486351013,23.154991149902344,1264.344227791745,0.00020878029008791716,1.0242974758148193,0.8383665680885315,0.9721547365188599,0.9689967632293701,0.7468153238296509,0.9610913395881653,0.7598752379417419,0.8125,0.234375,0.6399809122085571,0.7196148633956909,1.2219330072402954
8210,0.7143058776855469,1.1659910678863525,0.021262142807245255,1.370840072631836,0.06259789317846298,0.9317381381988525,23.38233184814453,1264.3193482983118,0.00020857449303386574,0.9656738042831421,0.8378930687904358,0.9723718166351318,0.9611322283744812,0.7118010520935059,0.968490481376648,0.78341144323349,0.828125,0.203125,0.6486387848854065,0.7595784664154053,0.7290111184120178
8220,0.8210640549659729,1.256449580192566,0.03825381025671959,1.4282171726226807,0.06985445320606232,1.8204171657562256,23.39791488647461,1264.2949397965288,0.00020836858287977088,1.0867865085601807,0.8857412338256836,0.9760371446609497,0.9697458744049072,0.7227827310562134,0.9636954665184021,0.775438666343689,0.671875,0.390625,0.6912079453468323,0.737745463848114,1.0858172178268433
8230,0.8080277442932129,1.19350266456604,0.04501864314079285,1.5384961366653442,0.09111436456441879,1.137302041053772,23.105682373046875,1264.2704456842089,0.00020816256016008394,1.114292860031128,1.0208837985992432,0.971724808216095,0.9689276218414307,0.6991592049598694,0.9666678309440613,0.7616519331932068,0.78125,0.28125,0.6481983065605164,0.6306990385055542,2.152276039123535
8240,0.922339677810669,1.313620924949646,0.03836793079972267,1.780502438545227,0.09682726114988327,1.3924732208251953,23.717937469482422,1264.2459437087305,0.00020795642540954846,1.21199631690979,0.9655219316482544,0.9793954491615295,0.9758243560791016,0.736103892326355,0.9654224514961243,0.7466588020324707,0.734375,0.328125,0.6042121052742004,0.6452499032020569,1.2237797975540161
8250,0.8213695883750916,1.3775427341461182,0.008415836840867996,1.1919857263565063,0.08230350911617279,1.0158448219299316,23.56372833251953,1264.2209999305635,0.0002077501791631988,1.070481538772583,0.830373227596283,0.9794741868972778,0.9751083850860596,0.739302933216095,0.9669057726860046,0.7584304213523865,0.796875,0.4375,0.7005795836448669,0.804137647151947,1.0996291637420654
8260,0.8585341572761536,1.4571270942687988,0.026796508580446243,1.3721040487289429,0.07749036699533463,0.7821863889694214,23.303821563720703,1264.19714231252,0.00020754382195635858,1.1778576374053955,1.0644114017486572,0.9766137003898621,0.9659213423728943,0.6885161399841309,0.9730491042137146,0.802926242351532,0.75,0.265625,0.5180851221084595,0.6265822649002075,1.7315690517425537
8270,0.8282743692398071,1.2072257995605469,0.019988570362329483,1.5115450620651245,0.09426841884851456,0.8952462673187256,23.2369441986084,1264.173572799174,0.00020733735432463957,1.1045753955841064,0.9210032820701599,0.9779301285743713,0.9745644330978394,0.7434595823287964,0.9672308564186096,0.7583479881286621,0.859375,0.21875,0.6599896550178528,0.6147966980934143,1.8238352537155151
8280,0.8173043131828308,1.3878540992736816,0.013864218257367611,1.3318825960159302,0.0732092410326004,1.0777727365493774,23.245651245117188,1264.1496070447054,0.00020713077680394013,1.072750210762024,0.851486325263977,0.9806530475616455,0.9776250123977661,0.7507659196853638,0.9711836576461792,0.8001778721809387,0.8125,0.296875,0.6368131041526794,0.6729851365089417,1.6623923778533936
8290,0.831272542476654,1.1656428575515747,0.012410182505846024,1.7909964323043823,0.0712558701634407,1.2460460662841797,23.366403579711914,1264.1249369032707,0.00020692408993044375,1.0907031297683716,0.8647684454917908,0.9766011238098145,0.9669289588928223,0.7002043128013611,0.969537615776062,0.7895934581756592,0.828125,0.1875,0.6165390610694885,0.7002137899398804,1.9322044849395752
8300,0.8444183468818665,1.261639952659607,0.010952787473797798,1.6744636297225952,0.08013564348220825,0.8569501638412476,23.801074981689453,1264.1005313660776,0.00020671729424061788,1.1270723342895508,0.9421797394752502,0.9829623699188232,0.9806191325187683,0.7370400428771973,0.9656143188476562,0.7649959325790405,0.8125,0.25,0.6107257008552551,0.64906907081604,1.5309189558029175
8310,0.8384450078010559,1.1605385541915894,0.014000085182487965,1.8253130912780762,0.07269500941038132,1.4296127557754517,23.94514274597168,1264.0759703624099,0.0002065103902712123,1.1006355285644531,0.8739684224128723,0.9709694981575012,0.967192530632019,0.753934383392334,0.9638639092445374,0.7572870254516602,0.796875,0.203125,0.6422791481018066,0.6572694182395935,1.7953460216522217
8320,0.8410667777061462,1.211633324623108,0.011859134770929813,1.3999500274658203,0.06147673726081848,1.7417454719543457,23.313133239746094,1264.0525842943066,0.00020630337855925794,1.0995054244995117,0.8614623546600342,0.9797788858413696,0.9814169406890869,0.7628622651100159,0.966233491897583,0.752937912940979,0.765625,0.265625,0.6077612042427063,0.7063294649124146,1.5994255542755127
8330,0.8655149340629578,1.2727277278900146,0.03407774493098259,1.6795873641967773,0.07035326212644577,1.1342812776565552,23.63203239440918,1264.0278509886132,0.0002060962596420653,1.143426537513733,0.9263719320297241,0.9811424612998962,0.9679352045059204,0.7088223695755005,0.9737330079078674,0.7884302735328674,0.8125,0.203125,0.591285765171051,0.6849676966667175,1.1221672296524048
8340,0.767771303653717,1.2593899965286255,0.013615989126265049,1.2184703350067139,0.06594958156347275,0.8051853179931641,23.59990119934082,1264.004046861729,0.00020588903405722303,1.0025615692138672,0.7826341390609741,0.9772962927818298,0.9709774851799011,0.7335764765739441,0.9708198308944702,0.7598376274108887,0.828125,0.1875,0.6691439747810364,0.7451136112213135,1.4916430711746216
8350,0.8167538046836853,1.3588521480560303,0.020826876163482666,1.225269079208374,0.07242251932621002,1.3430202007293701,23.94794273376465,1263.9803582295783,0.00020568170234259693,1.0474743843078613,0.769068717956543,0.9775698184967041,0.9795417189598083,0.7440440654754639,0.962373673915863,0.753907322883606,0.796875,0.25,0.6731736063957214,0.7654649019241333,0.7015421390533447
8360,0.7866795063018799,1.333625316619873,0.05411844328045845,1.129683256149292,0.07710601389408112,1.040820837020874,23.662622451782227,1263.956631811108,0.00020547426503632812,1.0498707294464111,0.8773041367530823,0.9807361960411072,0.9677093625068665,0.7117505669593811,0.975433349609375,0.7958845496177673,0.796875,0.265625,0.6642605662345886,0.7307612895965576,1.8457136154174805
8370,0.7562505602836609,1.2925463914871216,0.009886194951832294,1.1758005619049072,0.09189525991678238,0.946769118309021,23.818973541259766,1263.932823978979,0.00020526672267683164,1.0350098609924316,0.9291975498199463,0.9774933457374573,0.961405873298645,0.7079783082008362,0.9783985614776611,0.814653754234314,0.734375,0.28125,0.6379799842834473,0.712300181388855,1.4600664377212524
8380,0.805208683013916,1.240984320640564,0.06517989188432693,1.4237209558486938,0.07495458424091339,0.9554163217544556,23.713621139526367,1263.908598579832,0.00020505907580279539,1.059083342552185,0.8462488651275635,0.9769793748855591,0.9659707546234131,0.6823586225509644,0.9722628593444824,0.7966967225074768,0.765625,0.296875,0.7176307439804077,0.7107608318328857,1.3881813287734985
8390,0.8238808512687683,1.229313611984253,0.012507661245763302,1.6680127382278442,0.08286066353321075,1.814178466796875,23.581552505493164,1263.885259816749,0.00020485132495317858,1.1068341732025146,0.9431777596473694,0.9777754545211792,0.9654580950737,0.7547839879989624,0.9705588817596436,0.7790214419364929,0.78125,0.3125,0.5927063822746277,0.6669536232948303,1.5031851530075073
8400,0.7668982148170471,1.1481298208236694,0.011567763984203339,1.5636184215545654,0.06917813420295715,0.9357666969299316,23.26288414001465,1263.86213021518,0.00020464347066721016,1.0398719310760498,0.9099124670028687,0.9833976030349731,0.9849433302879333,0.7463950514793396,0.9678129553794861,0.7700348496437073,0.859375,0.15625,0.6013542413711548,0.6234360933303833,1.60103440284729
8410,0.8427854776382446,1.1747939586639404,0.060574620962142944,1.7034525871276855,0.05600802227854729,1.040669322013855,23.662445068359375,1263.838608241746,0.0002044355134843875,1.0502614974975586,0.6915866732597351,0.9797875881195068,0.98270583152771,0.8048688769340515,0.9694742560386658,0.7503359913825989,0.828125,0.203125,0.6580120921134949,0.7752785682678223,0.6093183755874634
8420,0.8121793270111084,1.0685380697250366,0.010623067617416382,1.6919269561767578,0.06969079375267029,0.7580938935279846,23.58220100402832,1263.814201281041,0.0002042274539444753,1.0841600894927979,0.9066025614738464,0.9821608066558838,0.9851382970809937,0.7698624134063721,0.9649213552474976,0.7336165308952332,0.765625,0.25,0.6320255398750305,0.6675687432289124,2.393775224685669
8430,0.8314294815063477,1.2141878604888916,0.053100526332855225,1.4107671976089478,0.05465897172689438,0.9712931513786316,23.5289249420166,1263.7907979282586,0.00020401929258750365,1.0975651741027832,0.8871188759803772,0.9726095199584961,0.9675365686416626,0.7048551440238953,0.9704580307006836,0.7904328107833862,0.828125,0.203125,0.6016891598701477,0.7044400572776794,1.9798017740249634
8440,0.8848530054092407,1.328449010848999,0.04719054326415062,1.3760604858398438,0.06874512881040573,1.1464611291885376,24.421939849853516,1263.7668383631249,0.00020381102995376715,1.1454566717147827,0.868678867816925,0.9737222194671631,0.9641573429107666,0.7233134508132935,0.964023768901825,0.7545839548110962,0.765625,0.296875,0.6392038464546204,0.6844968795776367,1.2806501388549805
8450,0.7502877116203308,1.2426156997680664,0.019853951409459114,1.314528465270996,0.06161947175860405,0.8431220650672913,23.9271240234375,1263.7437574394314,0.00020360266658382302,1.0041804313659668,0.8463090062141418,0.9728266596794128,0.9661744832992554,0.6950633525848389,0.9609139561653137,0.753882646560669,0.859375,0.171875,0.5872989892959595,0.7246562242507935,1.1065274477005005
8460,0.8047123551368713,1.091375708580017,0.013405663892626762,1.5037108659744263,0.08244816958904266,1.4165973663330078,23.76793098449707,1263.720635251464,0.0002033942030184902,1.079306960105896,0.9153153896331787,0.9775604605674744,0.9768867492675781,0.7359415292739868,0.9679551720619202,0.747930109500885,0.84375,0.171875,0.5734232068061829,0.6834619641304016,2.2158355712890625
8470,0.8381986021995544,1.2499159574508667,0.026471151039004326,1.6322318315505981,0.07674446702003479,1.1473233699798584,23.90286636352539,1263.6969868253657,0.00020318563979884762,1.146700143814087,1.0283381938934326,0.97242271900177,0.967908501625061,0.6912822127342224,0.9705012440681458,0.7837441563606262,0.734375,0.265625,0.5382660627365112,0.6160294413566589,2.3511321544647217
8480,0.8553704619407654,1.228277325630188,0.006332687102258205,1.5831034183502197,0.07759969681501389,1.0945606231689453,23.708044052124023,1263.67348569344,0.0002029769774662327,1.1227718591690063,0.8913379311561584,0.9844202995300293,0.9784315228462219,0.7447078227996826,0.9681084752082825,0.7678045630455017,0.734375,0.296875,0.6022875308990479,0.6935275793075562,1.6719180345535278
8490,0.9181340336799622,1.3646794557571411,0.012041334062814713,1.5675346851348877,0.0722898468375206,0.9987925887107849,24.31829261779785,1263.6500126308183,0.0002027682165622403,1.2167367935180664,0.9953425526618958,0.9798650741577148,0.9784782528877258,0.7634866237640381,0.9641449451446533,0.7541370987892151,0.78125,0.25,0.531519889831543,0.6430539488792419,1.8484879732131958
8500,0.7598503828048706,1.139527678489685,0.06543739140033722,1.3606882095336914,0.06439785659313202,1.2360583543777466,23.8287296295166,1263.62712901054,0.0002025593576287211,1.050260305404663,0.9680330753326416,0.9717722535133362,0.9691977500915527,0.7278358936309814,0.9658713936805725,0.7775660753250122,0.859375,0.140625,0.5146012306213379,0.6442436575889587,2.1350674629211426
8510,0.8235244750976562,1.2325265407562256,0.01433225441724062,1.5100672245025635,0.07394292205572128,1.4892765283584595,24.035476684570312,1263.603861252486,0.00020235040120778015,1.0941941738128662,0.9022321701049805,0.97100430727005,0.9757063984870911,0.7445825934410095,0.9608875513076782,0.7391793131828308,0.703125,0.296875,0.5758909583091736,0.6817989945411682,1.3687591552734375
8520,0.7736235857009888,1.1074144840240479,0.008482977747917175,1.5340019464492798,0.09339429438114166,1.1826251745224,24.08268165588379,1263.581524762209,0.00020214134784177557,1.0695600509643555,0.986454963684082,0.9795685410499573,0.9680997133255005,0.7039222717285156,0.9720120429992676,0.7866666316986084,0.734375,0.328125,0.663845956325531,0.6312843561172485,1.992432951927185
8530,0.798028290271759,1.1711159944534302,0.029785599559545517,1.6601550579071045,0.07238608598709106,1.3352971076965332,23.970197677612305,1263.5577930279603,0.0002019321980733171,1.0794864892959595,0.9381939768791199,0.9783824682235718,0.9823080897331238,0.7424826622009277,0.9680241942405701,0.7401774525642395,0.796875,0.21875,0.5661168098449707,0.6549858450889587,1.3952174186706543
8540,0.7720742225646973,1.159291386604309,0.028714966028928757,1.5296226739883423,0.07441161572933197,0.7698313593864441,23.844255447387695,1263.5334585142614,0.00020172295244526476,1.042627215385437,0.9018433690071106,0.9710627794265747,0.9520936012268066,0.7010666728019714,0.9670329689979553,0.7667238116264343,0.828125,0.203125,0.5461363196372986,0.6678448915481567,0.9815566539764404
8550,0.8996116518974304,1.4245632886886597,0.01597665436565876,1.649684190750122,0.07680763304233551,0.9623650312423706,23.83354377746582,1263.5097191548882,0.0002015136115007273,1.1877527236938477,0.96047043800354,0.977454662322998,0.9700579047203064,0.6884470582008362,0.969239354133606,0.777876079082489,0.796875,0.234375,0.5928252339363098,0.6662365198135376,1.9631359577178955
8560,0.8782762885093689,1.3042434453964233,0.0282057523727417,1.5548115968704224,0.08247988671064377,1.6221283674240112,23.8509464263916,1263.4857618286292,0.00020130417578306082,1.1669917106628418,0.9623848795890808,0.976449728012085,0.9656058549880981,0.7286873459815979,0.9664126038551331,0.790597140789032,0.703125,0.3125,0.6150662302970886,0.6762983202934265,1.4402694702148438
8570,0.8340394496917725,1.37220299243927,0.011990857310593128,1.4200955629348755,0.06841863691806793,1.220270037651062,24.239784240722656,1263.4629007172034,0.00020109464583586764,1.105358600616455,0.9043973088264465,0.97687166929245,0.9667229056358337,0.7173808217048645,0.9700784087181091,0.7718446254730225,0.65625,0.375,0.6593117713928223,0.7744875550270081,1.0860847234725952
8580,0.7295655608177185,1.0838898420333862,0.03486796095967293,1.4494376182556152,0.06585503369569778,0.9772684574127197,23.591022491455078,1263.4395334102821,0.00020088502220299442,0.9946936964988708,0.883760392665863,0.9746490120887756,0.9588925242424011,0.6642214059829712,0.968920886516571,0.8091728091239929,0.859375,0.15625,0.6405305862426758,0.7319998741149902,1.1851695775985718
8590,0.7740581035614014,1.2539072036743164,0.06109930947422981,1.3918794393539429,0.07912627607584,0.9069725871086121,23.712392807006836,1263.4150358983793,0.00020067530542853103,1.0376091003417969,0.8785035014152527,0.9762255549430847,0.9722694754600525,0.7156862616539001,0.9686626195907593,0.7776166796684265,0.828125,0.1875,0.6345981955528259,0.6877445578575134,1.5458705425262451
8600,0.8874094486236572,1.3918524980545044,0.027062496170401573,1.3641239404678345,0.07901468873023987,1.66209077835083,24.37529754638672,1263.3910659938847,0.00020046549605680922,1.1551827192306519,0.8925774097442627,0.981992244720459,0.9748204946517944,0.7373408675193787,0.972407877445221,0.7835843563079834,0.734375,0.328125,0.6216323971748352,0.7096071243286133,1.3717501163482666
8610,0.8136335015296936,1.2896848917007446,0.009804857894778252,1.4856719970703125,0.07168568670749664,1.7321157455444336,23.89708709716797,1263.3675104178662,0.00020025559463240095,1.1069188117980957,0.9776174426078796,0.9805445075035095,0.975791871547699,0.7159988284111023,0.969964325428009,0.7728960514068604,0.765625,0.265625,0.5501232147216797,0.677912712097168,0.893110454082489
8620,0.7904612421989441,1.1551998853683472,0.010099034756422043,1.644029974937439,0.058890532702207565,0.6366223096847534,24.040525436401367,1263.3439764215823,0.00020004560170011713,1.0329208374023438,0.8081988096237183,0.9785162210464478,0.9700461030006409,0.7435422539710999,0.9662152528762817,0.7940085530281067,0.890625,0.109375,0.5932564735412598,0.7174080610275269,1.3166923522949219
8630,0.7876836657524109,1.1505402326583862,0.017527366057038307,1.4803006649017334,0.0662032961845398,0.9217720031738281,23.9874267578125,1263.3198569797491,0.00019983551780500622,1.0453730821609497,0.8589645624160767,0.9832800030708313,0.9795218110084534,0.7458804249763489,0.974750280380249,0.7960000038146973,0.875,0.125,0.5544070601463318,0.6954425573348999,1.0296199321746826
8640,0.7673600316047668,1.2358036041259766,0.009744321927428246,1.2706055641174316,0.08147096633911133,0.9873148202896118,23.944002151489258,1263.2960456418332,0.00019962534349235282,1.0386406183242798,0.9042685031890869,0.9740291237831116,0.9629541635513306,0.6952241659164429,0.9672514200210571,0.7580217719078064,0.8125,0.234375,0.5534552335739136,0.6886618137359619,1.8978829383850098
8650,0.879641056060791,1.2823400497436523,0.02151959389448166,1.6153532266616821,0.06691448390483856,1.4489840269088745,23.907196044921875,1263.2731118819975,0.00019941507930767605,1.1567169427871704,0.9235861301422119,0.9788156151771545,0.9822099804878235,0.7683799266815186,0.9706981182098389,0.7832210659980774,0.796875,0.296875,0.5503963828086853,0.6664706468582153,1.488895058631897
8660,0.9424825310707092,1.3253397941589355,0.014259353280067444,1.805833101272583,0.06644488126039505,1.8791660070419312,24.17803955078125,1263.250366658454,0.00019920472579672854,1.1826653480529785,0.8006094098091125,0.9805163145065308,0.9786749482154846,0.7184404134750366,0.9662502408027649,0.7585701942443848,0.78125,0.25,0.7058911919593811,0.7200893759727478,1.2427754402160645
8670,0.8544082641601562,1.5001680850982666,0.014495485462248325,1.3857765197753906,0.0791543573141098,1.0644924640655518,23.797056198120117,1263.2278730902444,0.00019899428350549455,1.129238486289978,0.9161006808280945,0.9779066443443298,0.9622585773468018,0.621577799320221,0.9696151614189148,0.801735520362854,0.8125,0.1875,0.6755996346473694,0.7037128806114197,2.1178829669952393
8680,0.8436166644096375,1.2207777500152588,0.03312681242823601,1.5790884494781494,0.064588263630867,1.171419382095337,24.029321670532227,1263.2050345857454,0.0001987837529801889,1.1151893138885498,0.9052422046661377,0.9770553112030029,0.9690455794334412,0.721383810043335,0.9714690446853638,0.7766323089599609,0.828125,0.21875,0.536281943321228,0.7147599458694458,1.1775140762329102
8690,0.8105777502059937,1.2445058822631836,0.01514640636742115,1.5804424285888672,0.06871958076953888,1.2032301425933838,24.358304977416992,1263.1821204871067,0.0001985731347672554,1.0707018375396729,0.8670803308486938,0.9725158214569092,0.9579905271530151,0.6910476088523865,0.961786150932312,0.7476125359535217,0.78125,0.28125,0.6385602951049805,0.7007642984390259,1.294600486755371
8700,0.7364227771759033,1.1868256330490112,0.02274736389517784,1.1853408813476562,0.058929961174726486,1.0640302896499634,24.730487823486328,1263.1591789908805,0.00019836242941336538,0.9647762775421143,0.7611782550811768,0.9761097431182861,0.9702309370040894,0.7298612594604492,0.9692876935005188,0.7719144225120544,0.859375,0.15625,0.6778767704963684,0.7877360582351685,0.9235682487487793
8710,0.8322633504867554,1.365402102470398,0.009199890308082104,1.2280869483947754,0.09271463006734848,1.3908989429473877,24.338804244995117,1263.1359102575702,0.0001981516374654165,1.1074649095535278,0.9173386096954346,0.9807502627372742,0.9742582440376282,0.7647212147712708,0.9634445905685425,0.7431219220161438,0.890625,0.234375,0.6357238292694092,0.6797630786895752,1.6305903196334839
8720,0.8405014276504517,1.3869267702102661,0.025067193433642387,1.1762027740478516,0.08333834260702133,1.0725457668304443,24.12353515625,1263.1122386998481,0.00019794075947053103,1.1446694135665894,1.0138931274414062,0.9780718684196472,0.9665294885635376,0.70794278383255,0.9620844721794128,0.760288655757904,0.8125,0.3125,0.5722362399101257,0.6266860365867615,2.065741539001465
8730,0.9202841520309448,1.3049196004867554,0.04972989484667778,1.692646861076355,0.061692867428064346,1.2714773416519165,24.940425872802734,1263.08838016718,0.0001977297959760547,1.1924546957015991,0.9072352051734924,0.9810972809791565,0.9771451950073242,0.7397286891937256,0.9654335975646973,0.7497724890708923,0.734375,0.328125,0.6125543117523193,0.728079617023468,0.9631106853485107
8740,0.8011074662208557,1.1539015769958496,0.013272006064653397,1.7434979677200317,0.05968647822737694,0.8450239300727844,24.538606643676758,1263.0650581393868,0.00019751874752955512,1.0420854091644287,0.8032599687576294,0.9799088835716248,0.9734036922454834,0.7302857041358948,0.9633609056472778,0.7651304602622986,0.78125,0.21875,0.6827743053436279,0.7660383582115173,0.9765368700027466
8750,0.8221673369407654,1.2944550514221191,0.008730362169444561,1.2707421779632568,0.06988798081874847,0.7761617302894592,24.22715950012207,1263.0419236184182,0.0001973076146788203,1.1130421161651611,0.9695824980735779,0.9767897725105286,0.9743660688400269,0.7387404441833496,0.9653498530387878,0.7660802006721497,0.78125,0.265625,0.5191402435302734,0.6826644539833069,1.4910056591033936
8760,0.7014683485031128,1.117451548576355,0.01931535266339779,1.2938473224639893,0.06912010908126831,0.9181064963340759,24.62417221069336,1263.0190218406842,0.00019709639797185744,0.9557288885116577,0.8475351929664612,0.984100878238678,0.9795424342155457,0.7736825942993164,0.9662505984306335,0.7505931258201599,0.84375,0.171875,0.5805639624595642,0.6907467842102051,1.1810194253921509
8770,0.9495419859886169,1.4336351156234741,0.039201363921165466,1.4828604459762573,0.09401468932628632,0.9452242851257324,24.638324737548828,1262.9957375687811,0.00019688509795689146,1.2402914762496948,0.9691649675369263,0.9783979058265686,0.9788702726364136,0.7344896793365479,0.9619227051734924,0.7305025458335876,0.703125,0.34375,0.6387170553207397,0.6309298872947693,2.2317821979522705
8780,0.8433447480201721,1.3205478191375732,0.029806558042764664,1.4866106510162354,0.08066444844007492,1.3765653371810913,24.788610458374023,1262.9722859178128,0.00019667371518236322,1.109967827796936,0.8887436389923096,0.980048418045044,0.9754312038421631,0.6822581887245178,0.9568353295326233,0.7610771656036377,0.796875,0.296875,0.657188355922699,0.7013811469078064,1.631856083869934
8790,0.821248471736908,1.3150179386138916,0.016811834648251534,1.4545809030532837,0.0626174658536911,1.231805443763733,24.51244354248047,1262.949238155615,0.00019646225019692877,1.106654167175293,0.9513522982597351,0.9772830605506897,0.9689713716506958,0.6964378952980042,0.9709215760231018,0.7712798118591309,0.765625,0.25,0.5608298182487488,0.6922330856323242,0.863965630531311
8800,0.7299315333366394,1.1741306781768799,0.027639945968985558,1.273425579071045,0.06686680763959885,1.0390448570251465,24.314773559570312,1262.9255631818176,0.0001962507035494573,0.9923976063728333,0.8748868703842163,0.9834045767784119,0.9830508828163147,0.7401268482208252,0.9714910387992859,0.7541937232017517,0.765625,0.265625,0.6340243220329285,0.6651644110679626,1.1044760942459106
8810,0.8979218602180481,1.476804494857788,0.005339877214282751,1.4359548091888428,0.07155682891607285,1.3156789541244507,24.15324592590332,1262.9017990802201,0.00019603907578902996,1.1745457649230957,0.9220796823501587,0.9846822023391724,0.9786822199821472,0.7003095746040344,0.9727594256401062,0.779471218585968,0.703125,0.359375,0.6668039560317993,0.7038539052009583,2.227386236190796
8820,0.8033968806266785,1.1729494333267212,0.059116289019584656,1.4773553609848022,0.078997403383255,0.9682139754295349,24.0457763671875,1262.8799408591444,0.00019582736746493853,1.0486350059509277,0.817460298538208,0.980139970779419,0.9803857803344727,0.759800910949707,0.9722709059715271,0.7853286266326904,0.8125,0.296875,0.7123006582260132,0.6909209489822388,1.0425567626953125
8830,0.7661945223808289,1.1688942909240723,0.018333062529563904,1.387364149093628,0.0620548315346241,0.9776479005813599,24.529542922973633,1262.8571960095037,0.00019561557912668384,1.0264339447021484,0.8674646615982056,0.9700663685798645,0.9694235324859619,0.713560163974762,0.9661372900009155,0.7595613598823547,0.828125,0.171875,0.674149215221405,0.7220527529716492,1.1210081577301025
8840,0.76173335313797,1.1184922456741333,0.03697114437818527,1.3985766172409058,0.06901727616786957,0.7586398720741272,23.900775909423828,1262.834409920685,0.00019540371132397439,1.023113489151001,0.8712673187255859,0.9770601987838745,0.9743647575378418,0.7645071744918823,0.9676765203475952,0.7751803398132324,0.84375,0.203125,0.5617059469223022,0.7150644659996033,1.1725198030471802
8850,0.8567884564399719,1.2736997604370117,0.024834396317601204,1.3910727500915527,0.05688817799091339,0.9935048222541809,24.014169692993164,1262.8107069683035,0.000195191764606725,1.1138019561767578,0.8567114472389221,0.9795954823493958,0.9769291281700134,0.7334033250808716,0.9679725170135498,0.7627215385437012,0.828125,0.1875,0.636243999004364,0.6927605271339417,0.9743499755859375
8860,0.7662679553031921,1.1920815706253052,0.02527194656431675,1.4565215110778809,0.049011606723070145,0.9939932823181152,24.45917510986328,1262.7877309722955,0.00019497973952505525,0.9760990142822266,0.6994368433952332,0.9750305414199829,0.973633348941803,0.7307944297790527,0.9656912088394165,0.7465410828590393,0.859375,0.171875,0.7308330535888672,0.8266118764877319,0.8112320899963379
8870,0.7508524656295776,1.1217918395996094,0.01711411029100418,1.4450762271881104,0.06990987062454224,1.3758032321929932,24.076763153076172,1262.7644326855323,0.00019476763662928815,1.0105371475219727,0.8656156063079834,0.9797285795211792,0.9797564148902893,0.7529076337814331,0.9695048928260803,0.7657486796379089,0.78125,0.25,0.6326561570167542,0.6417422294616699,1.3311740159988403
8880,0.8709160089492798,1.3220336437225342,0.0479067787528038,1.4609071016311646,0.0831659659743309,1.0353944301605225,24.27052879333496,1262.7424558582989,0.00019455545646994868,1.168810486793518,0.9929815530776978,0.9708216190338135,0.9665677547454834,0.7165696024894714,0.9712724685668945,0.8040885925292969,0.828125,0.203125,0.6042753458023071,0.6206908822059631,2.1873950958251953
8890,0.8784239888191223,1.3092825412750244,0.022481249645352364,1.5401073694229126,0.07298814505338669,1.4474130868911743,24.73909568786621,1262.7199767656346,0.00019434319959776237,1.1617436408996582,0.9443988800048828,0.9830949306488037,0.984561026096344,0.745790958404541,0.9680659174919128,0.754369854927063,0.78125,0.265625,0.6102147102355957,0.6886256337165833,1.742518663406372
8900,0.791907787322998,1.2361356019973755,0.024554163217544556,1.3426679372787476,0.07144083827733994,0.6988180875778198,24.33084487915039,1262.6968209845456,0.00019413086656365383,1.090076208114624,0.9938945770263672,0.9742814302444458,0.9603919982910156,0.7317531704902649,0.9683046340942383,0.7517708539962769,0.84375,0.15625,0.4880995452404022,0.6291223168373108,2.019801139831543
8910,0.7521145939826965,1.0678997039794922,0.04214853420853615,1.4392794370651245,0.06325278431177139,0.9290746450424194,23.954530715942383,1262.6734844312912,0.00019391845791874536,0.9876996874809265,0.785283625125885,0.983941376209259,0.9846320748329163,0.7497456073760986,0.9699397683143616,0.7809609174728394,0.859375,0.1875,0.6703382730484009,0.6639729738235474,1.6260755062103271
8920,0.7593235373497009,1.1750473976135254,0.02064335346221924,1.4374786615371704,0.07644186913967133,1.7813916206359863,23.81446647644043,1262.6505065957338,0.00019370597421435558,1.0048155784606934,0.8183069229125977,0.9752813577651978,0.9660330414772034,0.7128051519393921,0.964072048664093,0.7760762572288513,0.828125,0.171875,0.6519817113876343,0.7170194387435913,1.1528773307800293
8930,0.803561270236969,1.2939636707305908,0.007563719991594553,1.448759913444519,0.07860216498374939,1.9050949811935425,23.938587188720703,1262.6280165280461,0.00019349341600199784,1.0378260612487793,0.7808825373649597,0.9811532497406006,0.977553129196167,0.7581534385681152,0.9655714631080627,0.7488317489624023,0.703125,0.3125,0.6958388090133667,0.7005941867828369,1.714120864868164
8940,0.8095712661743164,1.261090636253357,0.025543246418237686,1.3828775882720947,0.07694964855909348,0.8759502172470093,24.22531509399414,1262.605645966495,0.0001932807838333789,1.1039783954620361,0.9813570380210876,0.9740017056465149,0.9653388857841492,0.7056167125701904,0.9649444222450256,0.7799779772758484,0.78125,0.28125,0.5396395921707153,0.6301915049552917,2.010910987854004
8950,0.7058166861534119,1.0346018075942993,0.02863808535039425,1.3960145711898804,0.06512756645679474,0.786160409450531,23.937301635742188,1262.582898645673,0.00019306807826039747,0.9253566861152649,0.7318000197410583,0.9764044284820557,0.9584630131721497,0.7301007509231567,0.9754526615142822,0.8010568618774414,0.875,0.15625,0.7036279439926147,0.7639095187187195,1.0341722965240479
8960,0.8422097563743591,1.1128132343292236,0.015762345865368843,1.7435648441314697,0.06501765549182892,1.1049861907958984,23.973661422729492,1262.5599894275097,0.00019285529983514293,1.078786015510559,0.7885873913764954,0.982052206993103,0.9833018183708191,0.7871869802474976,0.9667522311210632,0.7636253833770752,0.875,0.140625,0.6894474625587463,0.7301311492919922,1.4218088388442993
8970,0.795864999294281,1.4034383296966553,0.02169419266283512,1.1304174661636353,0.07609615474939346,0.8623153567314148,24.58339500427246,1262.5369115809046,0.0001926424491098935,1.038255214691162,0.8079673051834106,0.9812443256378174,0.9740921854972839,0.7370730638504028,0.9736129641532898,0.7897607088088989,0.828125,0.265625,0.7099090218544006,0.7343239784240723,1.4382681846618652
8980,0.775007426738739,1.299106240272522,0.011275178752839565,1.2891035079956055,0.06772562116384506,1.08283531665802,24.44750213623047,1262.5147199188698,0.00019242952663711525,1.0327249765396118,0.8590583801269531,0.9749586582183838,0.9607250690460205,0.6892772316932678,0.9655972719192505,0.7661789655685425,0.765625,0.265625,0.6994872689247131,0.7199283242225647,1.4541940689086914
8990,0.8229650855064392,1.255424976348877,0.03237597271800041,1.3746777772903442,0.07171862572431564,1.5484975576400757,24.972455978393555,1262.491773291993,0.0001922165329694604,1.0857059955596924,0.8758031129837036,0.9831097722053528,0.9780803918838501,0.7337913513183594,0.9675081372261047,0.763500988483429,0.796875,0.25,0.6272025108337402,0.6467854976654053,1.585338830947876
9000,0.8062810897827148,1.0236320495605469,0.05370622128248215,1.5294084548950195,0.0738551914691925,1.2105563879013062,24.560302734375,1262.4696227153615,0.000192003468659766,1.0843455791473389,0.9268815517425537,0.9804820418357849,0.9804505705833435,0.765052318572998,0.9703059196472168,0.769626796245575,0.8125,0.234375,0.5864558815956116,0.6370643377304077,4.141072750091553
9010,0.8066568970680237,1.1164004802703857,0.0428011417388916,1.7494720220565796,0.06221044436097145,1.3366750478744507,24.24635887145996,1262.4471881402783,0.00019179033426105238,1.082762598991394,0.9203522801399231,0.9722641110420227,0.9679368734359741,0.7155020236968994,0.9668266773223877,0.7601380348205566,0.734375,0.28125,0.5674519538879395,0.6947841048240662,1.5956493616104126
9020,0.730137050151825,1.0426498651504517,0.03391510993242264,1.5298365354537964,0.06367618590593338,0.7573313117027283,24.370962142944336,1262.4245777490673,0.00019157713032652186,1.0338505506515503,1.012378215789795,0.9763258695602417,0.9697198271751404,0.7609754204750061,0.9738821387290955,0.7863189578056335,0.890625,0.109375,0.5054472088813782,0.5562012791633606,2.236701726913452
9030,0.7770491242408752,1.2312873601913452,0.03332612290978432,1.2516082525253296,0.08310193568468094,0.886309802532196,24.57334327697754,1262.4017114355865,0.00019136385740955723,1.0446439981460571,0.8919827342033386,0.9772471189498901,0.9726221561431885,0.7165096998214722,0.9700238704681396,0.7919728755950928,0.78125,0.328125,0.6459649205207825,0.6807000041007996,2.226490020751953
9040,0.7047208547592163,1.1107895374298096,0.018042944371700287,1.2695790529251099,0.0650559514760971,0.8741520643234253,24.461572647094727,1262.3793183418957,0.00019115051606372036,0.9289402365684509,0.7473979592323303,0.9841681718826294,0.9811679720878601,0.7656551599502563,0.9652267694473267,0.760198175907135,0.890625,0.15625,0.6820580959320068,0.7367372512817383,1.9915775060653687
9050,0.6936957836151123,1.1081775426864624,0.009469122625887394,1.4605629444122314,0.06452029198408127,0.7551856637001038,24.679248809814453,1262.3560481542036,0.00019093710684275062,0.9540908336639404,0.8679835796356201,0.974487841129303,0.9638468027114868,0.7337306141853333,0.9718987345695496,0.7638617157936096,0.859375,0.140625,0.5992404818534851,0.6860077977180481,1.2616373300552368
9060,0.7165114879608154,0.9937073588371277,0.03520181402564049,1.5005048513412476,0.060392457991838455,1.101320505142212,24.598785400390625,1262.3347126014048,0.00019072363030056362,0.950139045715332,0.7787585258483887,0.9789682626724243,0.976318895816803,0.7835872173309326,0.9561945199966431,0.7351897358894348,0.828125,0.203125,0.6927360892295837,0.6803970336914062,1.5093439817428589
9070,0.7607671618461609,1.2233818769454956,0.03727472946047783,1.2525969743728638,0.07942437380552292,1.0029935836791992,24.04380989074707,1262.3135871283775,0.00019051008699124986,1.0016694068908691,0.8030073642730713,0.9763311743736267,0.9672731161117554,0.719204843044281,0.9657372236251831,0.7787157297134399,0.828125,0.25,0.674780547618866,0.7105354070663452,1.1175960302352905
9080,0.7465130090713501,1.1178804636001587,0.01748994179069996,1.3902610540390015,0.09346413612365723,1.3463348150253296,24.14236831665039,1262.2924937734429,0.00019029647746907283,1.0486536026000977,1.0071353912353516,0.9783408641815186,0.967701256275177,0.6896276473999023,0.9676907062530518,0.7982763051986694,0.765625,0.328125,0.5858994722366333,0.6253178119659424,1.8410310745239258
9090,0.7279196977615356,1.1553113460540771,0.06055452674627304,1.3337311744689941,0.06119343638420105,1.5937862396240234,24.152664184570312,1262.2709035978357,0.00019008280228846808,0.9270740151405334,0.6638476848602295,0.9787676930427551,0.9665719866752625,0.7478907704353333,0.9688105583190918,0.7627487182617188,0.9375,0.0625,0.7410577535629272,0.7838894724845886,0.8943505883216858
9100,0.9043525457382202,1.3254692554473877,0.015111159533262253,1.6121954917907715,0.07528878003358841,0.7981439232826233,24.18082046508789,1262.2481091331929,0.00018986906200404156,1.1862547397613525,0.9396741390228271,0.9778583645820618,0.9730671048164368,0.6748587489128113,0.96624755859375,0.7801578044891357,0.84375,0.171875,0.5942018032073975,0.63388592004776,2.008253812789917
9110,0.7553663849830627,1.099534034729004,0.04878358915448189,1.497370958328247,0.06111942604184151,0.8526128530502319,24.214374542236328,1262.2257357578899,0.00018965525717056815,1.0038326978683472,0.8282208442687988,0.977701723575592,0.9763105511665344,0.7253121733665466,0.9597470164299011,0.7583726644515991,0.890625,0.109375,0.5922490954399109,0.707446813583374,1.4738355875015259
9120,0.7983693480491638,1.3196403980255127,0.0037659695371985435,1.3696482181549072,0.08966933190822601,0.8298133015632629,24.265775680541992,1262.2028950601045,0.00018944138834299038,1.0930999517440796,0.9824353456497192,0.9767100214958191,0.9725762605667114,0.7227698564529419,0.9659456014633179,0.7614598274230957,0.78125,0.265625,0.5900639891624451,0.673656702041626,1.7950105667114258
9130,0.744921863079071,1.095199704170227,0.02070421539247036,1.5069936513900757,0.07726999372243881,1.4351352453231812,24.272994995117188,1262.1794712580547,0.00018922745607641666,1.0230289697647095,0.927023708820343,0.9810431599617004,0.9803767800331116,0.7547629475593567,0.9648734927177429,0.7534791231155396,0.8125,0.203125,0.5855119228363037,0.639505922794342,1.0305997133255005
9140,0.7153951525688171,1.1587992906570435,0.03557654470205307,1.2492032051086426,0.07809017598628998,0.7276433706283569,24.93754005432129,1262.1561367908262,0.00018901346092612035,1.0219290256500244,1.0217797756195068,0.9739447832107544,0.9671480655670166,0.7274749279022217,0.9749279618263245,0.8001949191093445,0.84375,0.171875,0.4680851399898529,0.6028604507446289,1.9589792490005493
9150,0.7229889631271362,1.182755947113037,0.005744643043726683,1.229058027267456,0.06416057050228119,1.0131139755249023,24.684162139892578,1262.1331749212886,0.00018879940344753782,0.9938708543777466,0.9029395580291748,0.9798632264137268,0.9773804545402527,0.6962828040122986,0.9635315537452698,0.7581344842910767,0.828125,0.1875,0.627299964427948,0.7146899700164795,1.7679247856140137
9160,0.7662942409515381,1.1280299425125122,0.054267097264528275,1.316473364830017,0.06298539787530899,0.7391528487205505,24.646347045898438,1262.109879369028,0.00018858528419626723,1.0028729438781738,0.7885956764221191,0.9799509644508362,0.9772793054580688,0.7596426606178284,0.9725795984268188,0.7831552624702454,0.8125,0.203125,0.6458728313446045,0.7323492169380188,1.276342511177063
9170,0.6790357232093811,1.0330636501312256,0.03186306729912758,1.2785881757736206,0.05833179131150246,0.7874444127082825,24.956928253173828,1262.0870665177752,0.00018837110372806713,0.9065003395080566,0.7582153081893921,0.9751901626586914,0.966325044631958,0.7481181621551514,0.9720171689987183,0.7839789986610413,0.890625,0.140625,0.68465256690979,0.7332875728607178,1.028326153755188
9180,0.7844003438949585,1.1277847290039062,0.010448736138641834,1.6017550230026245,0.05101790651679039,0.9061548113822937,24.635385513305664,1262.0640931201428,0.00018815686259885504,1.055603265762329,0.9040098786354065,0.9709697365760803,0.9604264497756958,0.7176727652549744,0.965589165687561,0.7946451902389526,0.78125,0.265625,0.5846990346908569,0.6937331557273865,1.2154476642608643
9190,0.8051878809928894,1.2515417337417603,0.027397332713007927,1.457442283630371,0.06952311843633652,1.3669408559799194,24.525405883789062,1262.042063798679,0.00018794256136470578,1.0579450130462646,0.8425235748291016,0.9765562415122986,0.9565156102180481,0.6795853972434998,0.9737806916236877,0.8131771683692932,0.71875,0.34375,0.6773431301116943,0.7604999542236328,1.253604769706726
9200,0.7430554628372192,1.0689270496368408,0.020085914060473442,1.4658174514770508,0.0725088119506836,0.9725159406661987,24.759109497070312,1262.0195005370044,0.00018772820058185014,1.0059714317321777,0.8763864040374756,0.9750752449035645,0.9664015173912048,0.7101075053215027,0.962167501449585,0.7574043869972229,0.734375,0.3125,0.580184817314148,0.707725465297699,1.5637075901031494
9210,0.6911897659301758,1.0770453214645386,0.008846540935337543,1.4041467905044556,0.06156858429312706,0.7590932250022888,24.87136459350586,1261.998778887158,0.00018751378080667378,0.9291567206382751,0.7932230830192566,0.9749072790145874,0.9623592495918274,0.7325223684310913,0.9693414568901062,0.771662712097168,0.875,0.125,0.5789666771888733,0.7373420000076294,1.051889181137085
9220,0.7171350717544556,1.069718360900879,0.016278820112347603,1.5168242454528809,0.06405384093523026,1.3387962579727173,24.247344970703125,1261.978212452085,0.00018729930259571515,0.9555940628051758,0.7948631644248962,0.9837449193000793,0.9821155667304993,0.7935184240341187,0.9678705334663391,0.7426397800445557,0.640625,0.40625,0.6789385080337524,0.7287378907203674,1.0718532800674438
9230,0.6482803225517273,0.9998899102210999,0.01271995808929205,1.2885615825653076,0.07228242605924606,1.0801806449890137,24.28304100036621,1261.9563290596514,0.00018708476650566443,0.8988797068595886,0.8353312611579895,0.9693456888198853,0.9582498073577881,0.7137229442596436,0.9687467217445374,0.8122733235359192,0.75,0.25,0.6381307244300842,0.7185797691345215,0.9444894194602966
9240,0.7301735877990723,1.1222198009490967,0.026394562795758247,1.3592504262924194,0.06504550576210022,0.8918133974075317,24.418737411499023,1261.9340613476058,0.00018687017309336216,0.919074296951294,0.6296689510345459,0.9833085536956787,0.981122612953186,0.8006411790847778,0.9691786766052246,0.7640867233276367,0.921875,0.09375,0.6981436014175415,0.8099582195281982,1.1861027479171753
9250,0.718261182308197,1.1530007123947144,0.018027769401669502,1.2300413846969604,0.07020416110754013,0.7747502326965332,24.5759220123291,1261.9120429857455,0.0001866555229157976,0.9723306894302368,0.8468983769416809,0.9840527772903442,0.9826520085334778,0.8110933303833008,0.977060079574585,0.7879571318626404,0.859375,0.203125,0.5871809124946594,0.7104970216751099,1.4707592725753784
9260,0.8359797596931458,1.209892749786377,0.010618573985993862,1.608657956123352,0.07908477634191513,1.1272634267807007,23.929323196411133,1261.8894997641025,0.00018644081653010737,1.1197724342346191,0.9459755420684814,0.9807310700416565,0.9780893921852112,0.7069277167320251,0.970952570438385,0.7983218431472778,0.828125,0.21875,0.5994353890419006,0.609925389289856,2.158632516860962
9270,0.6799454092979431,1.08694589138031,0.013560507446527481,1.3666138648986816,0.05620626360177994,1.208983063697815,24.79283332824707,1261.867211777489,0.00018622605449357383,0.9331604242324829,0.8440499305725098,0.9757828116416931,0.969260573387146,0.7374775409698486,0.9708720445632935,0.7754791378974915,0.90625,0.09375,0.5705220103263855,0.7170878648757935,1.1960490942001343
9280,0.8196135759353638,1.1607545614242554,0.0081210657954216,1.6399050951004028,0.06872837245464325,0.8603390455245972,24.393354415893555,1261.8451445760202,0.000186011237363624,1.0798529386520386,0.8674644827842712,0.9768908023834229,0.9727326035499573,0.7315240502357483,0.9646058678627014,0.7682082056999207,0.796875,0.265625,0.5874276161193848,0.7101332545280457,1.3094443082809448
9290,0.8111769556999207,1.2632311582565308,0.02690136805176735,1.4101444482803345,0.06939124315977097,0.8948959112167358,24.86244773864746,1261.8231247578956,0.00018579636569782777,1.104149580001831,0.976575493812561,0.9711672067642212,0.9621749520301819,0.7023451924324036,0.9625352025032043,0.7763943076133728,0.859375,0.140625,0.5773963332176208,0.6438883543014526,1.676148772239685
9300,0.8454061150550842,1.241754174232483,0.03948487341403961,1.4648871421813965,0.06441152840852737,0.963310182094574,24.47669219970703,1261.8009199597072,0.00018558144005389663,1.0713263750076294,0.7530676126480103,0.976665198802948,0.9743265509605408,0.7393947243690491,0.9686539769172668,0.7768115401268005,0.84375,0.15625,0.6893488764762878,0.749546229839325,1.229928731918335
9310,0.7918369770050049,1.2973259687423706,0.01766218990087509,1.4252417087554932,0.06214669346809387,1.43996000289917,24.774011611938477,1261.7784422494365,0.0001853664609896821,1.046159029006958,0.847740113735199,0.975480318069458,0.9664837121963501,0.7146225571632385,0.9642844200134277,0.7385240793228149,0.734375,0.296875,0.6433888673782349,0.7452595233917236,0.7537415027618408
9320,0.6980271935462952,1.05332350730896,0.022989992052316666,1.3218348026275635,0.05193142965435982,0.8586273193359375,24.413555145263672,1261.757361795731,0.00018515142906317455,0.8975381851196289,0.6650365591049194,0.9749240875244141,0.9705636501312256,0.7650759816169739,0.9704499244689941,0.7812132239341736,0.84375,0.171875,0.7066296339035034,0.7853085994720459,0.8526675701141357
9330,0.8059473037719727,1.2184299230575562,0.009028705768287182,1.4948540925979614,0.06678424775600433,0.8576760292053223,24.9808406829834,1261.7354070406955,0.0001849363448325013,1.0831528902053833,0.9240186214447021,0.9844591021537781,0.9859673976898193,0.7513587474822998,0.9667426943778992,0.7673224806785583,0.8125,0.265625,0.5798199772834778,0.6329064965248108,1.1834765672683716
9340,0.7482222318649292,1.085631012916565,0.016286825761198997,1.6632663011550903,0.07074815779924393,1.6146680116653442,24.276578903198242,1261.7130470143484,0.00018472120885592555,1.0102145671844482,0.8733075857162476,0.97945636510849,0.9722982048988342,0.7162089347839355,0.9701945781707764,0.7818772196769714,0.78125,0.234375,0.6383941173553467,0.6746845245361328,1.6318414211273193
9350,0.6658194065093994,1.049818992614746,0.015370259061455727,1.2843554019927979,0.06863155961036682,0.7656750082969666,24.72519302368164,1261.6920357278132,0.00018450602169184485,0.9308913946151733,0.8835732936859131,0.9789495468139648,0.9722328186035156,0.7428032755851746,0.973693311214447,0.8003062605857849,0.859375,0.15625,0.5982034206390381,0.6560030579566956,1.2434840202331543
9360,0.8791081309318542,1.4439618587493896,0.01646832935512066,1.3787717819213867,0.07303649187088013,1.245531678199768,24.92800521850586,1261.6709334151706,0.00018429078389878956,1.2029948234558105,1.079622507095337,0.978541374206543,0.9596337080001831,0.6620416641235352,0.966209352016449,0.768482506275177,0.8125,0.265625,0.5534627437591553,0.5931007862091064,2.3820323944091797
9370,0.7849371433258057,1.1496731042861938,0.02263428457081318,1.4683350324630737,0.07982386648654938,1.1233935356140137,25.27884864807129,1261.6493117413456,0.0001840754960354215,1.04902184009552,0.8802824020385742,0.9793674945831299,0.9749156832695007,0.687153697013855,0.9721229076385498,0.785029411315918,0.78125,0.265625,0.6446287035942078,0.7250824570655823,1.236070156097412
9380,0.736747682094574,1.281549334526062,0.021286098286509514,1.1818605661392212,0.07038309425115585,0.9365156292915344,24.631763458251953,1261.6281055616164,0.0001838601586605323,1.0088943243026733,0.9071555733680725,0.9752069115638733,0.9587692618370056,0.6895325779914856,0.965558648109436,0.7754307985305786,0.78125,0.234375,0.6014659404754639,0.6738654971122742,1.5523326396942139
9390,0.8232304453849792,1.1258372068405151,0.002768697449937463,1.7054224014282227,0.06999864429235458,0.9201425313949585,25.031917572021484,1261.6058297978702,0.00018364477233304225,1.0753581523895264,0.8404254913330078,0.9824316501617432,0.9831554293632507,0.8171911835670471,0.9742822647094727,0.7664181590080261,0.703125,0.34375,0.6169950366020203,0.7102428674697876,1.3463222980499268
9400,0.7790024876594543,1.2569046020507812,0.011475655250251293,1.3208047151565552,0.07412686198949814,0.9493040442466736,24.675905227661133,1261.5843151961965,0.00018342933761199878,1.0267771482467651,0.8259156346321106,0.979957640171051,0.981718897819519,0.7550416588783264,0.9654722809791565,0.7678375244140625,0.78125,0.265625,0.6631845235824585,0.6777527332305908,1.4949918985366821
9410,0.7355397939682007,1.0000810623168945,0.023686714470386505,1.5796911716461182,0.052446991205215454,1.0140249729156494,24.831409454345703,1261.5611793655182,0.0001832138550565746,0.9602534770965576,0.7490456700325012,0.9779641032218933,0.9638312458992004,0.7204428315162659,0.9681056141853333,0.7943766117095947,0.875,0.140625,0.6647496223449707,0.7674614191055298,1.999159812927246
9420,0.7738602757453918,1.1174583435058594,0.0916062444448471,1.4762500524520874,0.05899536982178688,1.2540318965911865,24.513952255249023,1261.539266374257,0.00018299832522606691,1.0290923118591309,0.8507735729217529,0.9854545593261719,0.9877182841300964,0.7940320372581482,0.972923994064331,0.776715099811554,0.8125,0.25,0.6541948318481445,0.6965838670730591,1.7834258079528809
9430,0.75948166847229,1.075248122215271,0.018503740429878235,1.5390340089797974,0.07086659967899323,0.8105630278587341,24.587238311767578,1261.5172783824191,0.0001827827486798955,1.0188342332839966,0.8645083904266357,0.9806973934173584,0.9736288189888,0.7286491990089417,0.9704887270927429,0.76615971326828,0.84375,0.234375,0.628771185874939,0.6772055625915527,1.4386303424835205
9440,0.873132586479187,1.429025650024414,0.02843964844942093,1.513366937637329,0.07799435406923294,2.359409809112549,25.320201873779297,1261.495079925924,0.00018256712597760133,1.1392176151275635,0.8869501948356628,0.977482795715332,0.96875,0.6887759566307068,0.96158367395401,0.7869700193405151,0.796875,0.25,0.6697565913200378,0.6971552968025208,1.343539834022522
9450,0.8342448472976685,1.1776256561279297,0.022695647552609444,1.6289156675338745,0.06940999627113342,1.268837332725525,24.93712615966797,1261.4740553809377,0.00018235145767884524,1.1136629581451416,0.9313938617706299,0.9814382195472717,0.9780177474021912,0.7378838658332825,0.9729729294776917,0.7620312571525574,0.796875,0.21875,0.5899471044540405,0.6674097776412964,1.2772670984268188
9460,0.9523355960845947,1.4520959854125977,0.016991177573800087,1.6045746803283691,0.09362396597862244,1.3329330682754517,25.336904525756836,1261.4530899683905,0.00018213574434340645,1.2603673934936523,1.026772379875183,0.9775657057762146,0.9665047526359558,0.6874808073043823,0.9654578566551208,0.7558831572532654,0.6875,0.421875,0.5819091200828552,0.6891559362411499,1.4363974332809448
9470,0.8718082904815674,1.3098602294921875,0.043114807456731796,1.5101274251937866,0.07523830235004425,2.862614393234253,24.645490646362305,1261.4312713282545,0.00018191998653118108,1.1317033767700195,0.8663170337677002,0.982853353023529,0.9807400703430176,0.741059422492981,0.9653643369674683,0.7680949568748474,0.734375,0.296875,0.6452164649963379,0.7399880886077881,1.4463181495666504
9480,0.7583455443382263,1.2248852252960205,0.01939532533288002,1.3846886157989502,0.06280694156885147,1.0321608781814575,24.651819229125977,1261.4107540929394,0.00018170418480218054,0.974632978439331,0.7209581136703491,0.975538969039917,0.974868655204773,0.7414649724960327,0.9640800356864929,0.7647218704223633,0.84375,0.171875,0.6983450651168823,0.8134778738021851,0.7697876691818237
9490,0.7772172689437866,1.0036094188690186,0.018875177949666977,1.6320604085922241,0.06639467179775238,1.0092964172363281,24.648815155029297,1261.3898801928133,0.00018148833971653035,1.0440632104873657,0.8894863724708557,0.9757448434829712,0.9680385589599609,0.7527931332588196,0.9687696099281311,0.7816225290298462,0.78125,0.21875,0.6007251143455505,0.6804224252700806,2.168811559677124
9500,0.8197775483131409,1.1513748168945312,0.03405608609318733,1.6605960130691528,0.06156802922487259,1.5806759595870972,24.90489387512207,1261.3691019925582,0.00018127245183446858,1.0667660236358643,0.8232950568199158,0.987212061882019,0.9888259768486023,0.8133425116539001,0.967805802822113,0.7628434896469116,0.671875,0.328125,0.5875942707061768,0.7230121493339539,1.242811918258667
9510,0.833074688911438,1.3139963150024414,0.026961857452988625,1.3348908424377441,0.07627307623624802,1.3093972206115723,25.236207962036133,1261.347773323753,0.00018105652171634438,1.0833810567855835,0.8343545198440552,0.9791378378868103,0.9786697626113892,0.7386512756347656,0.9673817157745361,0.7901700735092163,0.75,0.375,0.685522198677063,0.7165777087211609,1.4780012369155884
9520,0.7523559927940369,1.2275891304016113,0.020146898925304413,1.1899091005325317,0.06713089346885681,1.1158970594406128,24.492801666259766,1261.3264718179094,0.00018084054992261646,1.0386533737182617,0.9543243646621704,0.9819189310073853,0.9775395393371582,0.7307272553443909,0.9697933793067932,0.7682349681854248,0.859375,0.1875,0.6026589274406433,0.6342365741729736,1.8570886850357056
9530,0.6918935179710388,1.0136654376983643,0.03001122549176216,1.4011006355285645,0.058920662850141525,1.0205495357513428,24.889944076538086,1261.3046671556972,0.0001806245370138518,0.9159512519836426,0.7468590140342712,0.9821787476539612,0.9811442494392395,0.7836143374443054,0.9712170362472534,0.7822657227516174,0.875,0.140625,0.6717913746833801,0.7533383965492249,1.0289559364318848
9540,0.7676053047180176,1.2519444227218628,0.022586235776543617,1.4770101308822632,0.07786118239164352,0.841946005821228,25.234167098999023,1261.2833885357693,0.0001804084835507239,1.0502588748931885,0.9421786069869995,0.9780929088592529,0.9697362780570984,0.679903507232666,0.9654006958007812,0.7613259553909302,0.71875,0.3125,0.5869495868682861,0.6870930194854736,1.3296258449554443
9550,0.7151483297348022,1.1213687658309937,0.006073932629078627,1.3817918300628662,0.07267419248819351,1.1328940391540527,25.654376983642578,1261.2624157743237,0.00018019239009401172,0.9958233833312988,0.9355834722518921,0.9808574318885803,0.9736344218254089,0.7161746025085449,0.971575140953064,0.7821721434593201,0.734375,0.3125,0.6126506924629211,0.6430948376655579,1.4739669561386108
9560,0.7498572468757629,1.1886827945709229,0.022041447460651398,1.4551109075546265,0.0705876424908638,0.7417281270027161,25.555662155151367,1261.2412245194587,0.00017997625720459805,0.9950699806213379,0.8173757791519165,0.9774914383888245,0.9707531929016113,0.757635772228241,0.9700897932052612,0.779411792755127,0.875,0.140625,0.6486647725105286,0.7061657309532166,1.5476727485656738
9570,0.7495419979095459,1.186953067779541,0.020063290372490883,1.327872395515442,0.0732572004199028,0.8110755681991577,25.2862548828125,1261.2198449475488,0.0001797600854434678,1.0297363996505737,0.93398118019104,0.9786525964736938,0.9727733731269836,0.7200672030448914,0.9688025116920471,0.7914759516716003,0.828125,0.21875,0.5718024969100952,0.6369963884353638,2.0609612464904785
9580,0.8346564173698425,1.4011892080307007,0.015754451975226402,1.3804734945297241,0.07233075052499771,0.8837803602218628,24.777883529663086,1261.1985955585544,0.00017954387537170703,1.075172781944275,0.8017210364341736,0.9853553175926208,0.9786542057991028,0.7392439842224121,0.9719875454902649,0.7885874509811401,0.875,0.21875,0.6577141880989075,0.741308867931366,1.1610803604125977
9590,0.8848679661750793,1.2344706058502197,0.04431511089205742,1.7799001932144165,0.06210016459226608,0.8627933263778687,24.60443878173828,1261.1768299966836,0.00017932762755050103,1.1765198707580566,0.972172737121582,0.9726594090461731,0.9622827768325806,0.7054952383041382,0.9674046635627747,0.7613412737846375,0.75,0.296875,0.5878013968467712,0.6584828495979309,1.3570804595947266
9600,0.7487056851387024,1.1527061462402344,0.027735453099012375,1.3947222232818604,0.07820433378219604,1.1129814386367798,24.877628326416016,1261.1551320933727,0.0001791113425411332,1.026703953742981,0.9266607165336609,0.9728595614433289,0.9656425714492798,0.6834980845451355,0.9674064517021179,0.7683995366096497,0.765625,0.265625,0.5914502739906311,0.7061347961425781,1.0204493999481201
9610,0.7173975110054016,1.0940749645233154,0.008330023847520351,1.2417198419570923,0.07733062654733658,1.134310245513916,24.912912368774414,1261.1343114535157,0.0001788950209049835,0.9884881973266602,0.9036356806755066,0.9763229489326477,0.975217342376709,0.7123914361000061,0.9676868319511414,0.7525622248649597,0.875,0.171875,0.5581743717193604,0.669400155544281,1.8407371044158936
9620,0.7822384238243103,1.1978641748428345,0.0033609410747885704,1.379967212677002,0.07497046142816544,1.1441794633865356,24.697864532470703,1261.1142391910146,0.00017867866320352675,1.0922361612319946,1.0333256721496582,0.9773585796356201,0.9615768194198608,0.6691922545433044,0.966484546661377,0.7803387641906738,0.828125,0.21875,0.5050964951515198,0.615647554397583,2.027207136154175
9630,0.7592280507087708,1.110089659690857,0.0476069413125515,1.4620107412338257,0.06929165124893188,0.8191741108894348,24.384946823120117,1261.0937607818762,0.00017846226999833155,0.9803351163864136,0.7370235919952393,0.9755899906158447,0.9690446853637695,0.7621516585350037,0.9686862826347351,0.8085465431213379,0.84375,0.1875,0.6802254915237427,0.7223237156867981,1.1860898733139038
9640,0.7816588878631592,1.0618727207183838,0.024856850504875183,1.5186907052993774,0.06267464905977249,1.3760015964508057,25.16412353515625,1261.0730821449995,0.00017824584185105872,1.0266920328140259,0.816777229309082,0.9823291301727295,0.9802417159080505,0.768618643283844,0.958896815776825,0.7273932695388794,0.859375,0.140625,0.6212700009346008,0.6739007234573364,1.2489910125732422
9650,0.8182397484779358,1.3121449947357178,0.01376075204461813,1.4034428596496582,0.08010365068912506,1.710235834121704,25.475906372070312,1261.051539529114,0.00017802937932345954,1.1236331462860107,1.0179777145385742,0.9825035333633423,0.981445848941803,0.7638691663742065,0.9685415625572205,0.7735376954078674,0.6875,0.4375,0.5097909569740295,0.6589691638946533,2.0261003971099854
9660,0.8188764452934265,1.38360595703125,0.01699027232825756,1.6377110481262207,0.07738228142261505,0.9205775856971741,25.114704132080078,1261.0302884442865,0.0001778128829773747,1.1023125648498535,0.9447872638702393,0.9807851314544678,0.972427248954773,0.7331562042236328,0.977563202381134,0.8121943473815918,0.640625,0.46875,0.6488904356956482,0.6837548017501831,1.166506290435791
9670,0.7766245007514954,1.1785497665405273,0.01667270064353943,1.4015963077545166,0.06948740780353546,1.1100212335586548,24.32474136352539,1261.0088593596024,0.00017759635337473266,1.0315804481506348,0.8498532176017761,0.9821102619171143,0.9757131338119507,0.7577999830245972,0.970421314239502,0.7605723142623901,0.890625,0.140625,0.5970508456230164,0.6989853382110596,1.6290971040725708
9680,0.765338122844696,1.1314212083816528,0.02318836934864521,1.5772250890731812,0.055507734417915344,1.0141879320144653,25.164880752563477,1260.9874059912472,0.00017737979107754814,1.0018821954727173,0.7884801626205444,0.9841159582138062,0.9800733923912048,0.7304731607437134,0.9703786373138428,0.7662538886070251,0.828125,0.203125,0.7131507992744446,0.7514015436172485,1.3078759908676147
9690,0.7755922079086304,1.1988097429275513,0.0195247083902359,1.47700834274292,0.053801730275154114,0.9039457440376282,24.812559127807617,1260.9658586035064,0.0001771631966479207,1.0100631713867188,0.7815696597099304,0.9853883981704712,0.9847028851509094,0.742323100566864,0.9729832410812378,0.8020961880683899,0.859375,0.15625,0.6232156157493591,0.7311798334121704,1.5083433389663696
9700,0.7176395058631897,1.1537247896194458,0.02149890549480915,1.2315188646316528,0.04978049546480179,0.9751548767089844,25.266202926635742,1260.9454686412043,0.0001769465706480334,0.9628475904464722,0.8173603415489197,0.9834302067756653,0.9759606122970581,0.7158884406089783,0.9744580984115601,0.7991880178451538,0.84375,0.203125,0.6281395554542542,0.7339845299720764,0.857172429561615
9710,0.7045287489891052,1.0045571327209473,0.023518387228250504,1.470860242843628,0.06290037930011749,0.7683375477790833,25.12190818786621,1260.9238556480796,0.00017672991364015115,0.9643144607543945,0.86595219373703,0.9791592955589294,0.9764440655708313,0.7402539253234863,0.9672890901565552,0.7837547063827515,0.765625,0.234375,0.5629428625106812,0.6832873821258545,1.510184645652771
9720,0.6987240314483643,1.1510590314865112,0.023004185408353806,1.3150378465652466,0.06152542307972908,0.8372538089752197,24.743595123291016,1260.90202262277,0.00017651322618661937,0.9266849160194397,0.7598695755004883,0.9835817813873291,0.9825407862663269,0.7795138359069824,0.974501371383667,0.778761088848114,0.859375,0.1875,0.6279776692390442,0.7678730487823486,0.9228186011314392
9730,0.7723008394241333,1.1615204811096191,0.011708341538906097,1.4540623426437378,0.06135496869683266,0.7906435132026672,25.23061180114746,1260.8805324973293,0.0001762965088498626,1.0356091260910034,0.8776942491531372,0.9828827381134033,0.9838932752609253,0.780311644077301,0.9754303693771362,0.7773003578186035,0.765625,0.265625,0.5738663077354431,0.6680899858474731,1.1706316471099854
9740,0.7516605257987976,1.2315176725387573,0.020446309819817543,1.2558767795562744,0.08211034536361694,0.7820261120796204,24.44750213623047,1260.8596621355555,0.00017607976219238271,1.0294525623321533,0.9259734153747559,0.9804003834724426,0.9708322286605835,0.6975919604301453,0.9740187525749207,0.8221836090087891,0.828125,0.1875,0.6073506474494934,0.6523257493972778,1.9203450679779053
9750,0.8433530330657959,1.16973876953125,0.016471076756715775,1.6061922311782837,0.06864385306835175,1.3208192586898804,24.898324966430664,1260.839418476884,0.000175862986776758,1.1473042964935303,1.0131709575653076,0.9811480045318604,0.9754841923713684,0.7178890109062195,0.9661707282066345,0.7690786123275757,0.765625,0.234375,0.5449156165122986,0.5859419107437134,2.1382651329040527
9760,0.781960129737854,0.9440171122550964,0.008461372926831245,1.8100789785385132,0.052704740315675735,0.8616577982902527,24.80557632446289,1260.8190801416406,0.00017564618316564108,0.9874095916748047,0.6848316192626953,0.9809103608131409,0.9803404211997986,0.7729568481445312,0.968032717704773,0.778679370880127,0.875,0.140625,0.7013716101646423,0.7793973088264465,0.8093226552009583
9770,0.779437243938446,1.1527957916259766,0.0330159068107605,1.5150976181030273,0.06685111671686172,0.936378002166748,24.68845558166504,1260.798431634598,0.000175429351921758,1.0219306945800781,0.8083116412162781,0.9798361659049988,0.9767112135887146,0.7643718719482422,0.9745588302612305,0.8031240105628967,0.75,0.25,0.6164616942405701,0.7360777258872986,1.028016209602356
9780,0.7500591278076172,1.1420668363571167,0.012056815437972546,1.3524795770645142,0.07514546066522598,0.7355294227600098,24.7100887298584,1260.7789422635892,0.00017521249360790634,1.012176752090454,0.873725175857544,0.9856586456298828,0.9870233535766602,0.7718950510025024,0.9735819101333618,0.7797314524650574,0.828125,0.21875,0.5762889385223389,0.6875924468040466,1.6754841804504395
9790,0.7218517065048218,1.1736942529678345,0.02170536108314991,1.0862241983413696,0.059944864362478256,0.8594192266464233,24.82297706604004,1260.758999358862,0.00017499560878695404,0.9778990745544434,0.8534911274909973,0.9822133779525757,0.9766685366630554,0.6965230703353882,0.9713398814201355,0.7889313697814941,0.8125,0.21875,0.6181983351707458,0.7263345122337341,0.9885638356208801
9800,0.8017711043357849,1.1998425722122192,0.01296082790941,1.4942846298217773,0.06942104548215866,0.7608877420425415,24.61680030822754,1260.7389439461613,0.00017477869802183795,1.11131751537323,1.0318212509155273,0.9735325574874878,0.9588412642478943,0.6801281571388245,0.9646482467651367,0.7748537659645081,0.78125,0.28125,0.5358356833457947,0.651380717754364,1.7069638967514038
9810,0.7503262162208557,1.0816978216171265,0.01636870950460434,1.4056419134140015,0.06606019288301468,1.2734787464141846,24.923507690429688,1260.7188992286065,0.00017456176187556196,1.018727421760559,0.8946707248687744,0.9739635586738586,0.9819525480270386,0.7764225006103516,0.9587039351463318,0.7267080545425415,0.8125,0.203125,0.6014266014099121,0.6991388201713562,1.2351758480072021
9820,0.7615514993667603,1.2390556335449219,0.019111094996333122,1.4784592390060425,0.06880567967891693,0.9094529151916504,24.8801212310791,1260.6981656843147,0.0001743448009111962,1.0066450834274292,0.8169786930084229,0.9738955497741699,0.9578402638435364,0.6861715912818909,0.9707076549530029,0.7990692257881165,0.84375,0.171875,0.6713653206825256,0.6848421096801758,1.4210340976715088
9830,0.725212574005127,1.1613502502441406,0.01411743275821209,1.22998046875,0.056622352451086044,1.4080922603607178,24.978702545166016,1260.6776072801208,0.0001741278156918749,0.9856329560279846,0.8680679202079773,0.9741130471229553,0.9678127765655518,0.7231183052062988,0.9707034826278687,0.7681998014450073,0.78125,0.234375,0.6093126535415649,0.7332801818847656,1.3445897102355957
9840,0.7126520276069641,1.0402947664260864,0.010032454505562782,1.5675110816955566,0.05239969864487648,1.3233892917633057,25.511207580566406,1260.6569409508922,0.00017391080678079546,0.9490898847579956,0.7881261110305786,0.9755473732948303,0.9740740060806274,0.7666010856628418,0.9658149480819702,0.7660006284713745,0.796875,0.21875,0.6888943314552307,0.7412702441215515,1.3331818580627441
9850,0.6758370995521545,1.1322691440582275,0.016911206766963005,1.2182847261428833,0.06791417300701141,0.9820699691772461,24.82880401611328,1260.6362027193345,0.00017369377474121662,0.923728346824646,0.826304018497467,0.9775473475456238,0.9671792387962341,0.6896367073059082,0.9718486666679382,0.8052785992622375,0.875,0.15625,0.6653512716293335,0.715350866317749,1.8283742666244507
9860,0.7168024778366089,1.191871166229248,0.015023771673440933,0.9927982687950134,0.06727374345064163,1.294939398765564,25.426013946533203,1260.6164833556725,0.0001734767201364573,0.9920589923858643,0.9175217151641846,0.978920578956604,0.9712672233581543,0.7236570715904236,0.9650999307632446,0.7803421020507812,0.796875,0.25,0.5874142050743103,0.6721716523170471,1.639459490776062
9870,0.8417765498161316,1.3830134868621826,0.05643840134143829,1.4085222482681274,0.05675078555941582,1.1447197198867798,24.955644607543945,1260.5957459849421,0.0001732596435298949,1.0442378520965576,0.6748709082603455,0.9772536754608154,0.9695490002632141,0.7444975972175598,0.9696232676506042,0.7899516224861145,0.8125,0.265625,0.759807288646698,0.7924370765686035,0.6408661007881165
9880,0.6628822088241577,1.061632752418518,0.006278670858591795,1.1965057849884033,0.059693578630685806,0.6878824830055237,25.162948608398438,1260.575987798675,0.00017304254548496388,0.9209017753601074,0.8600651025772095,0.9743425846099854,0.9748253226280212,0.722524106502533,0.962684154510498,0.7620441913604736,0.796875,0.21875,0.5983400940895081,0.6664299368858337,1.2916029691696167
9890,0.6889424324035645,0.9526554942131042,0.01849398761987686,1.3805996179580688,0.06189192086458206,0.9272255301475525,25.273727416992188,1260.5554962796261,0.0001728254265651545,0.9656484723091125,0.9223533868789673,0.977665901184082,0.9795852899551392,0.7850123643875122,0.9655449390411377,0.7386831045150757,0.796875,0.21875,0.6103973984718323,0.6514385938644409,3.2089626789093018
9900,0.809450626373291,1.2469087839126587,0.014206700958311558,1.4905891418457031,0.06191997230052948,1.3153234720230103,24.799877166748047,1260.5347928803844,0.00017260828733401103,1.0470216274261475,0.7919034957885742,0.9816175699234009,0.9785832166671753,0.7423465251922607,0.9696650505065918,0.7781223654747009,0.828125,0.234375,0.6410017013549805,0.7430474758148193,0.7659828066825867
9910,0.7848224639892578,1.2813363075256348,0.03236086294054985,1.3633924722671509,0.0618940107524395,1.0325666666030884,25.854000091552734,1260.5145360762167,0.00017239112835513057,1.0036274194717407,0.7293498516082764,0.976719081401825,0.9758445024490356,0.748011589050293,0.9706506133079529,0.7829064726829529,0.828125,0.21875,0.739054262638092,0.7306742668151855,1.1296031475067139
9920,0.7829931974411011,1.261718988418579,0.022359993308782578,1.4239468574523926,0.0717943012714386,2.2263283729553223,25.53268051147461,1260.4948418455324,0.00017217395019216144,1.0444992780685425,0.8716867566108704,0.9788655638694763,0.9771489500999451,0.7133328318595886,0.9642819166183472,0.7717853784561157,0.765625,0.3125,0.619911789894104,0.7130626440048218,1.446370244026184
9930,0.664758563041687,0.9445847868919373,0.020299142226576805,1.5145355463027954,0.06929148733615875,1.327781319618225,25.377269744873047,1260.474674845972,0.00017195675340880178,0.893977165222168,0.7640619874000549,0.9800645709037781,0.971377968788147,0.7648017406463623,0.9762622117996216,0.809350311756134,0.828125,0.1875,0.6524903178215027,0.6984786987304688,1.051737904548645
9940,0.748244047164917,1.2896857261657715,0.04120979085564613,1.1648975610733032,0.07217701524496078,0.9678471684455872,25.483272552490234,1260.4553307212748,0.00017173953856879803,1.0098304748535156,0.8719547986984253,0.977078378200531,0.9722864031791687,0.697661817073822,0.9728105068206787,0.7745374441146851,0.78125,0.234375,0.6557843089103699,0.7427535057067871,1.2033857107162476
9950,0.7245727777481079,1.1570137739181519,0.026340730488300323,1.187408208847046,0.055949416011571884,1.0902509689331055,25.317684173583984,1260.4348823703142,0.00017152230623594344,0.9305801391601562,0.6866912245750427,0.9781345725059509,0.9749007225036621,0.7245615124702454,0.96552574634552,0.7683523893356323,0.90625,0.109375,0.7099908590316772,0.7888762950897217,0.5453999042510986
9960,0.7062466740608215,1.0465750694274902,0.03895657882094383,1.4598265886306763,0.046780314296483994,0.8605892062187195,25.576618194580078,1260.4140417166884,0.00017130505697407678,0.9333887100219727,0.7571401596069336,0.9841302037239075,0.9822090864181519,0.763749897480011,0.9748623967170715,0.7872340083122253,0.890625,0.109375,0.6243177652359009,0.7072745561599731,0.8365539312362671
9970,0.7560238242149353,1.184438705444336,0.00889667123556137,1.370670199394226,0.060827262699604034,0.8135464787483215,25.35660171508789,1260.3931785640964,0.00017108779134708077,0.9637097716331482,0.692286491394043,0.9876234531402588,0.9865405559539795,0.78056800365448,0.9709565043449402,0.7584139108657837,0.84375,0.25,0.7382293939590454,0.8219417333602905,1.0244594812393188
9980,0.7721086740493774,1.1019501686096191,0.038816194981336594,1.6511213779449463,0.06700646877288818,1.2939647436141968,24.99755859375,1260.3729013599636,0.00017087050991888044,1.0121885538101196,0.8002662658691406,0.9812708497047424,0.9824576377868652,0.7693918943405151,0.9690614938735962,0.7747419476509094,0.8125,0.234375,0.6663103699684143,0.7137666344642639,1.4783706665039062
9990,0.7558284401893616,1.12152898311615,0.015373043715953827,1.6316064596176147,0.05766738951206207,1.1804176568984985,25.34227752685547,1260.3521024006159,0.00017065321325344194,0.9800605177879333,0.7474401593208313,0.9863903522491455,0.9815568923950195,0.7310264706611633,0.9728062748908997,0.7893462777137756,0.828125,0.203125,0.7067160606384277,0.7426819205284119,1.2001593112945557
10000,0.7540421485900879,1.035963535308838,0.007679455913603306,1.6042640209197998,0.051392920315265656,0.8709014058113098,25.080265045166016,1260.3313290306003,0.00017043590191477103,0.954297661781311,0.6675184369087219,0.9784598350524902,0.9729006886482239,0.7604290246963501,0.9668573141098022,0.7943537831306458,0.84375,0.15625,0.6797211170196533,0.7599019408226013,0.719761312007904
10010,0.776191771030426,1.1042735576629639,0.028845155611634254,1.5662167072296143,0.0558871291577816,1.054529070854187,25.329519271850586,1260.3100209504871,0.00017021857646691148,1.0081337690353394,0.7731398344039917,0.9845802187919617,0.9808201193809509,0.753063440322876,0.9720292091369629,0.7929759621620178,0.859375,0.234375,0.6652229428291321,0.731424868106842,1.385713815689087
10020,0.7627344727516174,1.1683156490325928,0.019635051488876343,1.3408910036087036,0.06437917053699493,0.9268680810928345,25.517284393310547,1260.2889577428925,0.00017000123747394367,1.01129150390625,0.8285232186317444,0.9805429577827454,0.972428560256958,0.7345297336578369,0.9732930660247803,0.8066264986991882,0.8125,0.1875,0.6490741968154907,0.6994165778160095,1.4908314943313599
10030,0.7254625558853149,1.0975193977355957,0.039165399968624115,1.4401479959487915,0.059582583606243134,1.4786491394042969,25.351930618286133,1260.2684200679796,0.00016978388549998316,0.9322057962417603,0.6891440153121948,0.9816346168518066,0.9689289331436157,0.7228145003318787,0.9766711592674255,0.8219177722930908,0.90625,0.09375,0.7402237057685852,0.7705766558647156,1.4413501024246216
10040,0.8025691509246826,1.2980319261550903,0.017817797139286995,1.2430065870285034,0.0770709216594696,0.9930534362792969,25.39097023010254,1260.2493168800918,0.0001695665211091792,1.0961846113204956,0.978718101978302,0.9788141846656799,0.9676094651222229,0.6841634511947632,0.9683806896209717,0.7766798138618469,0.75,0.359375,0.5789252519607544,0.6777926087379456,1.8784468173980713
10050,0.7733981609344482,1.3274058103561401,0.01236895751208067,1.322445034980774,0.07681945711374283,0.7937219142913818,25.14681625366211,1260.2295553332763,0.00016934914486571337,1.0402138233184814,0.889385461807251,0.978872537612915,0.9691332578659058,0.750996470451355,0.9682922959327698,0.7728323340415955,0.78125,0.25,0.6224347352981567,0.7190351486206055,1.5191750526428223
10060,0.7104740738868713,1.0791306495666504,0.007403187453746796,1.3168717622756958,0.05836128070950508,0.8843852281570435,25.210378646850586,1260.2101719196883,0.00016913175733379772,0.9888787269592285,0.9280154705047607,0.9819384217262268,0.9771362543106079,0.7618666291236877,0.9715614914894104,0.7907117009162903,0.875,0.1875,0.48405519127845764,0.6857876777648926,1.8271814584732056
10070,0.7726966738700867,1.0005658864974976,0.028660930693149567,1.7989939451217651,0.06901352852582932,0.8318123817443848,25.100021362304688,1260.1909317852574,0.00016891435907767394,1.021682620048523,0.8299530148506165,0.9733333587646484,0.9695004224777222,0.7066390514373779,0.9667421579360962,0.788622260093689,0.84375,0.15625,0.678427517414093,0.7089937925338745,1.352957844734192
10080,0.6526267528533936,0.9457636475563049,0.017395254224538803,1.4518195390701294,0.07191328704357147,0.8623477816581726,25.65082550048828,1260.170668349954,0.0001686969506616114,0.9029135704040527,0.8342893123626709,0.9774816632270813,0.9772832989692688,0.737478494644165,0.9699152112007141,0.7897657155990601,0.828125,0.171875,0.6657770276069641,0.7082569003105164,1.2306734323501587
10090,0.7358563542366028,1.0699483156204224,0.02797401137650013,1.4288173913955688,0.06501127034425735,1.006126046180725,25.710803985595703,1260.1508590179453,0.00016847953264990581,1.0055519342422485,0.8989852666854858,0.9810250997543335,0.97645103931427,0.7643414735794067,0.9669903516769409,0.7600582838058472,0.859375,0.140625,0.5446031093597412,0.6826183795928955,1.4264355897903442
10100,0.7854220867156982,1.1271333694458008,0.021990960463881493,1.461729884147644,0.07804010808467865,1.4248194694519043,25.59143829345703,1260.1309491092188,0.00016826210560687787,1.0685031414031982,0.943603515625,0.9805468916893005,0.9796227812767029,0.68815016746521,0.9623931646347046,0.7535778880119324,0.796875,0.203125,0.6535095572471619,0.6374287605285645,2.675605297088623
10110,0.7880028486251831,1.1948413848876953,0.026183146983385086,1.4537746906280518,0.06270647794008255,0.9815285801887512,25.486236572265625,1260.1104074867226,0.0001680446700968716,1.063265323638916,0.9175417423248291,0.9786739945411682,0.9771484732627869,0.7378917336463928,0.9700634479522705,0.7942841053009033,0.90625,0.125,0.5573979616165161,0.6594804525375366,1.4939531087875366
10120,0.7560644745826721,1.15000319480896,0.047926321625709534,1.4119625091552734,0.07120651006698608,1.044036626815796,25.367870330810547,1260.090002999864,0.00016782722668425316,1.006571650505066,0.8350238800048828,0.9841784238815308,0.9799673557281494,0.7654815316200256,0.9719045162200928,0.8001216650009155,0.875,0.1875,0.5968012809753418,0.7475573420524597,1.2126290798187256
10130,0.8179593682289124,1.2992905378341675,0.026021501049399376,1.5217634439468384,0.0717693641781807,2.113956928253174,25.422805786132812,1260.0695381065973,0.00016760977593340912,1.0529155731201172,0.7831872701644897,0.9819443225860596,0.9769238233566284,0.7300336956977844,0.9724550247192383,0.7980912327766418,0.78125,0.25,0.6657845973968506,0.7497652173042297,0.8699613809585571
10140,0.778221845626831,1.2313389778137207,0.015463858842849731,1.4272284507751465,0.05399120971560478,1.1718448400497437,25.25452423095703,1260.0496119718005,0.00016739231840874513,1.0551812648773193,0.9231978058815002,0.9774587750434875,0.9703577160835266,0.7199415564537048,0.9674433469772339,0.768482506275177,0.828125,0.1875,0.5571787357330322,0.6787273287773132,1.263198733329773
10150,0.7125154137611389,1.1689716577529907,0.013634673319756985,1.0294859409332275,0.0628226175904274,0.8441800475120544,25.577707290649414,1260.0303470005213,0.00016717485467468432,0.953169584274292,0.8021805286407471,0.9809724688529968,0.9822507500648499,0.7802984714508057,0.9657431244850159,0.7534247040748596,0.9375,0.109375,0.6142316460609436,0.7224071025848389,1.4847805500030518
10160,0.780107855796814,1.1614265441894531,0.026822661980986595,1.4914532899856567,0.054341547191143036,1.1255030632019043,26.026315689086914,1260.010949850729,0.0001669573852956661,1.0232930183410645,0.8106173276901245,0.9820334315299988,0.9775068163871765,0.7338277101516724,0.973943829536438,0.7994488477706909,0.796875,0.234375,0.5909779667854309,0.729398250579834,1.3790994882583618
10170,0.7347539067268372,1.106308102607727,0.010488386265933514,1.3737142086029053,0.06793588399887085,0.9856002330780029,26.49534797668457,1259.9915757738158,0.00016673991083614444,1.0165255069732666,0.939238429069519,0.976477324962616,0.9751384258270264,0.7394944429397583,0.9634488224983215,0.756879448890686,0.859375,0.203125,0.5723481178283691,0.6239586472511292,1.7515865564346313
10180,0.7776203751564026,1.0909309387207031,0.03468523919582367,1.4077633619308472,0.0755169540643692,1.3759900331497192,25.650501251220703,1259.9713246348083,0.0001665224318605865,1.008816123008728,0.7706522941589355,0.9827859997749329,0.9775112271308899,0.7265228033065796,0.9736841917037964,0.7993144392967224,0.828125,0.1875,0.7103544473648071,0.734565794467926,1.828930139541626
10190,0.7880756855010986,1.2546155452728271,0.011212238110601902,1.3037793636322021,0.07615121454000473,0.8452440500259399,25.52906036376953,1259.9503451452506,0.00016630494893347123,1.0735670328140259,0.951637864112854,0.9788641929626465,0.9600409269332886,0.6721912622451782,0.9732481241226196,0.8010250329971313,0.796875,0.25,0.6337803602218628,0.6737657785415649,1.3539936542510986
10200,0.7228868007659912,1.015347957611084,0.020200323313474655,1.5436537265777588,0.051477786153554916,1.2277517318725586,25.421911239624023,1259.9304939584754,0.00016608746261928764,0.9417244791984558,0.7294588685035706,0.9795525670051575,0.9771498441696167,0.7458932995796204,0.9679651260375977,0.7742028832435608,0.78125,0.21875,0.665002703666687,0.7682096362113953,0.6602969765663147
10210,0.7279637455940247,1.0038490295410156,0.009692012332379818,1.544423222541809,0.0596279613673687,1.4757628440856934,25.482221603393555,1259.9105582146208,0.00016586997348253384,0.9639281034469604,0.7865477800369263,0.9780540466308594,0.9674387574195862,0.7204748392105103,0.9690291881561279,0.7767496109008789,0.828125,0.1875,0.6703454852104187,0.7337701320648193,1.6026346683502197
10220,0.7470391392707825,1.2171454429626465,0.02348025143146515,1.1954078674316406,0.07673183083534241,0.7877448201179504,25.322311401367188,1259.8907372244776,0.00016565248208771496,1.0699321031570435,1.0763099193572998,0.9728912711143494,0.9517143368721008,0.6484753489494324,0.9644768238067627,0.7883848547935486,0.796875,0.21875,0.5904653668403625,0.6124420762062073,2.0818934440612793
10230,0.8100764155387878,1.154180645942688,0.014867197722196579,1.6546770334243774,0.060366079211235046,1.2413785457611084,25.251510620117188,1259.8705271138165,0.0001654349889993422,1.0704503059387207,0.8679128289222717,0.9830217957496643,0.9808869957923889,0.7079883217811584,0.9677224159240723,0.7947691679000854,0.828125,0.1875,0.6308846473693848,0.6934163570404053,1.4445196390151978
10240,0.8414506316184998,1.2324244976043701,0.04175946116447449,1.5771541595458984,0.06425059586763382,1.7352032661437988,25.38888168334961,1259.8501809979998,0.00016521749478193106,1.0801939964294434,0.7958112359046936,0.9836926460266113,0.9825280904769897,0.760202169418335,0.9658068418502808,0.7541263103485107,0.828125,0.1875,0.6842464804649353,0.7433933019638062,1.4232499599456787
10250,0.6668470501899719,1.09071946144104,0.019344640895724297,1.1894484758377075,0.06665221601724625,1.3205418586730957,25.752758026123047,1259.8306049433136,0.000165,0.9192686676979065,0.8414053320884705,0.9727314114570618,0.9691680669784546,0.7228212952613831,0.9695278406143188,0.7900475263595581,0.765625,0.3125,0.6635447144508362,0.7558364272117615,0.8517465591430664
10260,0.7250597476959229,1.1170578002929688,0.022697020322084427,1.2378724813461304,0.06516236066818237,1.1843782663345337,25.443092346191406,1259.8125478700508,0.00016478250521806894,0.9990040063858032,0.9131473898887634,0.9801416397094727,0.977955162525177,0.7253324389457703,0.9728072881698608,0.7938769459724426,0.796875,0.21875,0.5757575631141663,0.6857073903083801,1.567098617553711
10270,0.7210499048233032,1.099617600440979,0.011630108579993248,1.3363703489303589,0.06258279085159302,1.0249284505844116,25.52025604248047,1259.793676604873,0.0001645650110006578,0.9672394394874573,0.820631742477417,0.9865216016769409,0.9747183322906494,0.7460280656814575,0.9782195687294006,0.8311607837677002,0.890625,0.125,0.6171490550041199,0.6878133416175842,1.5573725700378418
10280,0.7420281171798706,1.1319396495819092,0.022460518404841423,1.4010100364685059,0.05994457006454468,0.7987509965896606,25.821460723876953,1259.7742561333012,0.00016434751791228507,0.9917464852333069,0.8323945999145508,0.9795154333114624,0.9796318411827087,0.7425898909568787,0.9624065160751343,0.7456933856010437,0.796875,0.296875,0.621113121509552,0.7001257538795471,1.1770316362380981
10290,0.7149218916893005,1.0897324085235596,0.01793707348406315,1.291122317314148,0.05503060668706894,0.8586177825927734,25.652908325195312,1259.75540896878,0.00016413002651746622,0.9319940805435181,0.7235740423202515,0.9828669428825378,0.98414146900177,0.8045212626457214,0.9691873788833618,0.7743666172027588,0.828125,0.1875,0.6685991883277893,0.7350810766220093,1.244307518005371
10300,0.8241372108459473,1.1834198236465454,0.01218431442975998,1.5970430374145508,0.06872619688510895,0.8037232756614685,25.776382446289062,1259.7358934674323,0.00016391253738071236,1.0966887474060059,0.9085053205490112,0.9863972067832947,0.9883010387420654,0.810017466545105,0.9648302793502808,0.7480291724205017,0.765625,0.34375,0.5981119871139526,0.6668294668197632,1.8422595262527466
10310,0.7480507493019104,1.1175298690795898,0.01856338419020176,1.3146264553070068,0.07119203358888626,0.971110463142395,25.800342559814453,1259.7174745873483,0.00016369505106652877,0.9977781772613525,0.8324247598648071,0.9858353734016418,0.9852303266525269,0.7905593514442444,0.9778521656990051,0.8102951645851135,0.84375,0.171875,0.5771596431732178,0.6606816649436951,1.5415229797363281
10320,0.7525573372840881,1.2192598581314087,0.008734436705708504,1.2891007661819458,0.08778131753206253,0.9436087608337402,25.589006423950195,1259.6990204178726,0.00016347756813941345,0.965628981590271,0.7102388739585876,0.9838626980781555,0.9798210859298706,0.7770810723304749,0.9749410152435303,0.7909090518951416,0.859375,0.328125,0.7471726536750793,0.8201087117195129,0.590817391872406
10330,0.7850539088249207,1.2837228775024414,0.029653796926140785,1.4802170991897583,0.08029954880475998,1.7267268896102905,25.25501251220703,1259.679625085953,0.00016326008916385553,1.0310288667678833,0.8199163675308228,0.9848735332489014,0.9805111289024353,0.7481419444084167,0.9733548760414124,0.7880258560180664,0.8125,0.203125,0.6259620785713196,0.7135047912597656,1.018737554550171
10340,0.7684441804885864,1.2099807262420654,0.024235451593995094,1.414199709892273,0.08895241469144821,0.7123990654945374,25.234899520874023,1259.6599229508745,0.0001630426147043339,1.0682202577590942,0.9992536902427673,0.979937732219696,0.9752870798110962,0.7264943718910217,0.9673932194709778,0.7645179629325867,0.8125,0.25,0.5736825466156006,0.6667131781578064,1.487916350364685
10350,0.7269729971885681,1.0928288698196411,0.029568107798695564,1.4756830930709839,0.06822814047336578,0.9862185716629028,25.079120635986328,1259.6403124358742,0.00016282514532531568,1.0132668018341064,0.9543125629425049,0.978959321975708,0.9714567065238953,0.6798210144042969,0.9672027230262756,0.7848135232925415,0.859375,0.140625,0.578988254070282,0.648171067237854,1.773246169090271
10360,0.7155513763427734,1.171757459640503,0.01704314537346363,1.2903079986572266,0.06832325458526611,0.8548845648765564,25.653751373291016,1259.6212706919855,0.00016260768159125487,0.9994457960128784,0.9463147521018982,0.9792333841323853,0.9759595990180969,0.6864110231399536,0.9656541347503662,0.7562287449836731,0.78125,0.21875,0.5400420427322388,0.6765584349632263,1.017032504081726
10370,0.7769895195960999,1.159422516822815,0.020431729033589363,1.4244239330291748,0.08398651331663132,1.8041191101074219,25.56244659423828,1259.6021389786379,0.00016239022406659082,1.0475480556488037,0.9018616676330566,0.9810218214988708,0.9781221747398376,0.7494083642959595,0.9645881056785583,0.757344663143158,0.84375,0.171875,0.571028470993042,0.683365523815155,1.584823489189148
10380,0.7035092115402222,1.1343680620193481,0.013792576268315315,1.2344547510147095,0.057504814118146896,0.9365211725234985,25.307682037353516,1259.5837341164695,0.00016217277331574678,0.9200955033302307,0.7219542264938354,0.987285315990448,0.9852994084358215,0.7289295792579651,0.9702130556106567,0.7865100502967834,0.78125,0.234375,0.781877875328064,0.7883632779121399,1.6062006950378418
10390,0.8139275908470154,1.2667925357818604,0.020707253366708755,1.504257321357727,0.061237722635269165,0.9583685398101807,25.469280242919922,1259.5651318429202,0.0001619553299031284,1.0857410430908203,0.906044602394104,0.9727314114570618,0.95942622423172,0.7270083427429199,0.9631034135818481,0.7629009485244751,0.78125,0.28125,0.538311779499054,0.6918729543685913,1.8243286609649658
10400,0.8104235529899597,1.364225149154663,0.02384009212255478,1.2682896852493286,0.07087837159633636,2.026423454284668,25.942899703979492,1259.5455572225083,0.00016173789439312216,1.12361741065979,1.0439794063568115,0.9801215529441833,0.9708147644996643,0.7175878286361694,0.9666062593460083,0.759765088558197,0.703125,0.40625,0.5793583393096924,0.637060821056366,1.6504113674163818
10410,0.7618348002433777,1.1397072076797485,0.005513984244316816,1.2230372428894043,0.07404259592294693,1.5080915689468384,25.726381301879883,1259.5258560562056,0.00016152046735009418,1.026139736175537,0.881016194820404,0.9810656309127808,0.9818873405456543,0.7838033437728882,0.9683858752250671,0.7503201365470886,0.75,0.328125,0.654642641544342,0.6371440291404724,3.1800663471221924
10420,0.7663113474845886,1.1793497800827026,0.03206522390246391,1.3659034967422485,0.055384401232004166,0.7901274561882019,25.325712203979492,1259.50691053142,0.00016130304933838856,0.9963505268096924,0.7667971253395081,0.9810853004455566,0.9772191047668457,0.6960880756378174,0.9699992537498474,0.8059144616127014,0.90625,0.109375,0.7065300345420837,0.7530523538589478,1.1393288373947144
10430,0.6909316778182983,1.1560472249984741,0.022949974983930588,1.1152143478393555,0.07497528940439224,1.0104857683181763,25.685752868652344,1259.4877179633058,0.000161085640922326,0.9488635063171387,0.8597728610038757,0.9802078604698181,0.973883330821991,0.7134377360343933,0.9688218832015991,0.7969721555709839,0.8125,0.203125,0.683966875076294,0.6964645981788635,1.5925965309143066
10440,0.7434770464897156,1.1316394805908203,0.019909732043743134,1.5945966243743896,0.05402616783976555,1.1464825868606567,25.394407272338867,1259.4705487028007,0.00016086824266620223,0.9819666147232056,0.7949651479721069,0.978565514087677,0.9701226353645325,0.7109475135803223,0.9638116955757141,0.783053457736969,0.78125,0.265625,0.7580933570861816,0.758886992931366,1.11198091506958
10450,0.7470307350158691,1.1128168106079102,0.006514945067465305,1.398198127746582,0.08087722212076187,0.9873689413070679,25.250680923461914,1259.4518475540983,0.00016065085513428665,1.0081595182418823,0.8704291582107544,0.980519711971283,0.9734968543052673,0.748588502407074,0.9679000973701477,0.7845042943954468,0.875,0.140625,0.6362655162811279,0.6587886810302734,1.417263388633728
10460,0.6912146210670471,1.2480195760726929,0.017845449969172478,0.8734830021858215,0.05374549329280853,1.266518473625183,25.39145278930664,1259.4331459715288,0.00016043347889082074,0.9153452515602112,0.7471020817756653,0.974867045879364,0.96187824010849,0.6963016390800476,0.9638537168502808,0.7736513614654541,0.859375,0.15625,0.6697179675102234,0.7818136811256409,1.18543541431427
10470,0.7771462202072144,1.1257368326187134,0.024581599980592728,1.546200156211853,0.06132742762565613,0.9757350087165833,25.70423126220703,1259.4144085185653,0.00016021611450001683,1.0146983861923218,0.7918404936790466,0.9842817783355713,0.9839072823524475,0.7258042097091675,0.9737449884414673,0.8190175294876099,0.875,0.125,0.5990779995918274,0.7174963355064392,1.3359938859939575
10480,0.7147777676582336,1.06015944480896,0.010376790538430214,1.5182303190231323,0.0680467039346695,1.1398932933807373,25.701749801635742,1259.3951927099092,0.00015999876252605633,0.947610080242157,0.776107668876648,0.9804222583770752,0.9707912802696228,0.7335408329963684,0.9734792709350586,0.7925159335136414,0.859375,0.140625,0.5899572372436523,0.7576989531517029,1.1273548603057861
10490,0.7473430037498474,1.0464333295822144,0.022246956825256348,1.4122188091278076,0.07310479879379272,1.1796858310699463,25.77053451538086,1259.376594095865,0.0001597814235330885,1.0017788410186768,0.8481195569038391,0.9804497957229614,0.9738953709602356,0.7309442162513733,0.9740726947784424,0.8221893310546875,0.84375,0.15625,0.6579390168190002,0.6479743123054504,1.5575602054595947
10500,0.7738543748855591,1.1089093685150146,0.05004558339715004,1.5353821516036987,0.06629923731088638,0.7860062122344971,26.732812881469727,1259.3579802229451,0.000159564098085229,1.0007333755493164,0.7562633156776428,0.9849374294281006,0.9818071126937866,0.7776060700416565,0.9799262285232544,0.8105567693710327,0.875,0.140625,0.6232099533081055,0.7394130229949951,1.6534985303878784
10510,0.6971307992935181,1.054111361503601,0.01768600568175316,1.2394789457321167,0.05373937636613846,0.6313519477844238,25.932300567626953,1259.339094853327,0.00015934678674655805,0.9635752439498901,0.8881481289863586,0.977463960647583,0.9716859459877014,0.7268760204315186,0.9689816832542419,0.7872217297554016,0.859375,0.171875,0.5842026472091675,0.6827528476715088,1.538711667060852
10520,0.745284378528595,1.1279306411743164,0.0199404526501894,1.2651803493499756,0.08798135817050934,1.6258786916732788,25.927806854248047,1259.3201354120602,0.00015912949008111955,1.0246978998184204,0.9313782453536987,0.9801115989685059,0.9778203368186951,0.7134659886360168,0.9735523462295532,0.798697292804718,0.84375,0.15625,0.5826001763343811,0.6383060216903687,1.597580075263977
10530,0.7242148518562317,1.0738646984100342,0.017550811171531677,1.4777864217758179,0.05782989412546158,0.9642922878265381,26.164981842041016,1259.3011062223939,0.00015891220865291923,0.97995924949646,0.8524812459945679,0.980567455291748,0.9721822738647461,0.7555760741233826,0.9696239233016968,0.759133517742157,0.828125,0.1875,0.5823577046394348,0.6774004697799683,1.0789021253585815
10540,0.7228415012359619,1.1601024866104126,0.04523354768753052,1.2995812892913818,0.0659032016992569,2.073845624923706,25.853553771972656,1259.2826159838883,0.00015869494302592316,0.9457418918609619,0.7430011630058289,0.9837412238121033,0.9831231236457825,0.767711341381073,0.9707506895065308,0.7800967693328857,0.734375,0.265625,0.7396694421768188,0.740716278553009,1.3290027379989624
10550,0.8037639260292053,1.3136035203933716,0.01429663598537445,1.2785776853561401,0.0691714882850647,1.5080552101135254,25.850521087646484,1259.2635476676385,0.00015847769376405653,1.0804423093795776,0.9222611784934998,0.9770743250846863,0.976474404335022,0.703898549079895,0.96505206823349,0.7594250440597534,0.828125,0.265625,0.5888612270355225,0.6906380653381348,0.9898378849029541
10560,0.7490949630737305,1.0669413805007935,0.015701470896601677,1.5086510181427002,0.06071386858820915,1.226548194885254,25.734634399414062,1259.2447350748564,0.000158260461431202,0.98890221118927,0.7993573546409607,0.9836077094078064,0.9792258739471436,0.7708051800727844,0.968372106552124,0.7672064900398254,0.8125,0.234375,0.6266425848007202,0.6756133437156677,0.913503885269165
10570,0.8752835988998413,1.2176700830459595,0.011938913725316525,1.6961227655410767,0.06414544582366943,1.0204353332519531,25.892396926879883,1259.225353412975,0.00015804324659119822,1.1517534255981445,0.9215660095214844,0.9811857342720032,0.9794833064079285,0.6957860589027405,0.9666234850883484,0.7646889686584473,0.796875,0.234375,0.6400063633918762,0.662697434425354,2.2831575870513916
10580,0.736059844493866,1.2780858278274536,0.008447166532278061,1.1723442077636719,0.07811790704727173,0.9523101449012756,25.918025970458984,1259.2062578460018,0.0001578260498078385,1.0189495086669922,0.9429656267166138,0.9771962761878967,0.9662162065505981,0.6844246983528137,0.9743115305900574,0.809467077255249,0.859375,0.1875,0.5904755592346191,0.6550049185752869,1.6794003248214722
10590,0.6460357308387756,1.0271800756454468,0.02593098022043705,1.1467397212982178,0.05571906641125679,1.1440520286560059,25.56497573852539,1259.1874973847653,0.00015760887164486943,0.8498979806900024,0.6795406937599182,0.9849684238433838,0.9841569066047668,0.7711572051048279,0.9720470905303955,0.7880733609199524,0.78125,0.265625,0.683159351348877,0.8040872812271118,0.6969518661499023
10600,0.7848868370056152,1.029744267463684,0.006716339848935604,1.64346444606781,0.05489901825785637,0.9102237820625305,25.832746505737305,1259.169242121538,0.00015739171266598894,1.024780035018921,0.7996440529823303,0.9860073924064636,0.987986147403717,0.8021559715270996,0.9703446626663208,0.777471661567688,0.78125,0.234375,0.6243119835853577,0.69502854347229,1.5821583271026611
10610,0.7289676666259766,1.1688666343688965,0.022535644471645355,1.2804512977600098,0.06390680372714996,0.8335434794425964,25.813308715820312,1259.1508288723194,0.00015717457343484553,1.0036059617996216,0.9154610633850098,0.9804146885871887,0.9736621379852295,0.722422182559967,0.9759380221366882,0.8154169917106628,0.734375,0.3125,0.6091192364692688,0.630480945110321,1.3943461179733276
10620,0.7268312573432922,1.070386290550232,0.013783195987343788,1.2858142852783203,0.057135626673698425,0.7999873757362366,25.739604949951172,1259.1317461892218,0.00015695745451503612,0.9768482446670532,0.8333899974822998,0.984926164150238,0.9813529849052429,0.7580517530441284,0.9795361161231995,0.8226466774940491,0.875,0.140625,0.6252115368843079,0.6694406270980835,1.5091063976287842
10630,0.680604100227356,1.0381075143814087,0.01629662699997425,1.3254493474960327,0.06060392037034035,0.9843853116035461,25.34078025817871,1259.112861904538,0.0001567403564701051,0.929689884185791,0.8302860260009766,0.9793832898139954,0.98081374168396,0.7640265226364136,0.958149790763855,0.7402323484420776,0.796875,0.234375,0.62892746925354,0.7056629657745361,1.9635143280029297
10640,0.7172938585281372,1.1346948146820068,0.009215077385306358,1.3466025590896606,0.07639989256858826,1.3112938404083252,25.459983825683594,1259.0946129491062,0.0001565232798635427,0.9900169372558594,0.9090768098831177,0.9758867621421814,0.9625508189201355,0.7292142510414124,0.9699258804321289,0.7870778441429138,0.828125,0.171875,0.6652166843414307,0.6695342063903809,1.2419918775558472
10650,0.7037187814712524,1.086608648300171,0.05161008983850479,1.4019215106964111,0.06308380514383316,1.6784793138504028,25.34847640991211,1259.0763141885054,0.00015630622525878335,0.9253373742103577,0.7387286424636841,0.9783406257629395,0.9687696099281311,0.759304940700531,0.9680064916610718,0.7955111861228943,0.78125,0.234375,0.7122189998626709,0.7773124575614929,0.8132479786872864
10660,0.6836217641830444,1.090956449508667,0.03625022992491722,1.0633975267410278,0.06073954328894615,0.8373168706893921,25.4644718170166,1259.058302419318,0.00015608919321920457,0.904109001159668,0.7349574565887451,0.9852713942527771,0.9825615882873535,0.7693310976028442,0.9673120379447937,0.7784430980682373,0.84375,0.234375,0.6293879151344299,0.7410914897918701,0.8347012400627136
10670,0.6841989159584045,1.0692315101623535,0.027811473235487938,1.252709984779358,0.06452164798974991,1.401037573814392,25.763874053955078,1259.0397526797462,0.00015587218430812512,0.9392617344856262,0.8502093553543091,0.9867994785308838,0.9809751510620117,0.7701197862625122,0.9742417335510254,0.7969875335693359,0.8125,0.203125,0.6028752326965332,0.7037622928619385,1.293486475944519
10680,0.683545708656311,1.061989188194275,0.00723095890134573,1.4485561847686768,0.06042063236236572,0.7418188452720642,25.682571411132812,1259.0213838488792,0.00015565519908880383,0.8867626190185547,0.6773897409439087,0.9794772863388062,0.9723033308982849,0.7891712784767151,0.9692323803901672,0.7850133776664734,0.875,0.1875,0.687064528465271,0.771693766117096,0.9212557077407837
10690,0.679503321647644,1.0243223905563354,0.0138534065335989,1.203158974647522,0.06468778848648071,1.1146812438964844,25.723325729370117,1259.0034301501917,0.00015543823812443804,0.9169487953186035,0.7914847731590271,0.9829080700874329,0.9825006127357483,0.7724984884262085,0.9747443199157715,0.7972396016120911,0.90625,0.09375,0.621026337146759,0.7180358171463013,1.4890191555023193
10700,0.7528653740882874,1.114856243133545,0.08357644826173782,1.2229880094528198,0.06799285113811493,1.2298121452331543,25.119461059570312,1258.9841440473226,0.0001552213019781621,0.9744774699211121,0.7387068867683411,0.9849066734313965,0.9806005954742432,0.7330226302146912,0.9676647782325745,0.7740761637687683,0.9375,0.0625,0.6928789615631104,0.7306217551231384,1.293409824371338
10710,0.7510783076286316,1.1672574281692505,0.00630910275503993,1.2661707401275635,0.08276906609535217,0.860433042049408,25.183727264404297,1258.965156847325,0.0001550043912130459,1.0942511558532715,1.1439095735549927,0.9715912938117981,0.9567840695381165,0.6654501557350159,0.9668964147567749,0.7872453927993774,0.8125,0.203125,0.47505903244018555,0.5294097065925598,2.559068202972412
10720,0.753098726272583,1.134311556816101,0.03654933720827103,1.4116932153701782,0.07681835442781448,1.8100908994674683,25.867525100708008,1258.9465052714543,0.00015478750639209374,1.0237348079681396,0.9021199941635132,0.9793165922164917,0.9762453436851501,0.7320253849029541,0.9701709747314453,0.7718181610107422,0.796875,0.234375,0.5890299081802368,0.6752800345420837,1.6540528535842896
10730,0.713388204574585,1.0359296798706055,0.006168442312628031,1.3960715532302856,0.07264749705791473,0.6757898330688477,25.729759216308594,1258.928667281965,0.000154570648078242,0.9734342098236084,0.8668199777603149,0.9756442308425903,0.974036455154419,0.7476466298103333,0.9658378958702087,0.7762832641601562,0.859375,0.15625,0.6064533591270447,0.6379164457321167,1.8958231210708618
10740,0.7569941282272339,1.1459832191467285,0.015159458853304386,1.4406086206436157,0.07364819198846817,0.834374725818634,25.473052978515625,1258.9103281373132,0.00015435381683435892,1.0290498733520508,0.9068524837493896,0.9774412512779236,0.9790536761283875,0.7854360938072205,0.9720379710197449,0.7937989234924316,0.890625,0.171875,0.5720571279525757,0.6306923031806946,2.519712448120117
10750,0.7733515501022339,1.034266471862793,0.01703093759715557,1.7604012489318848,0.06318157911300659,0.955389142036438,26.60917854309082,1258.8920083448334,0.00015413701322324202,1.0090793371200562,0.7857592701911926,0.9761954545974731,0.9747678637504578,0.7415509819984436,0.9682617783546448,0.7728725075721741,0.84375,0.171875,0.6659113764762878,0.7113560438156128,1.6542969942092896
10760,0.6978499293327332,1.1003111600875854,0.0272415392100811,1.163120150566101,0.07010647654533386,1.0251320600509644,25.89352035522461,1258.8740733044294,0.00015392023780761726,0.9989413619041443,1.0036380290985107,0.9765522480010986,0.9645972847938538,0.69334477186203,0.966816246509552,0.778472363948822,0.796875,0.265625,0.6109777688980103,0.7131497859954834,1.2391773462295532
10770,0.6809194087982178,1.1106475591659546,0.01364823617041111,1.1595433950424194,0.0739954486489296,0.7679591774940491,25.897483825683594,1258.856809948643,0.00015370349115013742,0.961499810218811,0.9352679252624512,0.9758216142654419,0.9669764637947083,0.7066733241081238,0.9714384078979492,0.7953181266784668,0.796875,0.203125,0.6011039018630981,0.6669670343399048,1.5404852628707886
10780,0.7603835463523865,1.2258551120758057,0.017331063747406006,1.136144757270813,0.07805691659450531,1.1190789937973022,25.462440490722656,1258.8384140282699,0.0001534867738133806,1.0572965145111084,0.989709734916687,0.9769845604896545,0.9722048044204712,0.7316015958786011,0.9677385091781616,0.784927487373352,0.78125,0.296875,0.5813804864883423,0.631702184677124,1.9051729440689087
10790,0.787123441696167,1.2331030368804932,0.016780031844973564,1.457229495048523,0.05121395364403725,0.9421715140342712,25.589725494384766,1258.8201537494547,0.00015327008635984885,0.9903541803359985,0.6774358153343201,0.9873083829879761,0.9878251552581787,0.796416163444519,0.9684649705886841,0.7768264412879944,0.765625,0.328125,0.7285014390945435,0.7951452136039734,0.7833239436149597
10800,0.8035534620285034,1.187739610671997,0.014826681464910507,1.4850369691848755,0.06450525671243668,1.3939626216888428,25.893444061279297,1258.8015111734253,0.0001530534293519666,1.0072141885757446,0.6788691878318787,0.9844302535057068,0.9860586524009705,0.822864294052124,0.9685809016227722,0.7714705467224121,0.796875,0.25,0.6928473711013794,0.7669750452041626,0.9067202210426331
10810,0.8609034419059753,1.2876794338226318,0.03156065195798874,1.4719560146331787,0.07124312222003937,1.4027823209762573,26.54039764404297,1258.7828558430892,0.00015283680335207928,1.1122442483901978,0.8378027677536011,0.985011637210846,0.9792060852050781,0.7287644743919373,0.9764100313186646,0.8164026141166687,0.859375,0.171875,0.5887843370437622,0.67723548412323,1.2630815505981445
10820,0.7669374942779541,1.2562370300292969,0.01663075014948845,1.2708592414855957,0.06943029165267944,1.0239346027374268,26.22003746032715,1258.7644008079012,0.00015262020892245183,1.0110279321670532,0.8136348128318787,0.9811173677444458,0.9792373776435852,0.7154721021652222,0.9684825539588928,0.7811205983161926,0.78125,0.28125,0.6566026210784912,0.7500439882278442,1.1474452018737793
10830,0.8066767454147339,1.1650364398956299,0.07149295508861542,1.648836374282837,0.07884751260280609,0.907055139541626,25.764097213745117,1258.7459042695302,0.00015240364662526734,1.0693057775497437,0.8754299283027649,0.9828996062278748,0.9786682724952698,0.7254101634025574,0.9690776467323303,0.778867781162262,0.796875,0.265625,0.659089207649231,0.642897367477417,1.519629955291748
10840,0.6563366055488586,1.1780879497528076,0.008897925727069378,1.0447754859924316,0.07305829972028732,2.2790048122406006,25.37223243713379,1258.7270405062552,0.00015218711702262529,0.9294139742851257,0.910257875919342,0.9739867448806763,0.9480319619178772,0.6195847392082214,0.9680957198143005,0.8103832006454468,0.765625,0.25,0.6471695303916931,0.6942213773727417,1.359083652496338
10850,0.6559234857559204,1.066512107849121,0.012141414918005466,1.1122080087661743,0.05295068770647049,0.9024050235748291,25.50704002380371,1258.7085417250291,0.00015197062067654043,0.9002429842948914,0.8143982887268066,0.9752330780029297,0.96958988904953,0.7339129447937012,0.9703043699264526,0.8014143705368042,0.8125,0.1875,0.591747522354126,0.7019200325012207,1.0870863199234009
10860,0.6890223622322083,1.0813835859298706,0.03312236815690994,1.2344653606414795,0.055306222289800644,0.8193520307540894,25.850914001464844,1258.6906627016986,0.0001517541581489413,0.9432465434074402,0.8474138975143433,0.975802481174469,0.9662967324256897,0.7332961559295654,0.9639095664024353,0.77547687292099,0.859375,0.140625,0.5776346921920776,0.7183103561401367,1.399257779121399
10870,0.7310536503791809,1.1377071142196655,0.018493235111236572,1.4856457710266113,0.07092289626598358,1.070639967918396,26.10275650024414,1258.6724774203171,0.00015153773000166842,0.9708328247070312,0.7992638945579529,0.9750260710716248,0.9694673418998718,0.7011681795120239,0.9616032242774963,0.7698273658752441,0.765625,0.25,0.7178061008453369,0.7387516498565674,1.1925930976867676
10880,0.7861492037773132,1.2160893678665161,0.014068965800106525,1.4314032793045044,0.0636868104338646,0.9634825587272644,25.976547241210938,1258.654040171005,0.0001513213367964733,1.0533413887023926,0.8906407356262207,0.9821973443031311,0.9777005910873413,0.763418436050415,0.9717797636985779,0.7847906351089478,0.859375,0.21875,0.5901678800582886,0.6695983409881592,1.6726454496383667
10890,0.7397773861885071,1.0104840993881226,0.02863973379135132,1.5130552053451538,0.05255528911948204,1.178755521774292,25.62830924987793,1258.6361875503392,0.00015110497909501656,1.0008571147918701,0.870265781879425,0.9797037243843079,0.980171799659729,0.756014883518219,0.9613471627235413,0.751859724521637,0.890625,0.140625,0.5476317405700684,0.7075458765029907,1.4033679962158203
10900,0.7631551027297974,1.2099459171295166,0.011895940639078617,1.3132432699203491,0.06784238666296005,1.3916785717010498,25.642513275146484,1258.618244894312,0.0001508886574588668,1.0272144079208374,0.8801977634429932,0.9884913563728333,0.9879307746887207,0.7840315699577332,0.9705268144607544,0.7968471050262451,0.71875,0.359375,0.6111899018287659,0.6703667640686035,1.6789964437484741
10910,0.7198868989944458,1.0711957216262817,0.043713390827178955,1.3168749809265137,0.04325146600604057,0.9571611881256104,25.385364532470703,1258.6006400823253,0.00015067237244949897,0.9238023161888123,0.679718017578125,0.9856472611427307,0.981889009475708,0.7540497779846191,0.9699869751930237,0.7861462235450745,0.84375,0.171875,0.6740236282348633,0.7901903390884399,0.7939199805259705
10920,0.7685403823852539,1.0659042596817017,0.009040987119078636,1.630883812904358,0.059908609837293625,0.8520641326904297,25.608678817749023,1258.5831164317099,0.00015045612462829297,0.9821029305458069,0.7118752002716064,0.9850632548332214,0.9844717979431152,0.8094375133514404,0.9751606583595276,0.8173912763595581,0.84375,0.171875,0.6771464943885803,0.7062358856201172,1.6717387437820435
10930,0.7922295331954956,1.3043559789657593,0.020240293815732002,1.4261538982391357,0.07108475267887115,1.4478939771652222,25.542037963867188,1258.5662178698335,0.00015023991455653216,1.053352952003479,0.8704113364219666,0.9798609614372253,0.9760922193527222,0.6875709295272827,0.9648280143737793,0.7749153971672058,0.75,0.3125,0.6732822060585022,0.730289101600647,1.0768519639968872
10940,0.7853533029556274,1.1764960289001465,0.00973668321967125,1.5284560918807983,0.06840410828590393,0.8240658640861511,26.068145751953125,1258.5481062637618,0.00015002374279540198,1.0654754638671875,0.9337407350540161,0.985139012336731,0.9852356314659119,0.7826051712036133,0.9730527400970459,0.7969314455986023,0.8125,0.265625,0.6255669593811035,0.6486786603927612,2.5105741024017334
10950,0.7142923474311829,1.1669361591339111,0.01091030240058899,1.2811744213104248,0.0714537724852562,1.3766517639160156,25.518770217895508,1258.5301118292998,0.00014980760990598827,0.9375327825546265,0.744134783744812,0.9786388278007507,0.972787618637085,0.7386388778686523,0.9686095714569092,0.7923098206520081,0.8125,0.234375,0.7049120664596558,0.7391853928565979,1.3578652143478394
10960,0.7715845108032227,1.1551226377487183,0.015720751136541367,1.480974793434143,0.07357773929834366,1.1173070669174194,25.59697723388672,1258.5122779559117,0.00014959151644927608,1.049358606338501,0.9259136915206909,0.9841070771217346,0.9758241772651672,0.7405068874359131,0.9744612574577332,0.8019236922264099,0.765625,0.375,0.6668314933776855,0.6558173298835754,1.7821922302246094
10970,0.7221468687057495,0.9974499344825745,0.02427847497165203,1.3635181188583374,0.06168828159570694,1.5561037063598633,25.954635620117188,1258.4954840079267,0.00014937546298614824,0.9759879112243652,0.846136748790741,0.9810478687286377,0.9856138825416565,0.7745226621627808,0.9703578352928162,0.7627388834953308,0.796875,0.21875,0.5777080059051514,0.6735566854476929,1.57148277759552
10980,0.7937822341918945,1.2932311296463013,0.02795916423201561,1.1633800268173218,0.07202346622943878,1.0232419967651367,25.799928665161133,1258.4781805046835,0.0001491594500773835,1.0517699718475342,0.8599591255187988,0.9792051315307617,0.9788038730621338,0.7482982277870178,0.9716053009033203,0.7816399335861206,0.90625,0.125,0.6192092299461365,0.6727139949798584,1.3246793746948242
10990,0.7260491847991943,1.2217926979064941,0.023036964237689972,1.2643662691116333,0.050009626895189285,1.0218108892440796,26.178184509277344,1258.460830255129,0.00014894347828365561,0.9347221851348877,0.695576548576355,0.9854276776313782,0.9774582982063293,0.7326732873916626,0.9717286229133606,0.8061195611953735,0.875,0.15625,0.7008271813392639,0.7770949006080627,1.0911006927490234
11000,0.6807273030281067,1.0545378923416138,0.008106603287160397,1.273658037185669,0.07373417168855667,0.9610101580619812,26.292966842651367,1258.4434609777138,0.00014872754816553141,0.9183698892593384,0.7921419739723206,0.9808993935585022,0.9769560694694519,0.7569922208786011,0.9757995009422302,0.8094764947891235,0.828125,0.171875,0.6350477933883667,0.704829752445221,1.2461179494857788
11010,0.7082606554031372,1.1599611043930054,0.02009398676455021,1.1878005266189575,0.07832158356904984,0.7623379230499268,26.04787826538086,1258.4261293968768,0.00014851166028346965,1.004730463027954,0.9882324934005737,0.9752406477928162,0.9662046432495117,0.6961946487426758,0.966194212436676,0.7875419855117798,0.84375,0.15625,0.5576583743095398,0.6219969391822815,2.225645065307617
11020,0.6473894715309143,0.9763796329498291,0.014139503240585327,1.347715139389038,0.05479486286640167,0.9085701704025269,26.316020965576172,1258.4084396752119,0.00014829581519781946,0.8953292965888977,0.8264660835266113,0.9784368872642517,0.9734949469566345,0.7438693046569824,0.9689109921455383,0.7820895314216614,0.875,0.125,0.618097722530365,0.7091630697250366,1.7698092460632324
11030,0.7419341802597046,1.1348435878753662,0.008524172939360142,1.3861151933670044,0.06689350306987762,0.8085054159164429,26.358448028564453,1258.3903792837973,0.0001480800134688189,1.0295230150222778,0.9586294889450073,0.9868271946907043,0.9818218946456909,0.7620396018028259,0.976005494594574,0.7905584573745728,0.859375,0.15625,0.543580949306488,0.6124251484870911,1.5997604131698608
11040,0.745635986328125,1.104331612586975,0.03120383806526661,1.3595991134643555,0.06314048171043396,0.8145541548728943,25.557527542114258,1258.3725702826637,0.00014786425565659354,0.9918537139892578,0.820725679397583,0.9802902936935425,0.9715189933776855,0.7178714275360107,0.9749420881271362,0.8135488033294678,0.859375,0.15625,0.6365578770637512,0.6852383017539978,1.421491026878357
11050,0.7836772799491882,1.198546051979065,0.00827070977538824,1.321035385131836,0.06192951649427414,1.2506754398345947,26.078020095825195,1258.3544078051318,0.0001476485423211547,1.0679455995559692,0.9475609064102173,0.9809849858283997,0.9774863123893738,0.7140133380889893,0.9646143913269043,0.7741511464118958,0.84375,0.1875,0.5867279171943665,0.6701602339744568,2.1898248195648193
11060,0.7939854264259338,1.3266386985778809,0.027946781367063522,1.1779853105545044,0.06789438426494598,0.7468189597129822,25.63402557373047,1258.3360244460089,0.00014743287402239867,1.1060631275177002,1.0402588844299316,0.975680410861969,0.9662023186683655,0.6942978501319885,0.9715220928192139,0.7925199866294861,0.84375,0.25,0.5064333081245422,0.6406489610671997,1.8512394428253174
11070,0.7393126487731934,1.2401458024978638,0.021576223894953728,1.2090009450912476,0.06956770271062851,0.7511070370674133,26.98459815979004,1258.3176920248675,0.0001472172513201045,0.9709396362304688,0.7720898389816284,0.9824255108833313,0.9816690683364868,0.7775716185569763,0.9770287275314331,0.8105858564376831,0.796875,0.25,0.6871799230575562,0.763485312461853,1.6931017637252808
11080,0.7524563074111938,1.0168997049331665,0.03357137739658356,1.6427019834518433,0.045641057193279266,0.7351841330528259,26.268829345703125,1258.300747828155,0.00014700167477393306,0.9742109775543213,0.7391822338104248,0.9791086316108704,0.9806112051010132,0.7865368723869324,0.9681767225265503,0.7809123396873474,0.78125,0.25,0.6446239352226257,0.7394038438796997,0.7314479947090149
11090,0.6304339170455933,0.9813680648803711,0.015514812432229519,1.1390392780303955,0.05515383929014206,0.9805688858032227,26.306133270263672,1258.2824996821596,0.00014678614494342539,0.8150156140327454,0.6152722835540771,0.9844977855682373,0.9793152809143066,0.8181615471839905,0.9697299003601074,0.7896089553833008,0.765625,0.265625,0.7484841346740723,0.7979773283004761,0.8542483448982239
11100,0.7320501804351807,1.0358335971832275,0.03247874602675438,1.4484171867370605,0.0451476089656353,1.0396778583526611,25.887630462646484,1258.2641882474084,0.00014657066238800125,0.9737328886985779,0.8056089878082275,0.9869883060455322,0.9841170907020569,0.7335710525512695,0.9722433090209961,0.7785213589668274,0.859375,0.171875,0.5644582509994507,0.7472966909408569,0.6080308556556702
11110,0.7026182413101196,1.020860195159912,0.012140372768044472,1.4148777723312378,0.06462713330984116,1.0347912311553955,25.760499954223633,1258.2459871276646,0.00014635522766695772,0.997043251991272,0.9814165234565735,0.9813551306724548,0.9771179556846619,0.7098324298858643,0.967953622341156,0.7709324955940247,0.796875,0.234375,0.6031877398490906,0.6590031385421753,2.1028430461883545
11120,0.7620698809623718,1.2079038619995117,0.019696345552802086,1.2911932468414307,0.06630232185125351,1.6422039270401,26.438432693481445,1258.2279764175528,0.0001461398413394677,0.9716824293136597,0.6987083554267883,0.9877586364746094,0.9868664145469666,0.7840683460235596,0.96956866979599,0.7731370329856873,0.828125,0.21875,0.7073959708213806,0.7202540040016174,0.5742045044898987
11130,0.785753607749939,1.282634973526001,0.0080020222812891,1.3061856031417847,0.060316119343042374,1.0045636892318726,25.861555099487305,1258.2103719128359,0.0001459245039645785,1.0399714708328247,0.8473928570747375,0.9833180904388428,0.9763607382774353,0.7397425770759583,0.9703475832939148,0.7939655184745789,0.75,0.359375,0.6238450407981873,0.669137716293335,1.2094203233718872
11140,0.7903264760971069,1.2173988819122314,0.015513522550463676,1.400503158569336,0.0771130695939064,1.6573642492294312,26.130727767944336,1258.1939790271326,0.00014570921610121038,1.0738446712493896,0.9450608491897583,0.9846848249435425,0.9817965626716614,0.7162104249000549,0.9730314612388611,0.7928087115287781,0.78125,0.28125,0.6008327603340149,0.6404075026512146,1.2376583814620972
11150,0.686967134475708,1.089474081993103,0.018191564828157425,1.1917701959609985,0.05904078483581543,0.7656363844871521,26.368974685668945,1258.1772406623168,0.00014549397830815515,0.9251114130020142,0.7938141822814941,0.9756934642791748,0.9622002840042114,0.7231426239013672,0.9702264666557312,0.7841998338699341,0.875,0.125,0.6707366704940796,0.7316187024116516,1.566501259803772
11160,0.7020162343978882,1.1860158443450928,0.027441339567303658,1.3660457134246826,0.06520558148622513,0.9990427494049072,26.165725708007812,1258.159835205034,0.00014527879114407445,0.9352099299430847,0.7773123383522034,0.9787091612815857,0.9571298360824585,0.668136715888977,0.9711150527000427,0.8014664649963379,0.875,0.15625,0.7026882171630859,0.7582640647888184,0.7904090881347656
11170,0.750097393989563,1.1039152145385742,0.01704917661845684,1.238458514213562,0.0766773521900177,1.4048563241958618,26.149160385131836,1258.1422929213413,0.0001450636551674987,1.0463159084320068,0.9873950481414795,0.9812145233154297,0.9761905074119568,0.7361411452293396,0.9677180647850037,0.7824492454528809,0.796875,0.3125,0.585019588470459,0.6197207570075989,2.488448143005371
11180,0.7446045875549316,1.2011418342590332,0.02497253380715847,1.3280324935913086,0.06431735306978226,1.1544374227523804,26.09080696105957,1258.124836023757,0.00014484857093682545,0.9776515364646912,0.7768231630325317,0.985916018486023,0.9796828627586365,0.7409319281578064,0.9691334366798401,0.78924161195755,0.8125,0.1875,0.6735773682594299,0.7125529050827026,1.3813751935958862
11190,0.8059402704238892,1.3023757934570312,0.031341250985860825,1.4536232948303223,0.05955929309129715,1.4435420036315918,26.290817260742188,1258.1076437826337,0.00014463353901031785,1.0910626649856567,0.9504079818725586,0.9849210977554321,0.972478449344635,0.6678727269172668,0.9758089780807495,0.8253237009048462,0.78125,0.25,0.5645066499710083,0.6638042330741882,0.9348273873329163
11200,0.7005258798599243,1.121496558189392,0.02120768278837204,1.4500744342803955,0.06388849765062332,0.771110475063324,26.113571166992188,1258.0910466447624,0.00014441855994610337,0.9061936736106873,0.6855592131614685,0.9841421842575073,0.9788780212402344,0.7351593971252441,0.9676862359046936,0.7799334526062012,0.890625,0.109375,0.6711266040802002,0.7617520689964294,0.8395235538482666
11210,0.663749098777771,1.1043390035629272,0.01408003643155098,1.2758097648620605,0.058783337473869324,0.8808723092079163,26.682849884033203,1258.0732452337606,0.00014420363430217226,0.8938737511634827,0.767082154750824,0.9849258661270142,0.9792717695236206,0.7382780313491821,0.9675844311714172,0.797926127910614,0.8125,0.234375,0.6477137207984924,0.7395427823066711,1.2042254209518433
11220,0.7174521684646606,1.0431753396987915,0.007960639894008636,1.4776185750961304,0.05300653725862503,0.8681928515434265,26.39374542236328,1258.0562000671207,0.000143988762636376,0.9584141969680786,0.8032066822052002,0.9803459644317627,0.9789009094238281,0.7762702703475952,0.9729533791542053,0.7822808623313904,0.8125,0.25,0.6123377084732056,0.7394251823425293,0.6392280459403992
11230,0.7085029482841492,1.1127701997756958,0.012788955122232437,1.2310551404953003,0.06004325672984123,1.8168153762817383,26.613174438476562,1258.039102957044,0.00014377394550642617,0.9688605070114136,0.8678584098815918,0.9772127270698547,0.9682506918907166,0.7115889191627502,0.9657378196716309,0.7695105075836182,0.78125,0.25,0.6224748492240906,0.6985276341438293,1.2874161005020142
11240,0.7863836884498596,1.0731242895126343,0.03580210730433464,1.5238995552062988,0.060471635311841965,0.8443660140037537,26.545923233032227,1258.0221604777385,0.00014355918346989262,1.0360815525054932,0.8323262929916382,0.9878695011138916,0.9843185544013977,0.7532359957695007,0.96841961145401,0.768632173538208,0.875,0.125,0.6011673212051392,0.6772050857543945,0.9654980897903442
11250,0.6706233024597168,1.0245517492294312,0.013009263202548027,1.3512340784072876,0.0527459941804409,0.7466594576835632,26.261465072631836,1258.0050568149793,0.00014334447708420236,0.9073927998542786,0.7892315983772278,0.9759255051612854,0.9651538729667664,0.747749924659729,0.9702883958816528,0.7869142293930054,0.84375,0.171875,0.6236122250556946,0.7201312780380249,1.7240415811538696
11260,0.7432328462600708,1.2445049285888672,0.005066738463938236,1.1474672555923462,0.06317053735256195,0.7628342509269714,26.160675048828125,1257.9877581137969,0.00014312982690663784,1.0055426359176636,0.874366044998169,0.9831877946853638,0.9768466353416443,0.7251161336898804,0.9759519696235657,0.7990131974220276,0.859375,0.1875,0.5946652293205261,0.6809605360031128,1.2235677242279053
11270,0.6455939412117004,1.0155911445617676,0.023481348529458046,1.0313491821289062,0.06172522157430649,0.9037940502166748,26.291988372802734,1257.9702954460465,0.00014291523349433557,0.8851529955863953,0.7985301613807678,0.9816530346870422,0.9788187146186829,0.7100965976715088,0.9692187309265137,0.8012159466743469,0.84375,0.1875,0.690179705619812,0.7199118137359619,2.136596202850342
11280,0.655620276927948,1.0813592672348022,0.014421561732888222,1.1562621593475342,0.05615170672535896,0.8874878287315369,26.346471786499023,1257.9529688613352,0.00014270069740428487,0.8942022323608398,0.7952732443809509,0.9834564924240112,0.979343831539154,0.7465302348136902,0.9739816784858704,0.7846692204475403,0.875,0.140625,0.637582540512085,0.7191398739814758,1.128092885017395
11290,0.5830568671226501,1.0461726188659668,0.043259263038635254,0.8234843611717224,0.06674733757972717,0.9675318002700806,25.960145950317383,1257.935708099748,0.0001424862191933262,0.8297328352928162,0.8222532272338867,0.9805487394332886,0.9598305821418762,0.7030595541000366,0.9705053567886353,0.7800542116165161,0.84375,0.203125,0.6354266405105591,0.7162533402442932,0.8536398410797119
11300,0.7036371827125549,1.1603721380233765,0.03659196197986603,1.2101397514343262,0.06650004535913467,1.1109367609024048,26.515094757080078,1257.9176933780764,0.00014227179941814978,0.9661151170730591,0.8749262690544128,0.9799726009368896,0.9690291285514832,0.6792124509811401,0.9713234305381775,0.7990944981575012,0.765625,0.3125,0.640740692615509,0.7157931923866272,1.1753900051116943
11310,0.7710085511207581,1.2995786666870117,0.041605930775403976,0.9893242716789246,0.05377576872706413,1.647418737411499,26.89640998840332,1257.900615630933,0.00014205743863529422,1.025384783744812,0.847920835018158,0.9778808951377869,0.9466705918312073,0.6786802411079407,0.9683168530464172,0.7849218249320984,0.78125,0.25,0.6233705282211304,0.736114501953125,0.920669436454773
11320,0.6675759553909302,0.9467086791992188,0.0035129180178046227,1.3195589780807495,0.054715368896722794,0.8370171785354614,26.51760482788086,1257.8837343902824,0.00014184313740114496,0.8748623728752136,0.6909546852111816,0.9933376908302307,0.9933612942695618,0.8520328998565674,0.9720596671104431,0.7788256406784058,0.828125,0.1875,0.6444497108459473,0.7576774954795837,0.9775646328926086
11330,0.7628344297409058,1.1253911256790161,0.018441544845700264,1.5022547245025635,0.057047370821237564,0.9297255873680115,26.082168579101562,1257.8668649243666,0.00014162889627193287,1.0291163921356201,0.8876066207885742,0.9777622222900391,0.9704515933990479,0.7389675974845886,0.9689018130302429,0.7860236763954163,0.796875,0.21875,0.5913064479827881,0.6637898087501526,1.5761557817459106
11340,0.708599328994751,1.0440460443496704,0.011735817417502403,1.3204783201217651,0.0667603388428688,0.9467676281929016,26.167652130126953,1257.8490262215926,0.00014141471580373275,0.9593446254730225,0.8358175754547119,0.9838852882385254,0.9842967391014099,0.7311585545539856,0.967666506767273,0.7848712205886841,0.828125,0.21875,0.6238212585449219,0.6756383180618286,1.2542762756347656
11350,0.8392762541770935,1.3729841709136963,0.009954947978258133,1.2356345653533936,0.06437736004590988,1.1863725185394287,26.916833877563477,1257.8316423252872,0.00014120059655246218,1.0817995071411133,0.8084108829498291,0.9841558933258057,0.981174647808075,0.7450316548347473,0.9754800796508789,0.8076797127723694,0.890625,0.15625,0.6023884415626526,0.7126886248588562,1.1376886367797852
11360,0.8014910221099854,1.109750509262085,0.04235506057739258,1.559293270111084,0.06782437115907669,1.422099232673645,25.92095947265625,1257.814405928409,0.00014098653907387962,1.0733429193496704,0.9061729907989502,0.9796062111854553,0.9728354811668396,0.7196003198623657,0.9681097269058228,0.7788161635398865,0.734375,0.296875,0.6281794905662537,0.675624430179596,1.074796438217163
11370,0.7106165289878845,1.1493189334869385,0.00869324803352356,1.4388929605484009,0.06572725623846054,1.0658397674560547,25.940692901611328,1257.7965814572779,0.00014077254392358334,0.9586837291717529,0.8268906474113464,0.9821428060531616,0.9699464440345764,0.708158552646637,0.9692703485488892,0.8013172149658203,0.890625,0.109375,0.5904582738876343,0.6820138096809387,0.9784433841705322
11380,0.7589123249053955,1.0731288194656372,0.009342637844383717,1.3994263410568237,0.05124036595225334,1.0882656574249268,26.129667282104492,1257.779167929733,0.00014055861165700965,0.9936894178390503,0.7825902700424194,0.9799310564994812,0.9807243943214417,0.7825829386711121,0.9672518968582153,0.7552052140235901,0.875,0.1875,0.6176807284355164,0.7309229969978333,1.2780810594558716
11390,0.6867051720619202,0.9594900608062744,0.011118288151919842,1.2510710954666138,0.0660109594464302,0.8793036341667175,26.221172332763672,1257.7612706159068,0.00014034474282943185,0.9043967127799988,0.7256385087966919,0.9863811731338501,0.9841865301132202,0.7919561862945557,0.9717214703559875,0.7738209962844849,0.90625,0.125,0.6546043157577515,0.725368082523346,1.3360052108764648
11400,0.7370325326919556,1.2561635971069336,0.013391030952334404,1.0456461906433105,0.0586567185819149,1.1854487657546997,26.276044845581055,1257.7444170323508,0.00014013093799595844,0.9787241816520691,0.8056387305259705,0.9822263717651367,0.9767367243766785,0.7420694231987,0.9714453816413879,0.783572793006897,0.78125,0.25,0.6489875316619873,0.7459467053413391,1.105368733406067
11410,0.6382502317428589,1.011401653289795,0.06325233727693558,1.1177057027816772,0.04227951914072037,1.1832406520843506,26.493024826049805,1257.7274026364094,0.00013991719771153192,0.8403984308242798,0.6738272309303284,0.9848484396934509,0.9803575277328491,0.7826764583587646,0.9726565480232239,0.7745129466056824,0.875,0.125,0.67384934425354,0.7663751244544983,0.9670776724815369
11420,0.7321635484695435,1.0370057821273804,0.014029089361429214,1.4816114902496338,0.056185729801654816,0.8138315677642822,25.95585060119629,1257.7109586692602,0.00013970352253092714,0.940088152885437,0.6930819153785706,0.988177478313446,0.9864751100540161,0.7747905850410461,0.9729278087615967,0.8031774163246155,0.828125,0.21875,0.685728907585144,0.728721559047699,0.9818010926246643
11430,0.8327321410179138,1.198022484779358,0.04064221680164337,1.6792155504226685,0.07868699729442596,2.2774879932403564,26.49983024597168,1257.6942891477408,0.00013948991300875017,1.08332359790802,0.8353047966957092,0.9784600734710693,0.9715076684951782,0.7158498764038086,0.9631382822990417,0.7719895243644714,0.75,0.28125,0.7016361355781555,0.7157801389694214,1.1363815069198608
11440,0.7340388894081116,1.0293220281600952,0.03284287452697754,1.597346305847168,0.07037820667028427,1.1024856567382812,26.27170753479004,1257.6778627338017,0.00013927636969943635,0.9818615913391113,0.8260756134986877,0.9829512238502502,0.9858161807060242,0.8036662936210632,0.969428300857544,0.7707086801528931,0.734375,0.296875,0.6074976325035095,0.7077741026878357,1.0988924503326416
11450,0.7205411791801453,1.037913203239441,0.03978012129664421,1.5794378519058228,0.06139243021607399,1.2040005922317505,26.754911422729492,1257.6616221053098,0.00013906289315724938,0.9534574151039124,0.7763873934745789,0.983590841293335,0.9774000644683838,0.7417752146720886,0.9698373079299927,0.8059139847755432,0.71875,0.3125,0.6956140995025635,0.7307637333869934,1.2163012027740479
11460,0.7143873572349548,1.2518342733383179,0.007670084945857525,1.027274250984192,0.07651275396347046,0.9536215662956238,26.398977279663086,1257.6459388031435,0.00013884948393627964,0.9773176312446594,0.8764342069625854,0.9806766510009766,0.9731881618499756,0.721906840801239,0.9753636717796326,0.8117536306381226,0.890625,0.171875,0.5822462439537048,0.678276538848877,1.5322898626327515
11470,0.7029932737350464,1.1308960914611816,0.024956556037068367,1.0983630418777466,0.050291962921619415,1.2103222608566284,26.196842193603516,1257.6298778443238,0.00013863614259044274,0.9147453308105469,0.7058402299880981,0.9822693467140198,0.9771759510040283,0.7613645792007446,0.9730105996131897,0.7940740585327148,0.796875,0.234375,0.6721159815788269,0.7827615737915039,0.624656081199646
11480,0.7211081385612488,1.2025433778762817,0.014862793497741222,1.1396723985671997,0.06580929458141327,0.7630078196525574,26.20281410217285,1257.6133596266322,0.00013842286967347814,0.9401376843452454,0.7300984263420105,0.9860840439796448,0.9820250868797302,0.7892560362815857,0.9787452220916748,0.808888852596283,0.875,0.140625,0.6395464539527893,0.745453953742981,0.9473918080329895
11490,0.6867581605911255,1.1872061491012573,0.020732330158352852,1.0103386640548706,0.048776011914014816,0.953830361366272,26.330137252807617,1257.5970629210415,0.00013820966573894762,0.9132270216941833,0.7548961639404297,0.982167661190033,0.974867582321167,0.7553886771202087,0.9732242226600647,0.8156611323356628,0.859375,0.15625,0.5828461647033691,0.786105751991272,0.7319992184638977
11500,0.8006733655929565,1.1859887838363647,0.016811786219477654,1.449454665184021,0.07188156992197037,0.7929197549819946,25.93523597717285,1257.580565391727,0.00013799653134023403,1.0733027458190918,0.9087646007537842,0.9802476167678833,0.9690660834312439,0.753477156162262,0.9718598127365112,0.7887238264083862,0.765625,0.25,0.5631788372993469,0.6236293911933899,1.2038514614105225
11510,0.6474207043647766,0.9158321619033813,0.013769660145044327,1.382947325706482,0.05525113269686699,1.0769317150115967,25.987993240356445,1257.564131760603,0.00013778346703053959,0.8612456321716309,0.712749719619751,0.9819427728652954,0.9802187085151672,0.7472013831138611,0.9619027376174927,0.7569462656974792,0.8125,0.203125,0.7393200397491455,0.7551093101501465,1.1525671482086182
11520,0.6728203296661377,1.1424654722213745,0.014714431017637253,1.0957297086715698,0.05869009345769882,0.874426543712616,26.172019958496094,1257.5480855532123,0.00013757047336288472,0.9166421294212341,0.812739372253418,0.9820191860198975,0.9743258357048035,0.7128878831863403,0.968349039554596,0.7917570471763611,0.828125,0.1875,0.6544950604438782,0.7012547254562378,0.83723384141922
11530,0.7345954775810242,1.0895015001296997,0.005574721843004227,1.2422645092010498,0.0700167566537857,0.8203949928283691,26.19356918334961,1257.5318102332535,0.00013735755089010646,1.016824722290039,0.9407640695571899,0.9837552309036255,0.9839272499084473,0.7886910438537598,0.9693371653556824,0.7710340619087219,0.796875,0.28125,0.5440956950187683,0.575263261795044,2.69189190864563
11540,0.6296156644821167,1.102431058883667,0.02059369906783104,0.9088595509529114,0.06493664532899857,0.8823451995849609,26.06827735900879,1257.5154575917775,0.0001371447001648571,0.8635224103927612,0.7796890139579773,0.9808798432350159,0.9731034636497498,0.7416130304336548,0.9709267616271973,0.801339328289032,0.890625,0.125,0.6382978558540344,0.7569603323936462,1.1129844188690186
11550,0.6945270895957947,1.2117352485656738,0.013903777115046978,0.9621427059173584,0.058148693293333054,1.0418108701705933,26.47239112854004,1257.498886620361,0.00013693192173960253,0.9143176078796387,0.732634961605072,0.9813842177391052,0.9801306128501892,0.7681267857551575,0.9667218327522278,0.7698060870170593,0.859375,0.15625,0.6553663611412048,0.7458402514457703,0.6979984045028687
11560,0.7177413105964661,1.29429292678833,0.0077551864087581635,1.0379514694213867,0.08144000917673111,1.1646298170089722,26.353897094726562,1257.4823683734803,0.00013671921616662108,0.9997745156288147,0.9401106834411621,0.9809899926185608,0.9674509763717651,0.6528481841087341,0.9694402813911438,0.8060493469238281,0.71875,0.296875,0.6242538690567017,0.6554047465324402,2.172545909881592
11570,0.7268588542938232,0.9847936630249023,0.04526996985077858,1.5275417566299438,0.063466377556324,0.8648543953895569,26.415050506591797,1257.465669533951,0.00013650658399800214,0.974713146686554,0.8261809349060059,0.9845088124275208,0.9829614758491516,0.7576885223388672,0.9712400436401367,0.7921029329299927,0.828125,0.171875,0.6491013765335083,0.707884669303894,1.3380340337753296
11580,0.7770739197731018,1.2476403713226318,0.04556756094098091,1.1426349878311157,0.055056698620319366,1.1223037242889404,26.275035858154297,1257.44924639758,0.00013629402578564442,1.0319699048995972,0.8496532440185547,0.9784233570098877,0.9710229635238647,0.696118950843811,0.9688686728477478,0.7877424955368042,0.84375,0.171875,0.6072384715080261,0.74546217918396,1.1490079164505005
11590,0.6116306185722351,0.9284072518348694,0.015040494501590729,1.0830309391021729,0.05451953783631325,0.6905970573425293,26.068506240844727,1257.4331650626025,0.0001360815420812546,0.8393587470054626,0.7590937614440918,0.9785800576210022,0.9700695872306824,0.720999538898468,0.9697556495666504,0.7973946928977966,0.9375,0.0625,0.6395995020866394,0.7110766768455505,1.3840926885604858
11600,0.7319246530532837,1.0452386140823364,0.013241858221590519,1.6458921432495117,0.0543888695538044,1.216369390487671,26.07660675048828,1257.4168377115595,0.00013586913343634617,0.9340245127677917,0.6736661195755005,0.9839257001876831,0.9854001998901367,0.7670233845710754,0.9732111692428589,0.7888064384460449,0.875,0.125,0.7184285521507263,0.7861735224723816,0.7230210900306702
11610,0.7008358836174011,1.24110746383667,0.016582807525992393,1.0057610273361206,0.07901357859373093,2.3983447551727295,25.860065460205078,1257.4001732515924,0.00013565680040223763,0.9493327736854553,0.8283230066299438,0.9741106033325195,0.9484172463417053,0.6699541807174683,0.9713221192359924,0.804341733455658,0.828125,0.203125,0.6316201686859131,0.7273494005203247,1.4961340427398682
11620,0.6792181134223938,1.0864413976669312,0.012073981575667858,1.2339856624603271,0.05747940391302109,0.8314309120178223,25.657806396484375,1257.3843342956952,0.00013544454353005132,0.930079996585846,0.8362062573432922,0.9826602339744568,0.9752395749092102,0.6948378682136536,0.9720444083213806,0.8112840056419373,0.890625,0.1875,0.6491514444351196,0.7122160196304321,0.9296363592147827
11630,0.661741316318512,1.1362342834472656,0.01360989734530449,0.9483335018157959,0.06146041303873062,0.7191831469535828,25.90815544128418,1257.368427533577,0.00013523236337071185,0.8805975914001465,0.7295209169387817,0.9789098501205444,0.9690882563591003,0.7200285196304321,0.9748099446296692,0.7930926084518433,0.84375,0.1875,0.70588618516922,0.75,1.2185211181640625
11640,0.8048735857009888,1.2426576614379883,0.009538395330309868,1.4344781637191772,0.06635674834251404,0.9182387590408325,25.66850471496582,1257.352214394562,0.00013502026047494477,1.0599489212036133,0.8502510190010071,0.9752579927444458,0.976648211479187,0.7759356498718262,0.9667693972587585,0.770397961139679,0.78125,0.28125,0.6201372742652893,0.691645085811615,1.2410533428192139
11650,0.7594817280769348,1.0856502056121826,0.013116583228111267,1.417441964149475,0.055938344448804855,1.3413881063461304,25.776655197143555,1257.3353157951656,0.000134808235393275,1.0081835985183716,0.8290062546730042,0.979433000087738,0.9756002426147461,0.7354406118392944,0.9699568152427673,0.796015739440918,0.890625,0.109375,0.6238400340080261,0.6656242609024048,1.540461778640747
11660,0.743587851524353,1.155266523361206,0.014314466156065464,1.3414932489395142,0.06277129799127579,0.8526850938796997,26.224750518798828,1257.3189485849614,0.0001345962886760256,1.0348601341247559,0.9709076881408691,0.9815666675567627,0.9815563559532166,0.7220273613929749,0.9666761159896851,0.7835861444473267,0.859375,0.171875,0.5867656469345093,0.6291301846504211,1.8973454236984253
11670,0.8103632926940918,1.0842995643615723,0.021854236721992493,1.582087516784668,0.06759628653526306,0.9258506894111633,25.940448760986328,1257.3026863218265,0.00013438442087331616,1.062800645828247,0.8414576053619385,0.9846422076225281,0.9782040119171143,0.7565003633499146,0.9671241044998169,0.7572409510612488,0.828125,0.1875,0.6275188326835632,0.654419481754303,1.464477300643921
11680,0.7298683524131775,1.0857058763504028,0.022264646366238594,1.4375582933425903,0.06396164745092392,0.970974862575531,25.61420249938965,1257.2859434870948,0.00013417263253506147,0.9788323044776917,0.8298798203468323,0.9798460602760315,0.9718403220176697,0.7564347982406616,0.9713069200515747,0.7810264229774475,0.84375,0.234375,0.6330249309539795,0.6872490644454956,1.0588397979736328
11690,0.77791827917099,1.303794503211975,0.014019101858139038,1.2702094316482544,0.06301184743642807,0.8158002495765686,25.975791931152344,1257.2698843783176,0.00013396092421097001,1.0220592021942139,0.8138030767440796,0.9819296598434448,0.9692617654800415,0.6768912076950073,0.9742284417152405,0.8248313665390015,0.828125,0.1875,0.657805323600769,0.7359564304351807,1.0347155332565308
11700,0.6709882616996765,1.1518003940582275,0.022862635552883148,1.0055958032608032,0.06015906482934952,0.8702192306518555,25.951175689697266,1257.2541247359263,0.00013374929645054273,0.903825044631958,0.7761226892471313,0.9829102754592896,0.9789985418319702,0.7180945873260498,0.9655429720878601,0.7872228622436523,0.875,0.125,0.6237432956695557,0.7399381995201111,1.120350956916809
11710,0.7847993969917297,1.2575770616531372,0.00956006534397602,1.331463098526001,0.06944133341312408,0.9501960873603821,25.573131561279297,1257.2382239925312,0.00013353774980307123,1.0651054382324219,0.9343534111976624,0.9798144102096558,0.9689112901687622,0.7305207848548889,0.9717968106269836,0.8214485049247742,0.828125,0.25,0.5463533401489258,0.6548713445663452,1.515826940536499
11720,0.8453459143638611,1.1764795780181885,0.019400330260396004,1.6552211046218872,0.0627543106675148,1.3844181299209595,26.727615356445312,1257.222416575582,0.00013332628481763675,1.1467537879943848,1.004692792892456,0.9878241419792175,0.9878954291343689,0.7727953195571899,0.9730249047279358,0.7811370491981506,0.78125,0.265625,0.5590294003486633,0.5922163128852844,2.2960736751556396
11730,0.7861037254333496,1.131725788116455,0.008533881977200508,1.596238613128662,0.05081427842378616,0.8118709921836853,26.099956512451172,1257.2065855586502,0.0001331149020431086,0.9850457906723022,0.6631401777267456,0.9822695255279541,0.979310929775238,0.7611715793609619,0.969254195690155,0.7990249395370483,0.890625,0.125,0.7223060131072998,0.7795782685279846,1.2266134023666382
11740,0.6670039296150208,1.0638023614883423,0.06844379007816315,1.048250436782837,0.09293922036886215,1.011185884475708,26.720569610595703,1257.1906338912386,0.0001329036020281425,0.9854841232299805,1.061600685119629,0.9768458008766174,0.9625495076179504,0.6635475754737854,0.967048168182373,0.7891468405723572,0.84375,0.15625,0.6093857288360596,0.6608794331550598,1.959678292274475
11750,0.7743998169898987,1.211875319480896,0.009879782795906067,1.2939136028289795,0.08053874224424362,2.080047130584717,26.20136260986328,1257.1744299058132,0.00013269238532117973,1.0240131616592407,0.8320446014404297,0.9801734685897827,0.9790765047073364,0.750327467918396,0.9646048545837402,0.7576351761817932,0.734375,0.375,0.6989032030105591,0.6820799112319946,1.1131795644760132
11760,0.6966301202774048,0.9771128296852112,0.026951754465699196,1.371428370475769,0.0727509930729866,0.7962542176246643,26.173500061035156,1257.1584064276292,0.0001324812524704449,0.9419602751731873,0.8177672028541565,0.9872180819511414,0.9839000105857849,0.7716629505157471,0.9754154682159424,0.7993971705436707,0.84375,0.203125,0.6589732766151428,0.6752376556396484,1.901114821434021
11770,0.6936061978340149,1.1494227647781372,0.032101113349199295,1.102157711982727,0.06832226365804672,0.9379067420959473,26.579553604125977,1257.1425959332607,0.0001322702040239453,0.9273614287376404,0.779184103012085,0.9822225570678711,0.9733801484107971,0.7092165946960449,0.9713411927223206,0.7906277775764465,0.828125,0.203125,0.7270427346229553,0.7654772400856018,1.5516486167907715
11780,0.7218637466430664,1.1210654973983765,0.010901344940066338,1.3084497451782227,0.0626690685749054,0.908784031867981,27.1450252532959,1257.1263860054912,0.00013205924052946895,0.9783505797386169,0.8549560308456421,0.9787003397941589,0.9788177013397217,0.7627124190330505,0.9648119807243347,0.7544998526573181,0.765625,0.3125,0.5863120555877686,0.7231647968292236,1.2840816974639893
11790,0.7137506604194641,1.0896871089935303,0.024298112839460373,1.213575005531311,0.056363362818956375,1.1656206846237183,26.572946548461914,1257.110848397516,0.0001318483625345835,0.9519614577293396,0.7940359711647034,0.9819431900978088,0.9824645519256592,0.7719907164573669,0.967662513256073,0.7810420989990234,0.8125,0.203125,0.6502622365951538,0.696153998374939,1.7352124452590942
11800,0.7334532141685486,1.1438360214233398,0.005756177939474583,1.3102308511734009,0.0747891217470169,0.7385364174842834,26.217710494995117,1257.094888745673,0.0001316375705866346,1.0264734029769897,0.976733922958374,0.9854126572608948,0.978347897529602,0.7303347587585449,0.9734890460968018,0.7977146506309509,0.859375,0.15625,0.529784083366394,0.6297130584716797,2.0169808864593506
11810,0.7124046087265015,0.9699345231056213,0.027637481689453125,1.446441650390625,0.06235535070300102,0.8269027471542358,26.29168128967285,1257.0786772049835,0.00013142686523274463,0.9342511892318726,0.7394885420799255,0.9842399954795837,0.9830132722854614,0.7759037017822266,0.9727408289909363,0.7943782210350037,0.90625,0.09375,0.634668231010437,0.6922517418861389,1.7583388090133667
11820,0.7514664530754089,1.0580573081970215,0.008438312448561192,1.4691306352615356,0.0673464834690094,1.0337685346603394,26.302200317382812,1257.0621784176553,0.0001312162470198111,1.0140893459320068,0.8754095435142517,0.9789006114006042,0.9704119563102722,0.7330264449119568,0.9606305360794067,0.7424042224884033,0.8125,0.28125,0.5812816023826599,0.7083318829536438,1.001278042793274
11830,0.7614907622337341,1.158003568649292,0.015613855794072151,1.4323829412460327,0.06580249965190887,0.809762716293335,26.157669067382812,1257.045729751235,0.00013100571649450542,1.0027865171432495,0.8043192625045776,0.9834491014480591,0.9787126183509827,0.7483346462249756,0.9733128547668457,0.8105544447898865,0.8125,0.234375,0.6319622993469238,0.7015294432640076,1.249172568321228
11840,0.736275851726532,1.089762806892395,0.04258839786052704,1.4670747518539429,0.049944549798965454,0.8200525641441345,26.332557678222656,1257.02984959107,0.00013079527420327143,1.0037740468978882,0.8916606903076172,0.9824295043945312,0.9799004793167114,0.7292504906654358,0.9759711027145386,0.8029811978340149,0.796875,0.21875,0.5625044703483582,0.7016844153404236,0.990134060382843
11850,0.7712881565093994,1.2982453107833862,0.012431846931576729,1.336731195449829,0.08561551570892334,0.807799756526947,27.05462646484375,1257.0144554057874,0.00013058492069232386,1.07919442653656,1.0263543128967285,0.9851423501968384,0.9785984754562378,0.6890822649002075,0.9741439819335938,0.8038049936294556,0.828125,0.28125,0.6170892715454102,0.6499860882759094,2.1470978260040283
11860,0.6969224214553833,1.063907504081726,0.027543650940060616,1.2303214073181152,0.04888058453798294,1.2120275497436523,26.157421112060547,1256.9987074200433,0.00013037465650764723,0.9408546686172485,0.8131075501441956,0.9793345332145691,0.9762903451919556,0.7317401170730591,0.9735094308853149,0.8071696758270264,0.765625,0.265625,0.6075796484947205,0.7377856969833374,1.0814985036849976
11870,0.6536863446235657,0.9888086915016174,0.011666251346468925,1.155869483947754,0.057192206382751465,0.7332448363304138,26.53765869140625,1256.9830609379774,0.0001301644821949938,0.857513964176178,0.6794253587722778,0.9818757176399231,0.9801042079925537,0.7891241908073425,0.9714834690093994,0.7736097574234009,0.875,0.140625,0.63443523645401,0.7594454288482666,0.4594900608062744
11880,0.8608712553977966,1.2734191417694092,0.019974101334810257,1.5801054239273071,0.06049555167555809,0.9364402890205383,26.224895477294922,1256.967159616686,0.00012995439829988287,1.1633718013763428,1.008334994316101,0.9840750098228455,0.9765378832817078,0.7150177955627441,0.9675536751747131,0.7814438939094543,0.78125,0.25,0.47926124930381775,0.6624951362609863,1.4469012022018433
11890,0.6230567693710327,1.014471173286438,0.018060356378555298,1.1868064403533936,0.05229884013533592,0.8770205974578857,26.657560348510742,1256.9517135480805,0.00012974440536759908,0.8602632284164429,0.7906882762908936,0.9816250801086426,0.9805083870887756,0.7523746490478516,0.9721854329109192,0.791887104511261,0.828125,0.21875,0.5980939865112305,0.7352039217948914,1.150017499923706
11900,0.7931272983551025,1.1019318103790283,0.00945677887648344,1.5548268556594849,0.06375196576118469,0.804190456867218,26.348487854003906,1256.9355664160314,0.00012953450394319075,1.010404348373413,0.7242569923400879,0.98604416847229,0.9853166937828064,0.8255767226219177,0.9675903916358948,0.774241030216217,0.875,0.125,0.6558867692947388,0.7247441411018372,2.4993038177490234
11910,0.6901567578315735,1.089051604270935,0.0180293507874012,1.298509955406189,0.06683585047721863,0.8548421859741211,26.363529205322266,1256.9192604050459,0.0001293246945714689,0.933837890625,0.81227046251297,0.9799809455871582,0.9716117978096008,0.7512895464897156,0.965054452419281,0.7824290990829468,0.828125,0.25,0.6562573909759521,0.7172297239303589,1.3677035570144653
11920,0.727288007736206,1.0554735660552979,0.015056651085615158,1.3888516426086426,0.05634569749236107,1.2036652565002441,26.13572883605957,1256.9032238692828,0.00012911497779700558,0.938666820526123,0.7045961022377014,0.9856110215187073,0.9865342378616333,0.7675015926361084,0.9722619652748108,0.7886537313461304,0.84375,0.1875,0.6944550275802612,0.7212252616882324,1.5470259189605713
11930,0.6786423325538635,1.0054205656051636,0.025286415591835976,1.4506303071975708,0.0538598857820034,0.8366978764533997,26.65027618408203,1256.8874429770424,0.00012890535416413233,0.8933666348457336,0.7157476544380188,0.985954761505127,0.9867867231369019,0.7872385382652283,0.9680997133255005,0.7891566753387451,0.875,0.125,0.6558693647384644,0.7313827276229858,0.8498996496200562
11940,0.7041612267494202,1.220497965812683,0.012356746010482311,0.97864830493927,0.07890328019857407,1.0105626583099365,26.188066482543945,1256.871207623754,0.00012869582421693912,0.942344605922699,0.7939445972442627,0.9801301956176758,0.968969464302063,0.7217534780502319,0.979216456413269,0.8246905207633972,0.84375,0.15625,0.6473323702812195,0.7180556058883667,1.4029191732406616
11950,0.703174352645874,1.197850227355957,0.013667572289705276,1.1807949542999268,0.05370271950960159,1.2380424737930298,26.740558624267578,1256.8553424945706,0.00012848638849927269,0.9217890501022339,0.728715717792511,0.9836706519126892,0.9844086766242981,0.7724774479866028,0.9738894104957581,0.7998796105384827,0.828125,0.171875,0.6627733707427979,0.7470408082008362,0.6845843195915222
11960,0.6853830218315125,1.059098243713379,0.006578055210411549,1.2209811210632324,0.05770928040146828,0.8829742670059204,26.586837768554688,1256.839515799972,0.0001282770475547352,0.9332006573677063,0.8260587453842163,0.9786596298217773,0.9686916470527649,0.7181747555732727,0.9655700325965881,0.7925311326980591,0.84375,0.171875,0.6267887353897095,0.6452680826187134,1.2093925476074219
11970,0.6185570955276489,1.0144115686416626,0.015601295046508312,1.1608619689941406,0.049454305320978165,0.8591551780700684,26.356460571289062,1256.8239129935698,0.0001280678019266829,0.8188984990119934,0.6678046584129333,0.9829018115997314,0.9782106876373291,0.7319347262382507,0.9725297093391418,0.8012349605560303,0.859375,0.15625,0.73489910364151,0.7930853962898254,0.9814427495002747
11980,0.7001202702522278,1.1127599477767944,0.028735773637890816,0.9931716322898865,0.08159492164850235,0.755267858505249,26.931678771972656,1256.808793438904,0.00012785865215822443,1.019639253616333,1.0650631189346313,0.9815250039100647,0.9755179286003113,0.7434341311454773,0.966875433921814,0.7669625282287598,0.796875,0.234375,0.42728060483932495,0.597082793712616,2.0783867835998535
11990,0.81345134973526,1.2609246969223022,0.03972649946808815,1.3860294818878174,0.06361467391252518,0.9043886065483093,26.92350196838379,1256.793755558904,0.00012764959879221985,1.0721101760864258,0.8621960878372192,0.9803873300552368,0.9756630659103394,0.7236342430114746,0.9708564877510071,0.7983917593955994,0.765625,0.296875,0.6363233923912048,0.6748086810112,1.3272879123687744
12000,0.6204524636268616,0.9538719654083252,0.015575619414448738,1.1897355318069458,0.06121491640806198,0.8326241374015808,26.566530227661133,1256.7790439350374,0.00012744064237127888,0.8789169788360596,0.8615484237670898,0.9720913767814636,0.9459459185600281,0.6924026608467102,0.968238115310669,0.802594006061554,0.859375,0.140625,0.6638845205307007,0.6694559454917908,1.4038954973220825
12010,0.6733494997024536,1.0648753643035889,0.03308612108230591,1.2669695615768433,0.05993814021348953,1.403187870979309,26.128368377685547,1256.7635963188627,0.00012723178343775968,0.8861340284347534,0.7092817425727844,0.9760712385177612,0.959500789642334,0.7360908389091492,0.9676950573921204,0.7976769208908081,0.859375,0.1875,0.6679415702819824,0.7706422209739685,0.7352555990219116
12020,0.6815254092216492,1.0874695777893066,0.018587743863463402,1.2296000719070435,0.0650414302945137,0.7798764109611511,26.599821090698242,1256.7484687745857,0.00012702302253376726,0.9138158559799194,0.7743014097213745,0.9851885437965393,0.9849295616149902,0.7707894444465637,0.9692659378051758,0.7662457227706909,0.84375,0.15625,0.6085016131401062,0.7248468995094299,0.8443567752838135
12030,0.7071676254272461,1.0818901062011719,0.03934738039970398,1.2020692825317383,0.06387918442487717,0.8108825087547302,26.216793060302734,1256.7333666456473,0.00012681436020115238,0.9561800360679626,0.8300413489341736,0.9833270311355591,0.9790775179862976,0.724777102470398,0.9767095446586609,0.8108776211738586,0.875,0.171875,0.626933217048645,0.7086265087127686,1.0595085620880127
12040,0.6846544146537781,1.0610698461532593,0.013432112522423267,1.3873800039291382,0.051864683628082275,1.4167057275772095,26.7391300201416,1256.7184215007278,0.00012660579698150974,0.9146517515182495,0.7666576504707336,0.9836557507514954,0.9799247980117798,0.7837994694709778,0.970729649066925,0.7778109908103943,0.84375,0.1875,0.6297532320022583,0.7370200157165527,1.32570219039917
12050,0.6324816942214966,1.0363435745239258,0.015664542093873024,1.103623390197754,0.06643413007259369,0.8344051837921143,26.4730167388916,1256.7030506466679,0.00012639733341617698,0.8841667175292969,0.8389500379562378,0.9781510829925537,0.9584636092185974,0.6757553815841675,0.9756962656974792,0.8172042965888977,0.890625,0.109375,0.6507633924484253,0.6761586666107178,0.8322033286094666
12060,0.6528785824775696,1.0672322511672974,0.017243141308426857,1.0514053106307983,0.060375623404979706,1.1528764963150024,26.77629280090332,1256.687824404187,0.00012618897004623285,0.8944610953330994,0.8052749633789062,0.9776929020881653,0.9726765155792236,0.693325936794281,0.9691016674041748,0.8068273663520813,0.828125,0.25,0.6381584405899048,0.7049839496612549,0.8976050615310669
12070,0.7176032662391663,0.9909862279891968,0.0328705832362175,1.4569170475006104,0.07715698331594467,1.1060209274291992,26.55385971069336,1256.672275031949,0.00012598070741249632,0.9461106657981873,0.7616912722587585,0.9816123247146606,0.9829451441764832,0.764076292514801,0.9719497561454773,0.8129187822341919,0.828125,0.171875,0.6479460000991821,0.7163095474243164,1.6682132482528687
12080,0.7201551795005798,1.0798301696777344,0.017842186614871025,1.2938570976257324,0.07501570880413055,1.0057142972946167,26.242345809936523,1256.6572837827293,0.00012577254605552473,0.9711192846298218,0.8365468978881836,0.9778290390968323,0.9645109176635742,0.7226826548576355,0.9730984568595886,0.8046280145645142,0.9375,0.0625,0.6336045265197754,0.6484647989273071,1.9145150184631348
12090,0.720638632774353,1.177263855934143,0.02087600901722908,1.3129568099975586,0.05159192159771919,0.8206433057785034,26.147382736206055,1256.641701625168,0.00012556448651561248,0.9418812394142151,0.7374753355979919,0.9839628338813782,0.9815518260002136,0.7827233672142029,0.9704189896583557,0.7913117408752441,0.90625,0.109375,0.6462595462799072,0.7436662316322327,1.1731700897216797
12100,0.7110921740531921,1.0178120136260986,0.008989145047962666,1.423362374305725,0.05814042314887047,0.7966593503952026,26.270261764526367,1256.6260542387445,0.00012535652933278984,0.911702036857605,0.6686995029449463,0.986599326133728,0.9841042160987854,0.7641693949699402,0.9710356593132019,0.7811559438705444,0.8125,0.1875,0.7418674826622009,0.7768980264663696,1.0948114395141602
12110,0.6387232542037964,1.0027786493301392,0.01733003370463848,1.1526405811309814,0.05419958382844925,0.6824131608009338,26.314010620117188,1256.6103999886727,0.0001251486750468214,0.8928012847900391,0.8469268083572388,0.9814416170120239,0.9709464907646179,0.7639186978340149,0.9807098507881165,0.8094669580459595,0.890625,0.109375,0.4687037169933319,0.6838768124580383,0.82313472032547
12120,0.776835024356842,1.1231555938720703,0.028240982443094254,1.3960018157958984,0.0726175606250763,1.2796298265457153,26.102436065673828,1256.5954067175142,0.00012494092419720456,1.04337477684021,0.8884658813476562,0.9807430505752563,0.9676699638366699,0.7158810496330261,0.9702548980712891,0.7777122855186462,0.84375,0.203125,0.6220115423202515,0.6700491905212402,1.4750845432281494
12130,0.6670317053794861,0.9077978134155273,0.05350153520703316,1.3899332284927368,0.04458853229880333,1.0094071626663208,26.09212303161621,1256.5800503053829,0.0001247332773231684,0.9121946692466736,0.8172098398208618,0.9786142706871033,0.9719842076301575,0.7288607954978943,0.9734739661216736,0.7959309220314026,0.84375,0.15625,0.6440863013267517,0.7104616761207581,1.6091301441192627
12140,0.6783808469772339,1.0751837491989136,0.016656268388032913,1.166418433189392,0.06606754660606384,0.990091860294342,26.897701263427734,1256.5649955944045,0.00012452573496367193,0.9339186549186707,0.8517926335334778,0.9888561964035034,0.9836359024047852,0.7655785083770752,0.9789208173751831,0.8103331327438354,0.875,0.125,0.5635772943496704,0.7191486954689026,1.202605962753296
12150,0.7754475474357605,1.225588083267212,0.057627122849226,1.221849799156189,0.05986762046813965,1.1699986457824707,26.723716735839844,1256.5495381110213,0.00012431829765740306,1.0292640924453735,0.8460551500320435,0.9759619235992432,0.9674860835075378,0.732778787612915,0.9679862260818481,0.7867546677589417,0.75,0.3125,0.691027820110321,0.7217370271682739,1.262344241142273
12160,0.6635231971740723,1.0618418455123901,0.013741923496127129,1.185065507888794,0.06010650470852852,0.9271974563598633,26.252290725708008,1256.53445917515,0.00012411096594277697,0.880866289138794,0.7244770526885986,0.9825685620307922,0.9783686399459839,0.7458361387252808,0.9725841283798218,0.8107163906097412,0.859375,0.1875,0.6240453124046326,0.7584954500198364,0.7438271045684814
12170,0.6415907740592957,1.10724675655365,0.0070340572856366634,1.1162550449371338,0.05380960553884506,0.9705060720443726,25.88361930847168,1256.5192244705736,0.00012390374035793473,0.8358882665634155,0.6476583480834961,0.9883887767791748,0.9743037819862366,0.744351327419281,0.9765855669975281,0.8232797980308533,0.890625,0.15625,0.7143867611885071,0.8174859881401062,0.9299307465553284
12180,0.6646638512611389,0.9915692210197449,0.009863147512078285,1.3527283668518066,0.05880678817629814,0.7017914652824402,26.003620147705078,1256.5045440965198,0.00012369662144074204,0.8789415955543518,0.7142590880393982,0.9849169254302979,0.9835711717605591,0.7762271761894226,0.9722241163253784,0.7827575206756592,0.828125,0.203125,0.6429620385169983,0.7638185620307922,0.9428531527519226
12190,0.7605690360069275,1.1420273780822754,0.02171219512820244,1.3632993698120117,0.06921782344579697,0.8990878462791443,25.844242095947266,1256.4898655930647,0.0001234896097287877,1.0468509197235107,0.9542728662490845,0.9790162444114685,0.975344181060791,0.7350527048110962,0.9664595127105713,0.7818828821182251,0.78125,0.234375,0.5384114980697632,0.691463053226471,2.164489507675171
12200,0.7311035990715027,1.1373811960220337,0.026946034282445908,1.2994312047958374,0.06162694841623306,0.9727790951728821,26.182296752929688,1256.4745592229153,0.00012328270575938212,0.9555453062057495,0.7481390237808228,0.9800286293029785,0.970221757888794,0.7326158285140991,0.9730708599090576,0.8134745955467224,0.828125,0.203125,0.7139124870300293,0.7103988528251648,1.3626545667648315
12210,0.7440391778945923,1.1682709455490112,0.04919397085905075,1.2283426523208618,0.07215280830860138,1.075622797012329,26.757356643676758,1256.4592435762381,0.00012307591006955625,1.0031534433364868,0.8637140989303589,0.979537308216095,0.9694210886955261,0.7458142042160034,0.9630604386329651,0.7473927736282349,0.875,0.140625,0.5888310670852661,0.6835403442382812,1.1852943897247314
12220,0.6741281151771545,1.0922837257385254,0.026613660156726837,1.085450291633606,0.05811077728867531,1.1269603967666626,26.466054916381836,1256.4433020866252,0.00012286922319605987,0.9181355237960815,0.813357949256897,0.9789616465568542,0.9707421064376831,0.7647011876106262,0.9733343124389648,0.7989844679832458,0.84375,0.21875,0.5930055379867554,0.7355009913444519,1.4863886833190918
12230,0.7492740154266357,1.0966020822525024,0.011488639749586582,1.4291613101959229,0.06582561135292053,1.0705605745315552,26.323646545410156,1256.4276961869923,0.0001226626456753604,0.9742451906204224,0.7499039173126221,0.9835134148597717,0.9765278697013855,0.7352052927017212,0.9749101400375366,0.8062422871589661,0.828125,0.171875,0.667622983455658,0.7125380039215088,1.0731269121170044
12240,0.6850866675376892,1.0209271907806396,0.008806630969047546,1.290347695350647,0.05465986207127571,0.8078452348709106,26.313552856445312,1256.412388628081,0.00012245617804364142,0.9090834259986877,0.7466557621955872,0.978701114654541,0.9757179021835327,0.7634247541427612,0.9712235331535339,0.7948718070983887,0.84375,0.1875,0.6951847076416016,0.7480142116546631,1.1977773904800415
12250,0.6614214181900024,1.0292203426361084,0.00879885908216238,1.3076988458633423,0.07075988501310349,1.098312497138977,26.531795501708984,1256.3973051333803,0.00012224982083680123,0.9006176590919495,0.7973207831382751,0.9812695384025574,0.9776519536972046,0.7895029187202454,0.9747608304023743,0.7868103384971619,0.765625,0.28125,0.6117115616798401,0.7016220688819885,2.0722198486328125
12260,0.823952853679657,1.133946180343628,0.016128411516547203,1.7203046083450317,0.06027534604072571,1.0859180688858032,26.556550979614258,1256.3823327466237,0.00012204357459045154,1.0590728521347046,0.7837333679199219,0.9828628301620483,0.9783686995506287,0.8037475347518921,0.9745733141899109,0.78658127784729,0.8125,0.265625,0.6833519339561462,0.6933040618896484,1.4500033855438232
12270,0.7479969263076782,1.1415833234786987,0.005645064637064934,1.452048659324646,0.058746419847011566,1.2592538595199585,27.06500244140625,1256.3676598893162,0.00012183743983991603,0.9724961519241333,0.7483307123184204,0.9842067956924438,0.9815829396247864,0.753717839717865,0.9707154035568237,0.7896431088447571,0.84375,0.171875,0.6754109263420105,0.7187979221343994,1.5856574773788452
12280,0.7798412442207336,1.201452612876892,0.021496497094631195,1.3429242372512817,0.05043327808380127,1.0256552696228027,26.484390258789062,1256.3534427537056,0.00012163141712022908,1.0264883041381836,0.8221566677093506,0.9873859882354736,0.9873356223106384,0.7181747555732727,0.9740747809410095,0.7936877012252808,0.859375,0.171875,0.6266684532165527,0.6630754470825195,2.211676597595215
12290,0.6517223119735718,0.9807866811752319,0.009123294614255428,1.0946977138519287,0.05517823249101639,0.8389260172843933,26.315189361572266,1256.339235063845,0.00012142550696613424,0.8823878169059753,0.7688850164413452,0.9822944402694702,0.9808721542358398,0.8012986183166504,0.9725497364997864,0.8037183880805969,0.875,0.1875,0.6654596924781799,0.7195160388946533,1.4802767038345337
12300,0.593610942363739,0.9920462965965271,0.018341468647122383,0.9755819439888,0.050781555473804474,0.8096417784690857,26.612287521362305,1256.3244840010125,0.00012121970991208285,0.8166393041610718,0.7434277534484863,0.9813896417617798,0.9751175045967102,0.7610726952552795,0.9715371131896973,0.792397677898407,0.890625,0.109375,0.6273230910301208,0.7333472967147827,0.9329013824462891
12310,0.7182493805885315,1.0391285419464111,0.026263143867254257,1.3495206832885742,0.07870041579008102,1.2019023895263672,26.84151268005371,1256.3103608913245,0.00012101402649223269,0.9815803170204163,0.8777697682380676,0.9796640276908875,0.9795899391174316,0.7511783838272095,0.9707340598106384,0.7934123277664185,0.78125,0.296875,0.6000000238418579,0.6873646378517151,1.3450791835784912
12320,0.7410957217216492,1.1860647201538086,0.058941829949617386,1.2979660034179688,0.05881713330745697,0.959291398525238,26.388242721557617,1256.2957631637746,0.00012080845724044664,0.9769073128700256,0.7860386371612549,0.9822056889533997,0.9748743176460266,0.7329421043395996,0.9693824052810669,0.8148345351219177,0.875,0.15625,0.6111382246017456,0.7341862320899963,1.2234665155410767
12330,0.7086019515991211,1.0625284910202026,0.010946691036224365,1.2490743398666382,0.06113508716225624,1.073798656463623,26.451547622680664,1256.2812190933714,0.00012060300269029128,0.9857432246208191,0.9238041639328003,0.9799833297729492,0.9725365042686462,0.721596896648407,0.9716019630432129,0.7828887104988098,0.828125,0.1875,0.5326844453811646,0.6892510056495667,1.1692440509796143
12340,0.6911635994911194,1.014502763748169,0.03185105323791504,1.2742820978164673,0.06291823834180832,0.7508977055549622,26.330595016479492,1256.2666653188853,0.00012039766337503537,0.9458584785461426,0.8489827513694763,0.9816709160804749,0.9721665382385254,0.7430278062820435,0.9728637337684631,0.7957472205162048,0.859375,0.140625,0.6048536896705627,0.6753753423690796,1.4876511096954346
12350,0.7878484725952148,1.2520405054092407,0.010317839682102203,1.2610810995101929,0.07165663689374924,1.076122760772705,26.18682098388672,1256.2519101414512,0.00012019243982764868,1.0692052841186523,0.9378558397293091,0.9804088473320007,0.9609805345535278,0.6707541942596436,0.9689653515815735,0.8026065826416016,0.875,0.15625,0.6085219383239746,0.6164857745170593,1.593015432357788
12360,0.625289261341095,1.0103530883789062,0.03289731219410896,1.0701930522918701,0.055391572415828705,1.089369535446167,26.509681701660156,1256.2369644152334,0.00011998733258080044,0.8629009127616882,0.7920387387275696,0.9847190976142883,0.9828859567642212,0.7360554933547974,0.9779189825057983,0.8226171731948853,0.828125,0.171875,0.6790554523468018,0.7364354729652405,1.169471263885498
12370,0.6668810248374939,1.1509342193603516,0.028538469225168228,0.9789161086082458,0.05817928537726402,0.7999970316886902,26.234956741333008,1256.2228352522163,0.00011978234216685798,0.8865442872047424,0.7322108149528503,0.9851647615432739,0.9768863916397095,0.765019953250885,0.9741223454475403,0.8216617107391357,0.84375,0.203125,0.7031158804893494,0.7008916735649109,1.9477571249008179
12380,0.7000715136528015,1.139425277709961,0.03237224370241165,1.1544342041015625,0.0470876470208168,0.7265948057174683,26.863069534301758,1256.2086247490543,0.00011957746911788546,0.9200361967086792,0.7332156896591187,0.9783557057380676,0.9636172652244568,0.7187914848327637,0.9724476933479309,0.7921962738037109,0.84375,0.171875,0.6405684351921082,0.7917029857635498,0.9856142997741699
12390,0.7089367508888245,1.2236518859863281,0.008047347888350487,1.0836126804351807,0.06117691844701767,0.7247737646102905,26.655773162841797,1256.1942964967545,0.00011937271396564242,0.9519681334495544,0.8101046085357666,0.9857425093650818,0.9730385541915894,0.7306054830551147,0.9785746335983276,0.8420731425285339,0.9375,0.09375,0.6361259818077087,0.6959260702133179,1.5183967351913452
12400,0.7207795977592468,1.1642893552780151,0.010744081810116768,1.3583928346633911,0.05487426742911339,0.7256521582603455,26.72673797607422,1256.1795339548921,0.00011916807724158233,0.9706485867500305,0.8328966498374939,0.9821321964263916,0.9751966595649719,0.7626820206642151,0.968092143535614,0.7815631628036499,0.828125,0.1875,0.5746732950210571,0.7084865570068359,1.4691603183746338
12410,0.8100234270095825,1.1827963590621948,0.0045526595786213875,1.5994929075241089,0.06867862492799759,1.3864754438400269,26.514699935913086,1256.1648244961584,0.00011896355947685131,1.083508014678955,0.9116150736808777,0.9806911945343018,0.9828454852104187,0.8057011961936951,0.9688699245452881,0.7642633318901062,0.734375,0.40625,0.5665664672851562,0.6627234816551208,1.1315070390701294
12420,0.6663072109222412,1.082261085510254,0.01799013838171959,1.214040994644165,0.06526365131139755,0.893949031829834,26.343732833862305,1256.150387998791,0.00011875916120228665,0.8995798826217651,0.7775756120681763,0.9816564321517944,0.9748866558074951,0.7531655430793762,0.9768294095993042,0.8083851933479309,0.859375,0.203125,0.6607619524002075,0.7701113820075989,1.0314652919769287
12430,0.6780569553375244,1.055810809135437,0.05231395736336708,1.0839908123016357,0.050316136330366135,0.7419796586036682,26.55003547668457,1256.1355497392785,0.0001185548829484156,0.9024349451065063,0.747926652431488,0.9756336212158203,0.9687877893447876,0.7504465579986572,0.97223961353302,0.8049792647361755,0.921875,0.109375,0.6315921545028687,0.7473353743553162,1.8225356340408325
12440,0.6407889723777771,1.0671026706695557,0.018626553937792778,1.1224870681762695,0.038459401577711105,1.0235228538513184,26.0513858795166,1256.1209905938986,0.0001183507252454538,0.8593905568122864,0.7286719083786011,0.9802557826042175,0.977690577507019,0.7394516468048096,0.9783574342727661,0.8312883377075195,0.890625,0.140625,0.6749021410942078,0.717952311038971,0.6350235939025879
12450,0.7173966765403748,1.0566885471343994,0.022785192355513573,1.3998453617095947,0.05892782658338547,0.969136118888855,26.63788414001465,1256.1064765846409,0.00011814668862330408,0.957022488117218,0.7987526655197144,0.9768981337547302,0.9683870077133179,0.7081166505813599,0.9704848527908325,0.790998637676239,0.8125,0.21875,0.6827757358551025,0.7244904637336731,0.7469781637191772
12460,0.5810046195983887,0.9691953063011169,0.02550271712243557,0.9158536791801453,0.05798300728201866,1.0187665224075317,26.720510482788086,1256.092166531312,0.00011794277361155495,0.7941899299621582,0.7106177806854248,0.9782393574714661,0.975531280040741,0.7695592045783997,0.9667443633079529,0.7823222279548645,0.859375,0.171875,0.6402966380119324,0.7636800408363342,0.5871990323066711
12470,0.598529040813446,1.0493580102920532,0.01026082132011652,0.8230906128883362,0.05724744871258736,1.0412955284118652,26.340879440307617,1256.0781789779262,0.00011773898073947923,0.8381639719009399,0.7987831830978394,0.9818062782287598,0.9758856892585754,0.7469264268875122,0.9762734770774841,0.800471842288971,0.78125,0.234375,0.6109156608581543,0.7295042276382446,0.795316219329834
12480,0.6679061651229858,1.1412415504455566,0.018489442765712738,1.1638456583023071,0.07204589247703552,2.291111469268799,26.94643783569336,1256.0645009499883,0.00011753531053603279,0.9212610721588135,0.8445162773132324,0.9830549955368042,0.9765055179595947,0.7113770246505737,0.9719629883766174,0.8056408762931824,0.71875,0.28125,0.6138866543769836,0.7293860912322998,1.7090275287628174
12490,0.6526349186897278,1.1067867279052734,0.014228735119104385,1.1615804433822632,0.06663894653320312,0.9053959846496582,26.79456901550293,1256.050116255297,0.00011733176352985301,0.9023389220237732,0.8323466777801514,0.9813461899757385,0.9773584604263306,0.7460128664970398,0.971352219581604,0.7900586724281311,0.8125,0.203125,0.6047162413597107,0.6677547097206116,1.1710536479949951
12500,0.7306022644042969,1.0065407752990723,0.011295123025774956,1.5090018510818481,0.06320130079984665,1.4468704462051392,26.64734649658203,1256.0358506114,0.00011712834024925766,1.0017666816711426,0.9038815498352051,0.9779588580131531,0.9716107845306396,0.7486396431922913,0.9749504923820496,0.8141801953315735,0.796875,0.25,0.545068085193634,0.6450682878494263,1.1496021747589111
12510,0.7902265191078186,1.1861516237258911,0.013447083532810211,1.3410195112228394,0.06822089105844498,1.8156851530075073,26.130332946777344,1256.0218443533952,0.0001169250412222433,1.015516757965088,0.7509675621986389,0.986743152141571,0.982671320438385,0.765454888343811,0.9762859344482422,0.7995985150337219,0.765625,0.28125,0.6582819819450378,0.7444227337837219,0.6816421747207642
12520,0.7438117861747742,1.229927897453308,0.019707974046468735,1.076553225517273,0.0744512602686882,1.2040083408355713,26.51630973815918,1256.0080254389404,0.00011672186697648394,0.9539916515350342,0.7005994915962219,0.986681342124939,0.9810279607772827,0.7651851177215576,0.9739019274711609,0.7969875335693359,0.859375,0.171875,0.6855630874633789,0.7738401293754578,0.9591016173362732
12530,0.7376471757888794,1.1255611181259155,0.013274694792926311,1.371954321861267,0.052896127104759216,1.065370798110962,26.399160385131836,1255.9935338474447,0.00011651881803932971,0.9852390289306641,0.8253060579299927,0.9874470829963684,0.9816061854362488,0.7616317868232727,0.980599045753479,0.8313670754432678,0.8125,0.21875,0.5900313258171082,0.6906738877296448,1.5809733867645264
12540,0.6511242389678955,0.9726043939590454,0.03274894505739212,1.1583303213119507,0.06078615039587021,1.0003280639648438,27.029111862182617,1255.9794401750219,0.00011631589493780553,0.8952743411064148,0.8138337135314941,0.9850238561630249,0.9854099154472351,0.7955197691917419,0.9746375679969788,0.7958782911300659,0.828125,0.1875,0.5843091011047363,0.7073037028312683,1.413167953491211
12550,0.6998016834259033,0.9687544703483582,0.03912486881017685,1.45017671585083,0.054788969457149506,0.9261317849159241,27.158496856689453,1255.9656337007211,0.00011611309819860976,0.9250027537345886,0.7506701946258545,0.9793656468391418,0.9736678600311279,0.7503169775009155,0.9708910584449768,0.7941088676452637,0.828125,0.234375,0.6685824990272522,0.7288377285003662,0.8760520815849304
12560,0.7166447043418884,1.1239259243011475,0.004920353647321463,1.2822924852371216,0.061724238097667694,0.9105300307273865,26.39077377319336,1255.9515968346116,0.00011591042834811263,0.9446576237678528,0.7600429654121399,0.9873151779174805,0.9844939708709717,0.7873099446296692,0.9747547507286072,0.7869665622711182,0.8125,0.25,0.6164790987968445,0.7151334285736084,1.0371475219726562
12570,0.7116467952728271,1.124308466911316,0.011763211339712143,1.33979070186615,0.05819021165370941,0.8484621644020081,26.575695037841797,1255.9375197724019,0.0001157078859123553,0.9669294357299805,0.8509420156478882,0.9796274900436401,0.974468469619751,0.7454426884651184,0.971814751625061,0.8155256509780884,0.8125,0.21875,0.6280978918075562,0.6765158176422119,1.0168691873550415
12580,0.716076672077179,1.1471128463745117,0.006256787106394768,1.2530512809753418,0.08516796678304672,1.070693850517273,26.392683029174805,1255.9242481773276,0.00011550547141704783,0.9853014349937439,0.8974158763885498,0.9847977757453918,0.973400354385376,0.7809453010559082,0.9738075137138367,0.7700453400611877,0.703125,0.375,0.6022145748138428,0.6561267375946045,1.2816787958145142
12590,0.7562761902809143,1.2213659286499023,0.00947868637740612,1.3983348608016968,0.07287454605102539,1.1798335313796997,26.62811851501465,1255.9105778094624,0.00011530318538756846,1.0142208337783813,0.8598154187202454,0.9853741526603699,0.983775794506073,0.7783589363098145,0.9714701175689697,0.7848061919212341,0.71875,0.34375,0.5905066728591919,0.6984819173812866,0.9640350341796875
12600,0.6447697877883911,1.0453382730484009,0.01671741157770157,0.9251663684844971,0.053369466215372086,0.9535896182060242,26.363964080810547,1255.8968973626747,0.00011510102834896202,0.8941797018051147,0.8313663601875305,0.9825107455253601,0.9756684899330139,0.7236159443855286,0.9702578186988831,0.8085958361625671,0.796875,0.265625,0.6193873882293701,0.7169904112815857,1.3594841957092285
12610,0.6027998328208923,0.9215424656867981,0.0433930866420269,1.1438627243041992,0.04826909303665161,0.8284458518028259,26.46525764465332,1255.8831198190958,0.0001148990008259384,0.8238208889961243,0.7367367744445801,0.9785137176513672,0.9714226722717285,0.7378571629524231,0.9735927581787109,0.7944039106369019,0.90625,0.09375,0.6288382411003113,0.7365531325340271,1.3858928680419922
12620,0.6781314015388489,1.0756235122680664,0.006935023237019777,1.180685043334961,0.05972730368375778,1.0794764757156372,26.803909301757812,1255.8684946845967,0.00011469710334287143,0.9392176866531372,0.8702875971794128,0.9840520024299622,0.980843722820282,0.7376953959465027,0.9706047773361206,0.8016273975372314,0.84375,0.15625,0.579836905002594,0.7179468870162964,1.906569004058838
12630,0.6656872630119324,1.0825165510177612,0.02151660807430744,1.0765752792358398,0.061226263642311096,0.7722821831703186,26.963909149169922,1255.8545005096753,0.00011449533642379726,0.8965561389923096,0.769562840461731,0.9853425621986389,0.9772776365280151,0.751569926738739,0.9767091870307922,0.805731475353241,0.9375,0.0625,0.6598978042602539,0.6859158873558044,1.1127209663391113
12640,0.7018701434135437,1.1662520170211792,0.009711050428450108,1.147163987159729,0.06381597369909286,0.8084944486618042,26.44321632385254,1255.8398170153378,0.00011429370059241333,0.9627242088317871,0.8695135116577148,0.9789023399353027,0.9690771698951721,0.7315790057182312,0.9757586717605591,0.8157734870910645,0.828125,0.21875,0.6427634954452515,0.7014738917350769,1.9229755401611328
12650,0.7235027551651001,1.1003988981246948,0.009597646072506905,1.3851889371871948,0.05730326473712921,0.9043633937835693,27.072080612182617,1255.8259758512681,0.00011409219637207673,0.9732997417449951,0.8326565623283386,0.980734646320343,0.9775415658950806,0.7340075373649597,0.9659566879272461,0.7715637683868408,0.84375,0.1875,0.655785858631134,0.6927653551101685,1.3512409925460815
12660,0.5939604043960571,1.0293476581573486,0.022305086255073547,1.026500940322876,0.06046481058001518,0.903545081615448,27.46891212463379,1255.8120930993898,0.00011389082428580302,0.8098292946815491,0.7195630073547363,0.9842174649238586,0.9824185371398926,0.787619411945343,0.9705719947814941,0.7639375925064087,0.84375,0.1875,0.6772297024726868,0.7703652381896973,1.3954858779907227
12670,0.7418012022972107,1.1867315769195557,0.010051289573311806,1.3474289178848267,0.06124301627278328,0.8743412494659424,26.728050231933594,1255.7985458613064,0.00011368958485626474,0.9868065714836121,0.8166846036911011,0.9823399782180786,0.9783806800842285,0.765852153301239,0.96815025806427,0.7887817621231079,0.8125,0.21875,0.6214319467544556,0.702723503112793,1.2387162446975708
12680,0.6595323085784912,1.136260747909546,0.008087526075541973,1.1659350395202637,0.054652731865644455,1.3881219625473022,26.623031616210938,1255.7850108918003,0.00011348847860579017,0.8558571934700012,0.6544162034988403,0.9832759499549866,0.9729670882225037,0.7347412109375,0.9681510925292969,0.7894317507743835,0.84375,0.1875,0.7417010068893433,0.8216601610183716,1.0526092052459717
12690,0.814042866230011,1.3823775053024292,0.020623816177248955,1.143843412399292,0.08133848756551743,1.5660172700881958,27.318355560302734,1255.7712451540212,0.00011328750605636176,1.0871570110321045,0.9103806614875793,0.9840669631958008,0.9693220853805542,0.7067672610282898,0.9713497161865234,0.8017724752426147,0.765625,0.359375,0.612481415271759,0.6974599361419678,1.3972607851028442
12700,0.63426274061203,0.9283192753791809,0.007802399806678295,1.2958730459213257,0.05269397422671318,0.9156352281570435,26.4946346282959,1255.7578690551284,0.00011308666772961514,0.8224802017211914,0.6273914575576782,0.9829622507095337,0.9844241738319397,0.8258222937583923,0.9727030992507935,0.7775323987007141,0.90625,0.09375,0.6580454707145691,0.756919264793396,0.8863204717636108
12710,0.6507524251937866,1.1234575510025024,0.014008007012307644,0.9459595084190369,0.05435216426849365,1.8171977996826172,26.981292724609375,1255.7447444763638,0.00011288596414683746,0.901096761226654,0.8344811201095581,0.9777565598487854,0.9645161032676697,0.706303060054779,0.9709265828132629,0.8109209537506104,0.78125,0.21875,0.6481283903121948,0.7430315613746643,1.0197234153747559
12720,0.7607319355010986,1.203210711479187,0.0396624431014061,1.1312979459762573,0.05571240559220314,0.9583704471588135,27.368635177612305,1255.7311041271425,0.0001126853958289661,1.012083888053894,0.8378398418426514,0.980143129825592,0.9762407541275024,0.740104079246521,0.9699663519859314,0.7911646366119385,0.90625,0.15625,0.5850412845611572,0.7063847184181213,1.6385115385055542
12730,0.6212756633758545,0.989926278591156,0.02684694156050682,1.044142484664917,0.04976759850978851,0.9552456736564636,27.61711311340332,1255.7168638010498,0.00011248496329658745,0.8328667879104614,0.7053036689758301,0.9760500192642212,0.9701035022735596,0.7526367902755737,0.9714164733886719,0.8045755624771118,0.875,0.140625,0.6846897006034851,0.7571987509727478,1.0685510635375977
12740,0.7020300626754761,1.0989869832992554,0.004231346305459738,1.2499200105667114,0.05132222920656204,0.8633902668952942,27.027408599853516,1255.703060939884,0.00011228466706993533,0.9292682409286499,0.7574604749679565,0.9845812320709229,0.9802446365356445,0.7310954928398132,0.9695541858673096,0.814256489276886,0.78125,0.25,0.6271641850471497,0.7600741982460022,1.021379828453064
12750,0.7562610507011414,1.15370512008667,0.037250060588121414,1.3749297857284546,0.07260027527809143,1.5343676805496216,26.783889770507812,1255.6891511787626,0.00011208450766888988,1.0166469812393188,0.8679530024528503,0.9835946559906006,0.979336678981781,0.7749202251434326,0.9735681414604187,0.7994223833084106,0.71875,0.359375,0.6244921684265137,0.6898131966590881,1.0557584762573242
12760,0.6236573457717896,0.9630908370018005,0.04029155522584915,1.1855452060699463,0.0484098345041275,1.1921308040618896,27.0346622467041,1255.6756078865596,0.00011188448561297605,0.8159182071685791,0.6408695578575134,0.9824381470680237,0.9787335395812988,0.7342709302902222,0.9711606502532959,0.8015393018722534,0.78125,0.25,0.6964342594146729,0.8647934198379517,0.2330418825149536
12770,0.7527511715888977,1.1009260416030884,0.011292468756437302,1.4211280345916748,0.048345472663640976,1.130630612373352,27.086347579956055,1255.6622844763795,0.00011168460142136235,0.959938645362854,0.6906248927116394,0.9862222671508789,0.982758641242981,0.7674015164375305,0.9683577418327332,0.7857954502105713,0.75,0.25,0.7253411412239075,0.7599057555198669,0.589213490486145
12780,0.703131377696991,1.132477879524231,0.01910567842423916,1.1923192739486694,0.05683852359652519,1.2215169668197632,26.977384567260742,1255.6489281711192,0.00011148485561285936,0.9225687980651855,0.7314579486846924,0.9853084683418274,0.9808558821678162,0.7836789488792419,0.97359299659729,0.794297993183136,0.8125,0.203125,0.6395130157470703,0.7179442644119263,0.9920639991760254
12790,0.8294829726219177,1.2486985921859741,0.03487943857908249,1.4790786504745483,0.08132342994213104,1.881766438484192,26.72734832763672,1255.6350359192459,0.00011128524870591872,1.0649436712265015,0.7848688960075378,0.9833287596702576,0.9742040634155273,0.7339543104171753,0.975738525390625,0.8078134655952454,0.75,0.34375,0.7263748645782471,0.7415102124214172,1.049454689025879
12800,0.7130682468414307,1.1323031187057495,0.04177635908126831,1.0713375806808472,0.0671318843960762,0.830980122089386,26.276681900024414,1255.6214197933534,0.00011108578121863114,1.0048789978027344,0.9727022647857666,0.9784243106842041,0.9775262475013733,0.7688501477241516,0.9709722399711609,0.7882599830627441,0.859375,0.171875,0.5518521666526794,0.6190625429153442,2.189791679382324
12810,0.693715512752533,1.1373919248580933,0.013965902850031853,1.205618143081665,0.05941067636013031,1.0076719522476196,26.623960494995117,1255.6073991737242,0.00011088645366872572,0.9415237903594971,0.8260276317596436,0.9836720824241638,0.9768617749214172,0.7488294243812561,0.9717903137207031,0.8174842596054077,0.828125,0.1875,0.6165512800216675,0.6567932963371277,1.0479918718338013
12820,0.7180222868919373,1.029469609260559,0.01126344408839941,1.300878643989563,0.05631483718752861,0.686488687992096,26.504777908325195,1255.5934203729194,0.00011068726657356843,0.9402700066566467,0.7408257722854614,0.9840402007102966,0.982059121131897,0.7971507906913757,0.9722193479537964,0.7936316728591919,0.90625,0.109375,0.6170347332954407,0.7204200029373169,0.8706581592559814
12830,0.6956014037132263,1.1018999814987183,0.0254948902875185,1.2533661127090454,0.06009253114461899,1.0282635688781738,26.388023376464844,1255.5797197659494,0.00011048822045016049,0.9346215724945068,0.7967339754104614,0.981363832950592,0.9756918549537659,0.7508651614189148,0.9741334915161133,0.8112623691558838,0.828125,0.203125,0.6553528308868408,0.7420271039009094,1.611517071723938
12840,0.74701988697052,1.188093900680542,0.033854447305202484,1.3328150510787964,0.07111096382141113,0.7076656222343445,26.97683334350586,1255.5663041736038,0.00011028931581513731,1.057392954826355,1.0345767736434937,0.9841576814651489,0.9736810922622681,0.7494131922721863,0.9765816330909729,0.8105939030647278,0.84375,0.1875,0.47771158814430237,0.5872507691383362,1.8037676811218262
12850,0.7502979636192322,0.9837824702262878,0.01402828935533762,1.6502070426940918,0.04534278064966202,1.3925836086273193,26.70413589477539,1255.553425232461,0.00011009055318476698,0.9302014708518982,0.5996783971786499,0.9846143126487732,0.9814587235450745,0.8059922456741333,0.9700630307197571,0.7816193699836731,0.890625,0.125,0.7281742691993713,0.8084380626678467,0.5235841274261475
12860,0.5904023051261902,0.994646430015564,0.014090626500546932,0.895121157169342,0.04295393079519272,0.732336163520813,26.65265464782715,1255.5404289569526,0.00010989193307494916,0.771471381187439,0.6035635471343994,0.9815107583999634,0.9712539315223694,0.7442033886909485,0.973045825958252,0.8204315900802612,0.828125,0.1875,0.7378139495849609,0.8240277171134949,0.5928518772125244
12870,0.6679649353027344,1.087756633758545,0.021755294874310493,1.1467740535736084,0.049887459725141525,0.7629005908966064,26.6788330078125,1255.5273960157076,0.00010969345600121337,0.8656131029129028,0.6588271856307983,0.9841825366020203,0.9856699705123901,0.7788852453231812,0.9718226194381714,0.807826042175293,0.90625,0.109375,0.6544166207313538,0.7803072333335876,0.7245111465454102
12880,0.7283987998962402,1.043750524520874,0.008360317908227444,1.3515902757644653,0.05352697893977165,0.7595729827880859,26.14519500732422,1255.514250886782,0.00010949512247871812,0.957207202911377,0.7626945972442627,0.9865319132804871,0.9824280142784119,0.7541868090629578,0.9714834094047546,0.7948865294456482,0.875,0.1875,0.6919361352920532,0.6563001275062561,1.321047067642212
12890,0.6640493869781494,1.0150947570800781,0.00743418512865901,1.3236347436904907,0.0626012533903122,0.746478259563446,26.984485626220703,1255.5013765743918,0.00010929693302224917,0.8823121190071106,0.7275424599647522,0.9876105189323425,0.9843248724937439,0.7553079724311829,0.9720467329025269,0.8076807260513306,0.875,0.15625,0.718478798866272,0.7304674386978149,1.1450796127319336
12900,0.6586764454841614,1.0720264911651611,0.022732092067599297,1.1553415060043335,0.05781698226928711,0.785344660282135,27.15420150756836,1255.487926350799,0.00010909888814621843,0.9244033098220825,0.8857561349868774,0.9853849411010742,0.9835253953933716,0.7383644580841064,0.9675285816192627,0.758026123046875,0.890625,0.109375,0.5493314862251282,0.627223014831543,1.1950021982192993
12910,0.6734312176704407,1.062566876411438,0.014117070473730564,1.11086106300354,0.04968325421214104,1.1355921030044556,26.810380935668945,1255.4748463875624,0.00010890098836466233,0.9006776809692383,0.7574882507324219,0.9838384985923767,0.976698637008667,0.7180183529853821,0.9740120768547058,0.7944785356521606,0.859375,0.15625,0.6853043437004089,0.7738944292068481,0.9919717907905579
12920,0.7315815687179565,1.0578354597091675,0.029457174241542816,1.3139039278030396,0.05412144958972931,0.9955998063087463,26.708471298217773,1255.4612429684287,0.00010870323419124103,0.9331319332122803,0.6718345880508423,0.9850998520851135,0.9815044403076172,0.7650212645530701,0.9700207710266113,0.8095238208770752,0.875,0.140625,0.6636432409286499,0.769163191318512,0.7177099585533142
12930,0.7513332962989807,1.2664052248001099,0.017253288999199867,1.3212743997573853,0.04879113659262657,1.0610593557357788,26.90164566040039,1255.4476005769975,0.00010850562613923659,0.9834734797477722,0.7738006114959717,0.9812570810317993,0.9679465293884277,0.6919580698013306,0.9692449569702148,0.7925925850868225,0.8125,0.1875,0.6462737917900085,0.7265625596046448,0.7723416686058044
12940,0.6904042363166809,1.103680968284607,0.008260492235422134,1.0456713438034058,0.0590512678027153,0.7184028625488281,26.607114791870117,1255.4346712116394,0.00010830816472155163,0.9347057342529297,0.814338207244873,0.9841866493225098,0.9814222455024719,0.7420639395713806,0.9715715646743774,0.7909996509552002,0.8125,0.21875,0.5061628222465515,0.692812979221344,0.8446166515350342
12950,0.7413056492805481,1.1183408498764038,0.017354195937514305,1.1270745992660522,0.06580186635255814,0.8496922850608826,26.650686264038086,1255.4216986929289,0.0001081108504507086,1.003931999206543,0.8754212260246277,0.981619656085968,0.9766168594360352,0.7761130928993225,0.9684569239616394,0.7496770024299622,0.859375,0.15625,0.5064331889152527,0.6821221113204956,2.1370656490325928
12960,0.6992530822753906,1.087643027305603,0.01325687300413847,1.4538962841033936,0.07098498940467834,0.8289704322814941,26.457271575927734,1255.4084236609467,0.0001079136838388476,0.9344986081123352,0.7841517925262451,0.9839340448379517,0.9784151315689087,0.7570006251335144,0.9757805466651917,0.8191957473754883,0.859375,0.15625,0.6254947781562805,0.7207973003387451,1.221598744392395
12970,0.6635655164718628,1.1027666330337524,0.02635749988257885,0.9836277961730957,0.05561158061027527,0.7573480010032654,26.903648376464844,1255.3953434039283,0.00010771666539772564,0.8598974943161011,0.6544399261474609,0.984953761100769,0.9795538783073425,0.7815436124801636,0.9712511301040649,0.7825537323951721,0.890625,0.125,0.6811315417289734,0.8095945119857788,0.7374633550643921
12980,0.7366698980331421,1.1808667182922363,0.024059206247329712,1.143428921699524,0.07873374968767166,1.6598446369171143,27.014604568481445,1255.3820409298298,0.00010751979563871518,0.9934412837028503,0.8559045791625977,0.9868084788322449,0.9809284210205078,0.7329623103141785,0.9737806916236877,0.8049634695053101,0.765625,0.265625,0.5904487371444702,0.7094927430152893,1.161994218826294
12990,0.6496043801307678,1.0164345502853394,0.011862188577651978,1.1502052545547485,0.05743299424648285,0.9298039078712463,26.797176361083984,1255.3686569302172,0.0001073230750728028,0.869789719581604,0.733951210975647,0.9828401803970337,0.980457067489624,0.7705145478248596,0.9732930660247803,0.7935877442359924,0.859375,0.203125,0.66753089427948,0.7186567187309265,1.3268389701843262
13000,0.6336371898651123,1.045959711074829,0.03957201912999153,0.9677795171737671,0.06264451891183853,1.1463603973388672,26.812589645385742,1255.355360885492,0.00010712650421058767,0.8665021657943726,0.7762166261672974,0.981777012348175,0.9793376326560974,0.7166021466255188,0.9676257371902466,0.784351646900177,0.828125,0.171875,0.6365424394607544,0.7536451816558838,1.4119328260421753
13010,0.6537910103797913,1.0239678621292114,0.016591403633356094,1.2315762042999268,0.07224459946155548,1.0872282981872559,27.268686294555664,1255.342237715899,0.0001069300835622806,0.8924855589866638,0.7956483960151672,0.9833728671073914,0.9784128069877625,0.7193199992179871,0.9669619798660278,0.7797913551330566,0.8125,0.1875,0.6706948280334473,0.6643605828285217,1.3818784952163696
13020,0.5606823563575745,0.9224927425384521,0.00913340225815773,0.8827827572822571,0.0583803728222847,0.9438702464103699,26.622116088867188,1255.3295346809066,0.00010673381363770236,0.7533613443374634,0.6422631740570068,0.9852811098098755,0.980919599533081,0.7650018930435181,0.9633033871650696,0.7546592354774475,0.8125,0.203125,0.7054848670959473,0.7970065474510193,1.0961084365844727
13030,0.7140692472457886,1.0178217887878418,0.013565929606556892,1.4069366455078125,0.06049557775259018,0.8408845067024231,26.76335906982422,1255.3165989693935,0.00010653769494628249,0.9867565631866455,0.9089577198028564,0.9833797812461853,0.9804286360740662,0.7532494068145752,0.9681723713874817,0.7951233386993408,0.859375,0.140625,0.5645879507064819,0.6404957175254822,1.6194767951965332
13040,0.7170879244804382,1.069825291633606,0.012269607745110989,1.4692946672439575,0.05746527016162872,0.9090512990951538,26.92415428161621,1255.3037932724,0.00010634172799705818,0.9405247569084167,0.7447894811630249,0.9825906753540039,0.9816006422042847,0.7734327912330627,0.974012553691864,0.7940613031387329,0.84375,0.1875,0.6823070645332336,0.7473978400230408,0.8462122082710266
13050,0.6907395124435425,1.0223718881607056,0.01576543040573597,1.4212117195129395,0.05978424847126007,0.9757812023162842,26.47896957397461,1255.2909807120122,0.00010614591329867262,0.9155451655387878,0.749352216720581,0.9835801124572754,0.9769954085350037,0.7337764501571655,0.9725897908210754,0.8074957132339478,0.796875,0.234375,0.6475232243537903,0.7472869753837585,0.5658475160598755
13060,0.6801769733428955,1.0116395950317383,0.015764791518449783,1.2964805364608765,0.05702447146177292,0.8013558387756348,27.31609344482422,1255.2780481901361,0.00010595025135937387,0.9038413763046265,0.7455480694770813,0.9826095700263977,0.980532169342041,0.7870060801506042,0.9654392600059509,0.7703440189361572,0.890625,0.15625,0.6235294342041016,0.7045727968215942,1.1729804277420044
13070,0.6487991809844971,0.8496150970458984,0.02256787195801735,1.432044506072998,0.047636330127716064,0.7070854306221008,26.90239906311035,1255.2649902060039,0.00010575474268701339,0.8505793213844299,0.672600507736206,0.9875413775444031,0.9871241450309753,0.81916743516922,0.9731240272521973,0.7998788952827454,0.859375,0.140625,0.6593598127365112,0.713462233543396,0.870064914226532
13080,0.7349680066108704,1.1644433736801147,0.02659911848604679,1.2635854482650757,0.061574872583150864,0.864955723285675,26.801715850830078,1255.2519111158767,0.00010555938778904503,0.9738978147506714,0.7964326739311218,0.9824851155281067,0.9757266640663147,0.7507585287094116,0.9698564410209656,0.7918810844421387,0.875,0.140625,0.6724075078964233,0.7441835999488831,1.4237638711929321
13090,0.6978971362113953,1.1724168062210083,0.0058629680424928665,1.2035237550735474,0.06774276494979858,0.8213637471199036,26.732458114624023,1255.2387925491864,0.00010536418717252325,0.9666458368301392,0.8958290815353394,0.9813936948776245,0.9783889651298523,0.7396606802940369,0.9729523062705994,0.79681396484375,0.828125,0.203125,0.5663710236549377,0.6400013566017151,1.8619107007980347
13100,0.7208043336868286,1.0398160219192505,0.03484367951750755,1.3301163911819458,0.06114969402551651,1.8136568069458008,26.778789520263672,1255.225844316614,0.00010516914134410242,0.9430080652236938,0.7406790256500244,0.9843777418136597,0.9780038595199585,0.7804272174835205,0.9687905311584473,0.7792431116104126,0.84375,0.203125,0.6152821779251099,0.7466461062431335,0.6709166765213013
13110,0.741037905216217,1.0731173753738403,0.00960085541009903,1.3008315563201904,0.06074110418558121,1.5385795831680298,27.070798873901367,1255.2130589026672,0.00010497425081003482,0.962703287601471,0.7388846278190613,0.9861665368080139,0.9850699305534363,0.7858990430831909,0.9642532467842102,0.7431219220161438,0.859375,0.171875,0.6460404396057129,0.7390103936195374,1.2244391441345215
13120,0.7038122415542603,1.131961703300476,0.0171656496822834,1.2755504846572876,0.058843232691287994,0.7784939408302307,26.534425735473633,1255.2000537399897,0.00010477951607616973,0.9536811113357544,0.8328961730003357,0.9874105453491211,0.984149158000946,0.7403238415718079,0.9722883701324463,0.7925465703010559,0.78125,0.234375,0.6547545790672302,0.6860958933830261,1.1110535860061646
13130,0.6032342314720154,0.9667131900787354,0.016290219500660896,1.1105494499206543,0.04855800047516823,0.8668195009231567,27.347633361816406,1255.1870440806315,0.00010458493764795217,0.8125167489051819,0.6976082921028137,0.9795507192611694,0.9735588431358337,0.7804575562477112,0.9725865721702576,0.7931677103042603,0.875,0.125,0.6295750737190247,0.7747241258621216,1.2510583400726318
13140,0.7439739108085632,1.158870816230774,0.016803013160824776,1.3878557682037354,0.0691879615187645,0.885481595993042,26.761390686035156,1255.17399122061,0.00010439051603042131,0.9908132553100586,0.8227977752685547,0.9828708171844482,0.9811123609542847,0.783816397190094,0.9669064283370972,0.7784720063209534,0.796875,0.25,0.619236409664154,0.7089664936065674,1.7646955251693726
13150,0.5922281742095947,0.9893308877944946,0.02829412743449211,0.9854697585105896,0.05575096607208252,0.7067397832870483,26.510231018066406,1255.1615187886111,0.00010419625172820942,0.8163859844207764,0.7471926212310791,0.9826868772506714,0.9746422171592712,0.739130437374115,0.9709752202033997,0.8088802695274353,0.875,0.140625,0.694083034992218,0.7352237701416016,1.8036518096923828
13160,0.700599193572998,1.169130563735962,0.021209631115198135,0.9956514835357666,0.06461085379123688,0.982137143611908,26.32258415222168,1255.148868709077,0.00010400214524554043,0.9790738821029663,0.9282488822937012,0.9821053743362427,0.9646412134170532,0.6651958227157593,0.973514974117279,0.8116657137870789,0.84375,0.203125,0.595093309879303,0.6618448495864868,1.6907057762145996
13170,0.7206785082817078,1.0863714218139648,0.01604902371764183,1.2655975818634033,0.07040450721979141,1.2091785669326782,26.82571029663086,1255.1368784403305,0.00010380819708622857,0.9676726460456848,0.8233137726783752,0.9867243766784668,0.9793862700462341,0.7157552242279053,0.9672403931617737,0.794432520866394,0.765625,0.28125,0.6645047068595886,0.7482292056083679,1.3349978923797607
13180,0.6236932873725891,1.0232795476913452,0.01742774061858654,1.0333102941513062,0.0642133355140686,0.9819610714912415,26.93826675415039,1255.1244370965064,0.00010361440775367715,0.8463121652603149,0.7420628070831299,0.9824188351631165,0.9713195562362671,0.722276508808136,0.9764713644981384,0.8207241296768188,0.84375,0.1875,0.664404034614563,0.7069019079208374,1.1810935735702515
13190,0.7792406678199768,1.226629376411438,0.03816860914230347,1.295376181602478,0.06729727238416672,1.4136935472488403,26.741384506225586,1255.1118894819406,0.00010342077775087736,1.0453071594238281,0.8868882060050964,0.9738667607307434,0.9556514620780945,0.6634207367897034,0.9662160277366638,0.8016031980514526,0.75,0.28125,0.6776023507118225,0.7460818886756897,1.5582613945007324
13200,0.6904181241989136,0.9898395538330078,0.01750929094851017,1.4507932662963867,0.06049437075853348,1.2747882604599,26.98111343383789,1255.0994629708778,0.00010322730758040664,0.9239516258239746,0.7784450054168701,0.9812185168266296,0.976695716381073,0.7123684883117676,0.966560423374176,0.7760065197944641,0.84375,0.1875,0.6997559070587158,0.7186326384544373,1.182961344718933
13210,0.6800201535224915,1.0749611854553223,0.03458061069250107,1.0971578359603882,0.07460051774978638,0.899001955986023,26.98235321044922,1255.0872435624444,0.00010303399774442777,0.9584413766860962,0.9280707836151123,0.9816824197769165,0.9749016761779785,0.6943185925483704,0.9724447727203369,0.8210702538490295,0.84375,0.265625,0.6190332770347595,0.6788274645805359,1.7858498096466064
13220,0.5115800499916077,0.964052140712738,0.010719615034759045,0.6907644867897034,0.049394555389881134,0.7774756550788879,27.67559814453125,1255.0750617562796,0.00010284084874468725,0.7368492484092712,0.7508973479270935,0.9810426235198975,0.9595338106155396,0.6972653865814209,0.9779554605484009,0.8392428159713745,0.828125,0.171875,0.6577802300453186,0.8088316917419434,0.8756605982780457
13230,0.6543375849723816,1.0647733211517334,0.03857129067182541,1.1088718175888062,0.05736074596643448,0.9974051117897034,27.366918563842773,1255.0626336897453,0.00010264786108251408,0.9229640960693359,0.89542156457901,0.9823550581932068,0.977666974067688,0.7082949876785278,0.9679136872291565,0.7967914342880249,0.8125,0.203125,0.5651388168334961,0.6926599144935608,1.4083197116851807
13240,0.6610323786735535,1.0167548656463623,0.012260460294783115,1.109209656715393,0.07055095583200455,0.7405979037284851,26.804580688476562,1255.049882555946,0.0001024550352588187,0.9019150137901306,0.8029420375823975,0.982399582862854,0.9779727458953857,0.7498950958251953,0.971592128276825,0.8216318488121033,0.859375,0.171875,0.6492077708244324,0.6863119602203369,1.473924160003662
13250,0.6587144732475281,1.140721082687378,0.05423847958445549,0.919223427772522,0.05624883621931076,0.8905872106552124,27.10034942626953,1255.0371929776893,0.00010226237177409124,0.9021552801132202,0.8114693760871887,0.9822231531143188,0.972801148891449,0.7318140268325806,0.9716770052909851,0.8055399060249329,0.75,0.296875,0.7107467651367188,0.7460039854049683,1.3498668670654297
13260,0.6975027322769165,1.203809142112732,0.01625264249742031,1.0400238037109375,0.06988628953695297,1.066325306892395,26.855690002441406,1255.0245758021183,0.00010206987112840069,0.9554826021194458,0.8599328994750977,0.9790236353874207,0.9736809730529785,0.7108866572380066,0.9757674336433411,0.8096936941146851,0.828125,0.234375,0.5825957655906677,0.6741647124290466,1.4725862741470337
13270,0.6794949769973755,0.9401643872261047,0.015542028471827507,1.429243803024292,0.0566350519657135,0.7433651685714722,26.78989601135254,1255.0117135398439,0.00010187753382139326,0.9097251892089844,0.7674340009689331,0.9861360788345337,0.9840555787086487,0.799927830696106,0.9686830639839172,0.7822197675704956,0.890625,0.109375,0.6152909398078918,0.6663974523544312,1.6378190517425537
13280,0.7837797403335571,1.071138858795166,0.005309568718075752,1.4739253520965576,0.06104531139135361,0.9776857495307922,26.997352600097656,1254.9992803563457,0.00010168536035229126,1.0488497018814087,0.8835665583610535,0.9789789319038391,0.9731467366218567,0.7413710355758667,0.9692622423171997,0.7918726205825806,0.890625,0.171875,0.5999999642372131,0.6234269738197327,1.2831611633300781
13290,0.6329591870307922,1.0649890899658203,0.012801931239664555,0.9939619898796082,0.05438422039151192,1.1276344060897827,26.97585105895996,1254.9870489676603,0.00010149335121989159,0.8698533773422241,0.7896472811698914,0.9851828217506409,0.9796558618545532,0.7496357560157776,0.9736514091491699,0.7993249297142029,0.890625,0.109375,0.6029279232025146,0.6841631531715393,1.0144727230072021
13300,0.6984532475471497,1.185559630393982,0.0035831208806484938,1.0794726610183716,0.05421393737196922,1.1276289224624634,27.234289169311523,1254.9745875934314,0.00010130150692256492,0.9189303517341614,0.7349237203598022,0.9820616841316223,0.9749495387077332,0.7225533127784729,0.970849871635437,0.8211449384689331,0.796875,0.25,0.7308928370475769,0.7950349450111389,0.7927493453025818
13310,0.6050041913986206,1.0188031196594238,0.011185897514224052,0.8808345198631287,0.04715205729007721,0.5825109481811523,26.850955963134766,1254.962550270776,0.00010110982795825373,0.8272280097007751,0.740746021270752,0.9835850596427917,0.9830891489982605,0.7694225907325745,0.974498987197876,0.8043956160545349,0.859375,0.171875,0.6007881164550781,0.7911195755004883,0.847373902797699
13320,0.6221904158592224,1.0589040517807007,0.00642688712105155,1.0085992813110352,0.06783059239387512,0.8535053133964539,27.071609497070312,1254.9507573421413,0.00010091831482447167,0.8954433798789978,0.9108431339263916,0.9860281348228455,0.9839821457862854,0.7781916856765747,0.9788663387298584,0.8179923892021179,0.828125,0.234375,0.5797165036201477,0.6438627243041992,1.8696186542510986
13330,0.6137850880622864,1.0261738300323486,0.012208039872348309,1.059430480003357,0.039956916123628616,0.8341044187545776,27.35382080078125,1254.9385864355054,0.00010072696801830176,0.8076962828636169,0.6463706493377686,0.9849336743354797,0.9788581132888794,0.7868955135345459,0.9766074419021606,0.8028215169906616,0.828125,0.171875,0.7072080969810486,0.7931817770004272,0.5836458206176758
13340,0.6536858081817627,0.9963512420654297,0.0218767412006855,1.2336881160736084,0.05739516019821167,0.8248451948165894,26.94874382019043,1254.9263703669444,0.00010053578803639533,0.8652454614639282,0.7051987051963806,0.9841035604476929,0.9750170111656189,0.7544054985046387,0.9713596105575562,0.7911098003387451,0.8125,0.203125,0.7049468755722046,0.7705612778663635,0.740240216255188
13350,0.616682767868042,1.0335073471069336,0.007792840711772442,1.0398640632629395,0.043923765420913696,0.7468833327293396,26.895597457885742,1254.9140546214267,0.00010034477537497088,0.8233792781829834,0.688988447189331,0.9892934560775757,0.9866259098052979,0.7312526106834412,0.9748764634132385,0.811107873916626,0.90625,0.09375,0.647609531879425,0.7861716151237488,0.8247964382171631
13360,0.7185052633285522,1.1283094882965088,0.008387256413698196,1.2604435682296753,0.05684957280755043,0.911183774471283,27.463857650756836,1254.9022455822567,0.00010015393052981237,0.9637635946273804,0.8175276517868042,0.9854235649108887,0.9822986125946045,0.7801002860069275,0.973827600479126,0.8084917068481445,0.765625,0.28125,0.5947275161743164,0.728209912776947,0.8594189286231995
13370,0.6841003894805908,1.0257314443588257,0.02210712805390358,1.2728147506713867,0.0678740069270134,0.8388321399688721,27.078466415405273,1254.8900176702641,9.996325399626841e-05,0.9358533024787903,0.83917635679245,0.9820575714111328,0.9780046343803406,0.7567894458770752,0.9707651734352112,0.782992959022522,0.890625,0.109375,0.5686622262001038,0.6618347764015198,1.466054916381836
13380,0.6403795480728149,0.9451526999473572,0.02495851367712021,1.18325674533844,0.05854686349630356,1.1756421327590942,26.905345916748047,1254.878101843197,9.977274626925065e-05,0.8562349081039429,0.7195178270339966,0.9810368418693542,0.9746493697166443,0.7408786416053772,0.9757633209228516,0.8225107789039612,0.9375,0.0625,0.7108120322227478,0.7257370948791504,1.2205085754394531
13390,0.6371465921401978,1.1005207300186157,0.007389460224658251,1.1429102420806885,0.05618469789624214,0.9490007758140564,26.725032806396484,1254.8660262199794,9.958240784323258e-05,0.8642550706863403,0.757028341293335,0.9829185009002686,0.9788222908973694,0.7442759275436401,0.9741217494010925,0.8185641169548035,0.890625,0.109375,0.6319199800491333,0.7168347835540771,0.7492870092391968
13400,0.5977151989936829,0.9065045714378357,0.007874219678342342,1.0288984775543213,0.044394493103027344,0.683071494102478,27.070833206176758,1254.8535126319018,9.939223921224818e-05,0.7670990824699402,0.5646129846572876,0.9847558736801147,0.9816476106643677,0.7720546126365662,0.9726291298866272,0.8098913431167603,0.9375,0.109375,0.783819317817688,0.8137309551239014,0.6977640390396118
13410,0.6062148809432983,0.8721717596054077,0.020819857716560364,1.2014148235321045,0.052069615572690964,0.8878659009933472,27.524993896484375,1254.8410980871201,9.920224086989093e-05,0.8335753083229065,0.7578681111335754,0.9857335090637207,0.985957682132721,0.7880184650421143,0.9718746542930603,0.7727417945861816,0.859375,0.15625,0.6251965165138245,0.6680797934532166,1.3180642127990723
13420,0.6627389788627625,0.93684321641922,0.009697691537439823,1.454498052597046,0.05644426494836807,1.029432773590088,27.104164123535156,1254.8283260063959,9.901241330931212e-05,0.8797988891601562,0.7235329151153564,0.9837151765823364,0.9819709062576294,0.7597600221633911,0.9727219343185425,0.7889417409896851,0.8125,0.234375,0.7025934457778931,0.7769736647605896,0.8444383144378662
13430,0.697099506855011,1.1962625980377197,0.020914187654852867,0.9920340180397034,0.07801282405853271,1.2526476383209229,27.105072021484375,1254.8155406368444,9.882275702321989e-05,0.9948018193244934,0.9923410415649414,0.9827538132667542,0.973407506942749,0.745186984539032,0.973438024520874,0.8143322467803955,0.875,0.15625,0.5632911324501038,0.6610820293426514,1.540488600730896
13440,0.640303909778595,0.9841195940971375,0.030977316200733185,1.165624976158142,0.05201419070363045,1.0761785507202148,27.063562393188477,1254.802873809813,9.86332725038778e-05,0.8924621939659119,0.8405275940895081,0.9820480346679688,0.9772071838378906,0.757252037525177,0.9691937565803528,0.80031818151474,0.828125,0.265625,0.5677023530006409,0.7191407680511475,1.2601567506790161
13450,0.6605278849601746,1.0978387594223022,0.017691660672426224,1.0682154893875122,0.06431646645069122,1.2407900094985962,27.033931732177734,1254.7910954800711,9.844396024310345e-05,0.9221160411834717,0.8719605207443237,0.9807060360908508,0.9670114517211914,0.7303006052970886,0.9724489450454712,0.8007742762565613,0.765625,0.34375,0.613629937171936,0.7382646203041077,1.044325828552246
13460,0.660455584526062,1.107856035232544,0.015471339225769043,1.0768980979919434,0.06856982409954071,0.8680546283721924,27.43070411682129,1254.7793142151966,9.825482073226757e-05,0.9312735795974731,0.9027266502380371,0.9848992228507996,0.9758350253105164,0.719347357749939,0.9806323051452637,0.84327632188797,0.90625,0.125,0.5682659149169922,0.6737074255943298,1.8842066526412964
13470,0.6386675238609314,0.9946674108505249,0.01851465553045273,1.1105417013168335,0.058613501489162445,0.9480500221252441,26.8145694732666,1254.7679097369082,9.806585446229227e-05,0.8777167201042175,0.7968305945396423,0.9821039438247681,0.9847530126571655,0.8095409274101257,0.9763754606246948,0.8111282587051392,0.859375,0.1875,0.602947473526001,0.7092874646186829,1.6662867069244385
13480,0.7310665249824524,1.0059870481491089,0.024930059909820557,1.457259178161621,0.05480215698480606,0.8224039673805237,27.869049072265625,1254.7566271320122,9.787706192365015e-05,0.972154974937439,0.8036280870437622,0.9796861410140991,0.9721900224685669,0.767978310585022,0.9684366583824158,0.7841385006904602,0.828125,0.171875,0.6640520095825195,0.6701854467391968,1.4960765838623047
13490,0.7318429350852966,0.9667479991912842,0.011799314059317112,1.4286528825759888,0.05134597420692444,0.9775937795639038,27.30378532409668,1254.7449439974846,9.768844360636295e-05,0.9552553296089172,0.7447078824043274,0.9844186305999756,0.9801570177078247,0.7899731993675232,0.9716194272041321,0.7857566475868225,0.859375,0.15625,0.6453326940536499,0.7002295851707458,1.3641138076782227
13500,0.6778308153152466,0.9749605655670166,0.04564080014824867,1.2766332626342773,0.05984140560030937,0.8331220746040344,27.355981826782227,1254.7327529239176,9.750000000000003e-05,0.9416894912719727,0.8795287609100342,0.9815314412117004,0.96893709897995,0.7030055522918701,0.9710130095481873,0.7956140041351318,0.84375,0.15625,0.6327493786811829,0.624042809009552,1.4846323728561401
13510,0.7096154093742371,1.033362865447998,0.0036948169581592083,1.2521265745162964,0.04704528674483299,1.1383858919143677,27.187545776367188,1254.7211488747992,9.731173159367726e-05,0.9385636448860168,0.7631607055664062,0.986219584941864,0.983688235282898,0.7832937240600586,0.96931391954422,0.7673569321632385,0.8125,0.234375,0.6348000168800354,0.7397568821907043,0.9777993559837341
13520,0.7139527797698975,1.218733310699463,0.012794447131454945,0.9570530652999878,0.06649655103683472,0.7768450379371643,27.673507690429688,1254.7095862368685,9.712363887605599e-05,0.9375059604644775,0.7451772689819336,0.9839608073234558,0.9812679886817932,0.7153227925300598,0.9709982872009277,0.7970141172409058,0.859375,0.15625,0.6913735866546631,0.7327998876571655,1.149970293045044
13530,0.7354562878608704,1.0994559526443481,0.08903758972883224,1.3176780939102173,0.0486590601503849,0.8797398805618286,27.134960174560547,1254.6972583976392,9.693572233534135e-05,0.9474202990531921,0.7065466642379761,0.9809925556182861,0.9794520735740662,0.7865000367164612,0.9727877378463745,0.8057467937469482,0.84375,0.15625,0.6842469573020935,0.7087031006813049,1.171486258506775
13540,0.7038874626159668,1.1664918661117554,0.007488833740353584,1.1802146434783936,0.05666019767522812,0.7516145706176758,27.222688674926758,1254.6854983342027,9.674798245928136e-05,0.9410776495933533,0.7906339764595032,0.9849374294281006,0.9788235425949097,0.7373455166816711,0.967614471912384,0.7873928546905518,0.859375,0.15625,0.6440287232398987,0.6947717666625977,1.3023353815078735
13550,0.612551212310791,0.9546669721603394,0.018399514257907867,1.2671809196472168,0.05785055458545685,0.8580890893936157,26.946720123291016,1254.6734890598125,9.656041973516534e-05,0.804852306842804,0.6410036683082581,0.9823136925697327,0.9719240665435791,0.76288241147995,0.9772859811782837,0.8237523436546326,0.890625,0.109375,0.6880248785018921,0.8071898221969604,0.6080377697944641
13560,0.6539157032966614,1.1835154294967651,0.013146483339369297,0.7952560782432556,0.06805930286645889,1.115801453590393,27.373382568359375,1254.6618475894484,9.637303464982284e-05,0.8877571821212769,0.7794715166091919,0.9852256178855896,0.9709060788154602,0.7233598232269287,0.97502601146698,0.8131967186927795,0.859375,0.1875,0.6389809250831604,0.7227540612220764,1.345404028892517
13570,0.677318274974823,1.037316918373108,0.006852801889181137,1.39875328540802,0.04735312610864639,1.271926760673523,27.082073211669922,1254.6504500339995,9.618582768962246e-05,0.8763766884803772,0.6635279655456543,0.988644003868103,0.9838621616363525,0.7643574476242065,0.9696330428123474,0.8019525408744812,0.828125,0.1875,0.7116730213165283,0.7939407229423523,0.7546008229255676
13580,0.6631439328193665,0.9706273078918457,0.013729797676205635,1.3852100372314453,0.0505838543176651,1.0906777381896973,26.91275405883789,1254.6387536845325,9.599879934047029e-05,0.831182599067688,0.5601287484169006,0.9834457635879517,0.9801940321922302,0.7888277173042297,0.9748561978340149,0.8245416283607483,0.8125,0.234375,0.7710596919059753,0.8639710545539856,0.7152125239372253
13590,0.6734582781791687,1.187119483947754,0.014814144931733608,0.9667845964431763,0.05645475909113884,0.8411481976509094,26.944446563720703,1254.6274045449522,9.581195008780896e-05,0.9071358442306519,0.7789252996444702,0.9841192364692688,0.9785762429237366,0.7092840671539307,0.9755903482437134,0.8128440380096436,0.796875,0.3125,0.6919199228286743,0.7313200235366821,1.061752438545227
13600,0.5989642143249512,1.035435438156128,0.028836792334914207,0.8534136414527893,0.04857983812689781,0.7285997271537781,27.147497177124023,1254.6157500671893,9.562528041661624e-05,0.8203520178794861,0.7379592657089233,0.9772429466247559,0.9669322371482849,0.7034555077552795,0.9729796648025513,0.8275861740112305,0.828125,0.1875,0.6996841430664062,0.7503801584243774,1.3510874509811401
13610,0.7110946178436279,1.2541725635528564,0.010322091169655323,0.9437820315361023,0.05668136477470398,1.0370850563049316,27.769527435302734,1254.6044587502581,9.543879081140371e-05,0.907608687877655,0.6550469398498535,0.9804458618164062,0.972637951374054,0.7372292876243591,0.9698485136032104,0.8254891633987427,0.828125,0.171875,0.7155441045761108,0.797382116317749,0.5435777306556702
13620,0.7362687587738037,0.9781001806259155,0.03229459375143051,1.4084314107894897,0.05103325843811035,0.9649646878242493,27.462806701660156,1254.5926758690837,9.525248175621553e-05,0.9632097482681274,0.7564698457717896,0.9848875403404236,0.9811258316040039,0.7687109112739563,0.9674828052520752,0.7824416756629944,0.921875,0.09375,0.6307319402694702,0.6705302000045776,1.2284305095672607
13630,0.706078290939331,1.1448161602020264,0.02080824226140976,1.0958902835845947,0.062235672026872635,0.9893972873687744,26.922607421875,1254.5812156346956,9.506635373462745e-05,0.9471132159233093,0.8034497499465942,0.9797461032867432,0.9739652276039124,0.7249681353569031,0.9655647873878479,0.7784382700920105,0.875,0.15625,0.6336804032325745,0.6918884515762329,0.9747310280799866
13640,0.5897320508956909,0.9748094081878662,0.007555285934358835,1.0550295114517212,0.0438273660838604,0.8600649833679199,27.302392959594727,1254.569379131544,9.488040722974506e-05,0.8026384115219116,0.7096879482269287,0.9822614192962646,0.9807196855545044,0.735316276550293,0.9714365601539612,0.7926345467567444,0.796875,0.21875,0.6746025681495667,0.7711772322654724,0.7350085973739624
13650,0.6725473403930664,1.0567954778671265,0.016001572832465172,1.1759490966796875,0.050251640379428864,0.8172671794891357,27.782634735107422,1254.5582435849253,9.469464272420307e-05,0.9019782543182373,0.7647696733474731,0.9823033213615417,0.981723427772522,0.7633280754089355,0.9750025272369385,0.7998754978179932,0.8125,0.25,0.5729191899299622,0.7655714154243469,0.5449572205543518
13660,0.6117409467697144,0.9378319978713989,0.005150058772414923,1.0899304151535034,0.04820767045021057,0.7456995248794556,26.729902267456055,1254.546816291558,9.450906070016373e-05,0.8133661150932312,0.6720839142799377,0.9897500276565552,0.9863150715827942,0.8124870657920837,0.9761245250701904,0.7973612546920776,0.890625,0.109375,0.6071863174438477,0.7424662113189697,0.9318282604217529
13670,0.6452127695083618,1.1405476331710815,0.01908256486058235,0.9389592409133911,0.059380099177360535,1.0058951377868652,27.918472290039062,1254.5352913333945,9.43236616393154e-05,0.8731650710105896,0.7598409056663513,0.9811668395996094,0.9744614362716675,0.6986674666404724,0.969142496585846,0.7937110066413879,0.875,0.125,0.6775283217430115,0.7373579740524292,1.339750051498413
13680,0.6263687014579773,0.979787290096283,0.02072601392865181,1.0361335277557373,0.05821998417377472,0.710293173789978,27.17304039001465,1254.523568667051,9.413844602287189e-05,0.8490987420082092,0.7424334287643433,0.9843506217002869,0.9777161478996277,0.7681716680526733,0.9728123545646667,0.8008067011833191,0.859375,0.140625,0.6370627880096436,0.6944069862365723,1.3128821849822998
13690,0.5592649579048157,0.9375348687171936,0.010201732628047466,0.9833346009254456,0.0521661750972271,0.946769118309021,27.586002349853516,1254.5118138550852,9.395341433157075e-05,0.7541412115097046,0.6495875716209412,0.982613742351532,0.9713252782821655,0.7473558783531189,0.9751631617546082,0.7945786714553833,0.859375,0.171875,0.7182161808013916,0.7702507376670837,0.797492265701294
13700,0.6588015556335449,1.0310941934585571,0.015071398578584194,1.23715078830719,0.05872361734509468,1.3315902948379517,27.268871307373047,1254.4997678351808,9.376856704567206e-05,0.883519172668457,0.7490586638450623,0.9817612171173096,0.9776590466499329,0.7574448585510254,0.9716494083404541,0.8054235577583313,0.71875,0.296875,0.658484935760498,0.7420340776443481,1.2893729209899902
13710,0.6993876099586487,1.0253372192382812,0.016886355355381966,1.3345136642456055,0.05192309245467186,1.4728212356567383,26.90675163269043,1254.4876290147472,9.35839046449574e-05,0.9227700233459473,0.7446079254150391,0.9828859567642212,0.9636790752410889,0.72115159034729,0.9704903364181519,0.8124327063560486,0.859375,0.171875,0.6833220720291138,0.6764560341835022,0.9869987368583679
13720,0.6541218757629395,1.0271111726760864,0.00996470358222723,1.366387963294983,0.05261039361357689,0.7808924317359924,27.139612197875977,1254.475553032013,9.339942760872835e-05,0.8830075263977051,0.7629520297050476,0.9815925359725952,0.971720278263092,0.7545508742332458,0.9721372127532959,0.7991568446159363,0.828125,0.171875,0.6062767505645752,0.7616877555847168,1.247321605682373
13730,0.6568942666053772,1.0465056896209717,0.0039262929931283,1.1496598720550537,0.06125297397375107,1.1405311822891235,27.273149490356445,1254.4641601096455,9.32151364158054e-05,0.9007173180580139,0.8127434849739075,0.981905460357666,0.9781174063682556,0.7365272045135498,0.9684684872627258,0.8003726005554199,0.84375,0.15625,0.6353329420089722,0.6935518383979797,1.2014613151550293
13740,0.6095348000526428,0.9748340845108032,0.02817480079829693,1.0664373636245728,0.049834828823804855,0.9265317916870117,26.76653480529785,1254.4521160308525,9.303103154452674e-05,0.8717268109321594,0.8739733695983887,0.9791936874389648,0.9779501557350159,0.7559641003608704,0.9725998640060425,0.7986091375350952,0.8125,0.1875,0.6096487641334534,0.6169922947883606,1.983154535293579
13750,0.6628400683403015,1.007161259651184,0.011572033166885376,1.2717357873916626,0.0379859022796154,0.6818146109580994,27.530046463012695,1254.4400883821731,9.284711347274684e-05,0.8576674461364746,0.6494244933128357,0.9861586093902588,0.9833453297615051,0.7795840501785278,0.9739624857902527,0.7936204075813293,0.921875,0.078125,0.6700173616409302,0.8198726177215576,0.5949715971946716
13760,0.699192464351654,0.9646473526954651,0.006066504400223494,1.4414693117141724,0.05935121700167656,0.9515048265457153,27.604719161987305,1254.4286798398311,9.266338267783541e-05,0.9088512063026428,0.6988624930381775,0.9801796674728394,0.9729702472686768,0.7795204520225525,0.9711872339248657,0.7879699468612671,0.859375,0.140625,0.699472188949585,0.6953287720680237,1.1765258312225342
13770,0.6922630667686462,1.1237872838974,0.01421736367046833,1.1120612621307373,0.058377910405397415,0.936276376247406,27.430309295654297,1254.4177768924005,9.247983963667618e-05,0.9661688208580017,0.9130191802978516,0.9838540554046631,0.9772024154663086,0.7132422924041748,0.9734863638877869,0.8130344748497009,0.8125,0.21875,0.5635495185852051,0.6422755718231201,1.6251565217971802
13780,0.6587961316108704,1.0592032670974731,0.01411973312497139,1.1006593704223633,0.06405056267976761,0.9865421652793884,26.7254695892334,1254.4065120504163,9.229648482566515e-05,0.912808895111084,0.846709132194519,0.9823930263519287,0.9688771963119507,0.7071740627288818,0.973699688911438,0.7937107086181641,0.828125,0.203125,0.6043498516082764,0.676491916179657,1.5716357231140137
13790,0.7532774806022644,1.0421241521835327,0.021943436935544014,1.3795653581619263,0.05646778270602226,0.9185143113136292,27.067359924316406,1254.3950614964344,9.211331872071021e-05,0.9769681096076965,0.745635449886322,0.985739529132843,0.9791028499603271,0.7846000790596008,0.9715423583984375,0.7894248962402344,0.828125,0.234375,0.7113263607025146,0.7269171476364136,2.279660940170288
13800,0.6566200256347656,0.9929275512695312,0.018548982217907906,1.2708271741867065,0.036592140793800354,0.8241199851036072,27.091541290283203,1254.383868636533,9.193034179722928e-05,0.8625609874725342,0.6864697933197021,0.9828206896781921,0.9807926416397095,0.759436845779419,0.9715965390205383,0.7993937730789185,0.859375,0.171875,0.6764974594116211,0.7496832609176636,1.0576165914535522
13810,0.7161179780960083,1.2114510536193848,0.06070464476943016,0.9636190533638,0.07979162037372589,1.461890697479248,27.503738403320312,1254.3726047219561,9.174755453014912e-05,0.9786393642425537,0.8750712871551514,0.9838060736656189,0.9776947498321533,0.7411177754402161,0.9708253145217896,0.7897195816040039,0.8125,0.1875,0.5925925970077515,0.6837899088859558,1.365416169166565
13820,0.5880254507064819,1.0335394144058228,0.021038709208369255,0.9992882609367371,0.041579604148864746,0.6350213289260864,27.03123664855957,1254.3621423202412,9.156495739390448e-05,0.7797026634216309,0.6389240026473999,0.9846270680427551,0.9805147647857666,0.7761357426643372,0.9761658906936646,0.8114621043205261,0.84375,0.15625,0.6428813934326172,0.8180630207061768,0.5748383402824402
13830,0.6686362624168396,1.0184286832809448,0.013403852470219135,1.3312698602676392,0.060232553631067276,1.1340258121490479,27.1502742767334,1254.3511543430152,9.13825508624364e-05,0.9435193538665771,0.9162770509719849,0.9819918274879456,0.9782493114471436,0.7445436716079712,0.967123806476593,0.7699214816093445,0.734375,0.328125,0.5910630822181702,0.6426512002944946,1.305098533630371
13840,0.7097116708755493,0.9608364105224609,0.04025249928236008,1.341577172279358,0.056438516825437546,0.8736010193824768,26.646686553955078,1254.3403734661556,9.120033540919126e-05,0.9285091161727905,0.7293248176574707,0.9794135689735413,0.9714409708976746,0.7186397314071655,0.9739192128181458,0.8233851194381714,0.90625,0.109375,0.6668855547904968,0.7287454009056091,0.8711841106414795
13850,0.706873893737793,1.1236387491226196,0.03836582973599434,1.2496522665023804,0.05020742118358612,0.9984557628631592,27.00235939025879,1254.329265494327,9.101831150711958e-05,0.9536700248718262,0.8226537704467773,0.9759234189987183,0.9674350619316101,0.699781060218811,0.9705253839492798,0.8275070190429688,0.8125,0.234375,0.6587108373641968,0.7250338792800903,0.9100791215896606
13860,0.6020543575286865,1.0788414478302002,0.03364700824022293,0.9201823472976685,0.04862747713923454,0.736565113067627,27.191757202148438,1254.3177550189266,9.083647962867451e-05,0.805177628993988,0.67707759141922,0.986055850982666,0.980327844619751,0.7532814145088196,0.9815294146537781,0.8536962866783142,0.875,0.15625,0.6841714382171631,0.775936484336853,1.2262730598449707
13870,0.7072350382804871,1.116721749305725,0.009911607950925827,1.109318733215332,0.06087065115571022,0.8281545639038086,27.433923721313477,1254.3073355449383,9.065484024581097e-05,0.9606887698173523,0.8448457717895508,0.9844168424606323,0.9814704656600952,0.7311369180679321,0.9758094549179077,0.806921660900116,0.875,0.15625,0.5992467403411865,0.6773678064346313,1.3259986639022827
13880,0.6565690040588379,1.0875903367996216,0.02925563044846058,1.074102759361267,0.05726226419210434,1.7999558448791504,27.85536766052246,1254.2969772717345,9.047339382998426e-05,0.8890660405158997,0.7749901413917542,0.9881250858306885,0.9855996370315552,0.7378545999526978,0.9740791916847229,0.8188556432723999,0.8125,0.203125,0.6503705978393555,0.7062890529632568,1.4465253353118896
13890,0.6493460536003113,1.0188758373260498,0.008443820290267467,1.2055418491363525,0.06504983454942703,0.9971631169319153,27.46167755126953,1254.2862339068745,9.029214085214857e-05,0.8519245386123657,0.6752616167068481,0.9825145602226257,0.9783902168273926,0.7548618912696838,0.9690987467765808,0.8071120381355286,0.84375,0.15625,0.7590351104736328,0.7604181170463562,1.1686326265335083
13900,0.7058300971984863,1.0420589447021484,0.026075847446918488,1.3588087558746338,0.06814107298851013,1.6530433893203735,27.077007293701172,1254.2758054399258,9.011108178275623e-05,0.9840666651725769,0.9274551868438721,0.9820724129676819,0.9706440567970276,0.6969414949417114,0.9709727168083191,0.7989283800125122,0.796875,0.21875,0.5449679493904114,0.6423249840736389,1.4388529062271118
13910,0.637613832950592,1.006366491317749,0.0077383858151733875,1.0416830778121948,0.060748595744371414,1.3435535430908203,27.398014068603516,1254.2651966197107,8.993021709175632e-05,0.8550612926483154,0.724824845790863,0.9868889451026917,0.9852781295776367,0.7751977443695068,0.9695567488670349,0.7751479148864746,0.859375,0.1875,0.6195328831672668,0.7486605048179626,0.7933338284492493
13920,0.6735902428627014,1.144049048423767,0.017311742529273033,1.0151448249816895,0.06504689902067184,0.8546761274337769,27.391551971435547,1254.2545615109873,8.97495472485932e-05,0.9700949192047119,0.9883489608764648,0.9864935874938965,0.9800447821617126,0.7049904465675354,0.9758604764938354,0.8193685412406921,0.875,0.171875,0.5398038029670715,0.6320725083351135,1.7764579057693481
13930,0.6405982375144958,0.9823557734489441,0.010311204940080643,1.214382529258728,0.06741158664226532,1.351094365119934,27.631732940673828,1254.2438830621877,8.956907272220567e-05,0.9160885214805603,0.9183008670806885,0.9786064624786377,0.9773462414741516,0.7605581879615784,0.9657629728317261,0.7543758749961853,0.796875,0.21875,0.6030430197715759,0.6369479894638062,1.8834195137023926
13940,0.6228095889091492,0.963150680065155,0.01629408448934555,1.2417305707931519,0.05864350125193596,0.8817943334579468,27.74967384338379,1254.2339631324849,8.938879398102544e-05,0.8351038098335266,0.7076473236083984,0.9847904443740845,0.9820876717567444,0.7557207942008972,0.9733991026878357,0.7987249493598938,0.921875,0.078125,0.6726399064064026,0.7050632238388062,1.1430407762527466
13950,0.7221895456314087,1.0990180969238281,0.0036956393159925938,1.2576454877853394,0.07655097544193268,0.9533501863479614,27.705272674560547,1254.223537024634,8.920871149297608e-05,0.9754364490509033,0.8441563844680786,0.9853274822235107,0.982039213180542,0.7399807572364807,0.9677863717079163,0.7826670408248901,0.875,0.140625,0.5956900715827942,0.6866336464881897,1.7345826625823975
13960,0.6826519966125488,1.0312525033950806,0.014515313319861889,1.171946406364441,0.0481104850769043,1.627590298652649,26.810592651367188,1254.2131114367091,8.902882572547189e-05,0.9355537295341492,0.8430057764053345,0.9854713678359985,0.9803310632705688,0.7720209360122681,0.9741014242172241,0.8064996600151062,0.875,0.28125,0.5904263854026794,0.7017660140991211,0.8871584534645081
13970,0.7064007520675659,1.1545541286468506,0.006822226569056511,1.0752462148666382,0.06614284217357635,1.2723134756088257,27.93724822998047,1254.2021871669758,8.884913714541635e-05,0.957524299621582,0.8370785713195801,0.987960696220398,0.9873607754707336,0.7770358324050903,0.967454731464386,0.7647743821144104,0.765625,0.296875,0.6015369296073914,0.7108985185623169,1.6983274221420288
13980,0.6216320991516113,0.9889134168624878,0.03879832848906517,1.092609167098999,0.05827818438410759,0.9567787051200867,28.317251205444336,1254.1908177092973,8.866964621920137e-05,0.8801966905593872,0.8618819713592529,0.97967129945755,0.9693551659584045,0.7539197206497192,0.975899875164032,0.8127659559249878,0.84375,0.15625,0.5243729948997498,0.6646268367767334,1.3873207569122314
13990,0.7620804309844971,1.2015422582626343,0.014475032687187195,1.3740766048431396,0.052806198596954346,0.811241626739502,27.32921600341797,1254.1796157347037,8.84903534127058e-05,1.0139808654785156,0.8396679162979126,0.987162172794342,0.9798311591148376,0.7170789241790771,0.977005124092102,0.8218135833740234,0.765625,0.296875,0.6410723924636841,0.7177432775497437,1.2938231229782104
14000,0.6990610361099243,1.010081171989441,0.012008538469672203,1.5221606492996216,0.06053812801837921,0.8375166058540344,26.734582901000977,1254.16886851154,8.831125919129397e-05,0.933499813079834,0.781462550163269,0.9815868139266968,0.974429726600647,0.7703281044960022,0.9660589694976807,0.7989909648895264,0.84375,0.15625,0.6494640707969666,0.7087175250053406,1.0724570751190186
14010,0.6898612380027771,1.2391277551651,0.02882574126124382,0.9845296144485474,0.06451836973428726,1.1723471879959106,27.769134521484375,1254.1576488109224,8.813236401981512e-05,0.9339426159858704,0.8136045932769775,0.9866179823875427,0.9766247868537903,0.7285497188568115,0.976243257522583,0.8241692185401917,0.84375,0.234375,0.6552080512046814,0.7184226512908936,1.079662799835205
14020,0.6582323312759399,1.0237982273101807,0.003605441190302372,1.0951813459396362,0.056833136826753616,0.7224263548851013,27.041446685791016,1254.1464395916805,8.795366836260173e-05,0.8525258898735046,0.6476452350616455,0.9895409941673279,0.9846153855323792,0.7773916721343994,0.9789229035377502,0.811489462852478,0.890625,0.109375,0.7082096934318542,0.7644349932670593,1.1241430044174194
14030,0.6757504343986511,1.2340809106826782,0.010369089432060719,0.7509289979934692,0.05419639125466347,0.7076501846313477,27.4366455078125,1254.1355329126154,8.777517268346835e-05,0.8907790184020996,0.7167619466781616,0.9805189967155457,0.9705485105514526,0.7103099822998047,0.9727525115013123,0.7982561588287354,0.90625,0.09375,0.6536858677864075,0.7803887724876404,0.8626865744590759
14040,0.6535516381263733,0.983902096748352,0.012894372455775738,1.2178672552108765,0.07070795446634293,0.9488017559051514,27.732616424560547,1254.1247972708875,8.759687744571056e-05,0.8995924592018127,0.8201360702514648,0.9832829236984253,0.9769886136054993,0.7170209288597107,0.9753095507621765,0.8127854466438293,0.9375,0.078125,0.6324958205223083,0.6666435599327087,1.4756736755371094
14050,0.5523531436920166,0.8894939422607422,0.007546285167336464,0.9249228239059448,0.042798638343811035,0.7910397052764893,27.263486862182617,1254.11346639379,8.741878311210371e-05,0.780449628829956,0.7603216767311096,0.9834360480308533,0.9738054275512695,0.754213809967041,0.9787597060203552,0.8126286864280701,0.859375,0.140625,0.5690016150474548,0.7433068752288818,0.4887993335723877
14060,0.6222578883171082,1.0176836252212524,0.013625962659716606,1.2013623714447021,0.04645415022969246,0.778183102607727,27.41208839416504,1254.1021757811307,8.724089014490155e-05,0.8430066108703613,0.7358289957046509,0.9853212833404541,0.9817311763763428,0.7483814358711243,0.9732127785682678,0.8033028841018677,0.921875,0.125,0.6473555564880371,0.7388763427734375,1.3345277309417725
14070,0.6612048745155334,0.9921738505363464,0.01509953010827303,1.3572443723678589,0.05444507300853729,0.7475094199180603,27.503498077392578,1254.0912122057316,8.706319900583535e-05,0.8892518877983093,0.7601566314697266,0.9824510812759399,0.9811449646949768,0.7672068476676941,0.9592781066894531,0.7550612688064575,0.828125,0.234375,0.6521463990211487,0.7253156900405884,1.3290756940841675
14080,0.7011957168579102,1.0218861103057861,0.008082388900220394,1.4600507020950317,0.06854458153247833,1.2358735799789429,27.290733337402344,1254.0801878077666,8.688571015611236e-05,0.9419533610343933,0.8025254011154175,0.9793428182601929,0.9733741879463196,0.7684529423713684,0.9672843217849731,0.7849285006523132,0.8125,0.234375,0.6735092997550964,0.6787365674972534,1.9643198251724243
14090,0.7080009579658508,1.0830918550491333,0.008170451037585735,1.3654788732528687,0.06118885800242424,1.174599289894104,28.03084945678711,1254.0693760619222,8.67084240564149e-05,0.9697921872138977,0.8726373910903931,0.9817163944244385,0.9751598834991455,0.7372552752494812,0.9660963416099548,0.7810795903205872,0.828125,0.203125,0.6292576193809509,0.6462207436561584,1.3090221881866455
14100,0.5856729745864868,0.9996618628501892,0.012745070271193981,0.9656791687011719,0.06511873751878738,1.7951356172561646,27.3074893951416,1254.0582045858666,8.65313411668991e-05,0.7973272204399109,0.7055140733718872,0.9833071827888489,0.9680824875831604,0.747734010219574,0.9730867147445679,0.8230328559875488,0.828125,0.171875,0.692833662033081,0.8183873295783997,0.6467540860176086
14110,0.7067893743515015,1.2352757453918457,0.009868129156529903,1.1175345182418823,0.0705922469496727,0.9267106652259827,27.30286979675293,1254.0473176853775,8.635446194719333e-05,0.9766469597816467,0.8995252251625061,0.9797357320785522,0.9643044471740723,0.6929095983505249,0.9700257778167725,0.8112038969993591,0.828125,0.21875,0.6620814800262451,0.6193488836288452,1.9611183404922485
14120,0.6950428485870361,0.9062381386756897,0.02081407979130745,1.3852978944778442,0.0653349831700325,0.9243733882904053,26.621917724609375,1254.0364987543867,8.617778685639765e-05,0.9533718824386597,0.8610967993736267,0.9835315346717834,0.9829357862472534,0.8061212301254272,0.9736049771308899,0.7933395504951477,0.890625,0.15625,0.5674074292182922,0.6843324899673462,1.7938215732574463
14130,0.632672131061554,1.0989763736724854,0.00792077835649252,0.9123747944831848,0.051192235201597214,0.7471529841423035,27.30213737487793,1254.0263441926465,8.600131635308222e-05,0.8014348745346069,0.5625424981117249,0.984047532081604,0.9812855124473572,0.7644199132919312,0.9691671133041382,0.8065990209579468,0.9375,0.078125,0.7498422265052795,0.8061166405677795,0.7785311937332153
14140,0.7438129186630249,1.2716199159622192,0.007377107627689838,0.9819347262382507,0.06387556344270706,0.8105289340019226,27.76007080078125,1254.0161464471596,8.582505089528605e-05,1.0327831506729126,0.9632339477539062,0.9840864539146423,0.9774265885353088,0.7191064357757568,0.9728851914405823,0.8011033535003662,0.859375,0.1875,0.5416219830513,0.6520100235939026,1.949539303779602
14150,0.6067543029785156,1.0769513845443726,0.004818604793399572,1.0733908414840698,0.058404095470905304,0.9633557796478271,27.947509765625,1254.00618117594,8.564899094051614e-05,0.8335347771644592,0.7559349536895752,0.9837719798088074,0.9777933955192566,0.7488155961036682,0.9737016558647156,0.8093463182449341,0.78125,0.3125,0.6713821887969971,0.8226962685585022,0.6095820665359497
14160,0.6303433775901794,0.9317635893821716,0.036257680505514145,1.2200413942337036,0.04690374806523323,0.8933451175689697,27.90852928161621,1253.9963858683077,8.547313694574591e-05,0.8487445712089539,0.728003978729248,0.9831337332725525,0.9785071015357971,0.7757883071899414,0.9741681218147278,0.802679717540741,0.859375,0.140625,0.674309492111206,0.7519651055335999,0.9845908880233765
14170,0.7423348426818848,1.1269243955612183,0.018575159832835197,1.3817412853240967,0.052085030823946,0.965060830116272,27.654190063476562,1253.9866658479073,8.529748936741426e-05,0.9612741470336914,0.7297977209091187,0.9834283590316772,0.9739806652069092,0.7287102937698364,0.9719887375831604,0.7998233437538147,0.828125,0.234375,0.6990734934806824,0.7686190009117126,0.8143858909606934
14180,0.7245045304298401,1.0565152168273926,0.00989206600934267,1.2954150438308716,0.05855993926525116,0.8946556448936462,28.042081832885742,1253.9765540351607,8.512204866142441e-05,0.9760215878486633,0.8383901119232178,0.9858483672142029,0.984637975692749,0.7593837976455688,0.9709270596504211,0.7801932096481323,0.84375,0.203125,0.6275015473365784,0.6964335441589355,1.6985151767730713
14190,0.6402110457420349,0.9834814071655273,0.00881736259907484,1.1455482244491577,0.049280207604169846,0.7760424613952637,28.43076515197754,1253.966721857292,8.494681528314249e-05,0.865878701210022,0.752225399017334,0.9871556162834167,0.9853476881980896,0.7720749974250793,0.9733184576034546,0.811456561088562,0.859375,0.15625,0.6662244200706482,0.7187227010726929,1.1299766302108765
14200,0.700264036655426,1.0791475772857666,0.022276679053902626,1.2423537969589233,0.05446783825755119,0.856590986251831,27.746185302734375,1253.956335663652,8.477178968739666e-05,0.9405486583709717,0.8009487986564636,0.9842910170555115,0.9700688719749451,0.7149258852005005,0.9752796292304993,0.8259653449058533,0.828125,0.203125,0.6803848147392273,0.7215890884399414,1.4423717260360718
14210,0.6504791975021362,1.052108645439148,0.007755812723189592,1.1712841987609863,0.05277341976761818,0.6964817643165588,27.601306915283203,1253.9461090266773,8.459697232847562e-05,0.8768404722213745,0.7545375823974609,0.9788767099380493,0.9685160517692566,0.7373106479644775,0.9657385349273682,0.7785915732383728,0.875,0.15625,0.6145198941230774,0.7396198511123657,1.1074484586715698
14220,0.8196349740028381,1.174772024154663,0.030986636877059937,1.5189307928085327,0.06261111050844193,0.8313892483711243,27.691120147705078,1253.9355344527212,8.442236366012765e-05,1.092024326324463,0.9079644680023193,0.982702910900116,0.9761326909065247,0.702976644039154,0.9703746438026428,0.8056368231773376,0.84375,0.15625,0.5531203150749207,0.6607959270477295,1.6568270921707153
14230,0.6654495000839233,1.0461201667785645,0.013707200065255165,1.3413751125335693,0.05232792720198631,0.8649447560310364,27.682802200317383,1253.9254511842753,8.424796413555935e-05,0.867388129234314,0.6731287837028503,0.9796553254127502,0.9667145013809204,0.7248151898384094,0.97359699010849,0.8038869500160217,0.890625,0.125,0.7289119362831116,0.7550835609436035,0.9365212321281433
14240,0.6555234789848328,0.9880139231681824,0.010935956612229347,1.221909523010254,0.06203371286392212,0.8171816468238831,27.020994186401367,1253.9151002673746,8.407377420743454e-05,0.9012672305107117,0.8191457390785217,0.9863132834434509,0.9845719933509827,0.7578068375587463,0.9751135110855103,0.8205051422119141,0.890625,0.109375,0.6035435795783997,0.6615368723869324,1.6251776218414307
14250,0.6933910846710205,1.0674371719360352,0.009306435473263264,1.3507421016693115,0.05634896457195282,1.4884017705917358,27.641284942626953,1253.905014634598,8.389979432787281e-05,0.911637544631958,0.7274882197380066,0.9907609820365906,0.9913630485534668,0.8033210039138794,0.9751515984535217,0.8135126829147339,0.828125,0.21875,0.677465558052063,0.7027551531791687,0.8756541013717651
14260,0.6538646221160889,1.0919864177703857,0.017721304669976234,0.9544050693511963,0.042635850608348846,0.9091607928276062,27.59729766845703,1253.8949440185224,8.372602494844891e-05,0.8651109337806702,0.704154372215271,0.9875509738922119,0.9787089228630066,0.7245136499404907,0.9769667387008667,0.8297935724258423,0.875,0.140625,0.6545210480690002,0.763891339302063,1.1241780519485474
14270,0.7104262709617615,1.0992282629013062,0.006307183299213648,1.3028254508972168,0.07344275712966919,0.8428196310997009,26.999231338500977,1253.8847186993185,8.355246652019089e-05,0.9602905511856079,0.8328807950019836,0.9826337099075317,0.9783521890640259,0.7280116081237793,0.9709694981575012,0.8044418692588806,0.875,0.125,0.6060819625854492,0.6975371241569519,0.9900786280632019
14280,0.7041579484939575,1.0575308799743652,0.0032849512062966824,1.4318125247955322,0.0670086145401001,1.3998887538909912,27.98446273803711,1253.8744626787695,8.33791194935794e-05,0.9305053949356079,0.7544915080070496,0.9856652021408081,0.980588436126709,0.7885555624961853,0.9771428108215332,0.8217944502830505,0.8125,0.296875,0.6419849991798401,0.7258874177932739,1.388675332069397
14290,0.7144235968589783,1.0574933290481567,0.020262746140360832,1.3647739887237549,0.05142122507095337,0.8066643476486206,27.799020767211914,1253.8641875503777,8.320598431854639e-05,0.9686539173126221,0.8474344611167908,0.9816945195198059,0.9792107343673706,0.729997456073761,0.9653199911117554,0.7845591902732849,0.859375,0.140625,0.5990301966667175,0.6591692566871643,1.5972710847854614
14300,0.5966588258743286,0.9347507953643799,0.03190302476286888,0.9576064348220825,0.043723609298467636,0.8296084403991699,27.62375831604004,1253.8538854324745,8.303306144447398e-05,0.8131436109542847,0.7216160297393799,0.9845947623252869,0.9844909310340881,0.8176689743995667,0.9665154218673706,0.7717546820640564,0.859375,0.203125,0.6313154101371765,0.768667995929718,1.0513875484466553
14310,0.7490803003311157,1.1250813007354736,0.02234433777630329,1.352963924407959,0.05117413401603699,1.0675582885742188,27.181673049926758,1253.843872253583,8.286035132019318e-05,0.9989937543869019,0.8330448865890503,0.9801173806190491,0.9709858298301697,0.744113564491272,0.9727355241775513,0.8051910400390625,0.890625,0.15625,0.6036949753761292,0.6990795731544495,1.4909350872039795
14320,0.6115351915359497,1.0299274921417236,0.01007383968681097,0.9138066172599792,0.05409447103738785,1.1570247411727905,27.458892822265625,1253.83356749068,8.268785439398276e-05,0.833082914352417,0.7384924292564392,0.9845340847969055,0.9778090119361877,0.7421019077301025,0.9709748029708862,0.784213662147522,0.890625,0.15625,0.6053136587142944,0.7351666688919067,0.6291223168373108
14330,0.6924375891685486,1.078648328781128,0.017545122653245926,1.3002053499221802,0.0732843428850174,0.8994936347007751,27.666444778442383,1253.8231122939471,8.251557111356824e-05,0.9500443935394287,0.8586893677711487,0.9839757680892944,0.9797083735466003,0.7680261135101318,0.9648541808128357,0.763325035572052,0.828125,0.296875,0.6544440984725952,0.6750246286392212,1.2468657493591309
14340,0.7448837757110596,1.0430115461349487,0.025776421651244164,1.4532464742660522,0.07427239418029785,1.4774770736694336,27.334192276000977,1253.8123865991943,8.234350192612047e-05,1.0269050598144531,0.9400711059570312,0.9770532250404358,0.9685656428337097,0.7129632830619812,0.9667958617210388,0.7917972803115845,0.78125,0.234375,0.6041228175163269,0.6549468636512756,1.4899924993515015
14350,0.6732009053230286,1.0349279642105103,0.022497251629829407,1.2777091264724731,0.07028208673000336,0.8672749400138855,27.77490997314453,1253.8019260655772,8.217164727825481e-05,0.9532220959663391,0.9334039688110352,0.9845898151397705,0.9813593029975891,0.722918689250946,0.9706917405128479,0.8116776347160339,0.859375,0.1875,0.5271421074867249,0.6398564577102661,1.4513053894042969
14360,0.5903567671775818,0.9314908981323242,0.004783372860401869,1.043357014656067,0.06050039827823639,0.77992182970047,27.702465057373047,1253.7919713336667,8.200000761602953e-05,0.7853010892868042,0.6498143672943115,0.9840831756591797,0.983217716217041,0.7730984091758728,0.9715111255645752,0.7989276051521301,0.890625,0.15625,0.6795225143432617,0.7659596800804138,0.7152161002159119
14370,0.6372088193893433,1.112029790878296,0.011586514301598072,0.8961963057518005,0.05533000826835632,0.7545934319496155,27.10569190979004,1253.781107133739,8.182858338494512e-05,0.8774212002754211,0.8007079362869263,0.9848847985267639,0.9796023368835449,0.7277429103851318,0.9658651351928711,0.7619583606719971,0.75,0.265625,0.6586381196975708,0.7462560534477234,1.2139843702316284
14380,0.5680867433547974,0.9027261734008789,0.0026517913211137056,1.0934571027755737,0.0380772240459919,0.7816962599754333,28.387659072875977,1253.7705287802435,8.165737502994271e-05,0.7508378028869629,0.6091701984405518,0.9809560179710388,0.9794618487358093,0.8078721761703491,0.973230242729187,0.804954469203949,0.828125,0.171875,0.6428457498550415,0.7946950197219849,0.428071528673172
14390,0.6700224876403809,0.9717316627502441,0.02137177065014839,1.161789894104004,0.04900696873664856,0.6593334078788757,27.435258865356445,1253.7599946750508,8.148638299540321e-05,0.8895737528800964,0.7318375110626221,0.9873147010803223,0.986099123954773,0.7643526792526245,0.9668657183647156,0.7848700284957886,0.859375,0.1875,0.6681482791900635,0.7740329504013062,0.8806527256965637
14400,0.6678259968757629,1.069312572479248,0.04428834095597267,1.1554796695709229,0.0669461190700531,0.7919495105743408,27.082717895507812,1253.7499356906092,8.131560772514603e-05,0.9026627540588379,0.7827892303466797,0.9860365986824036,0.978515625,0.7271764278411865,0.9716106057167053,0.8038318753242493,0.890625,0.109375,0.560818076133728,0.7188714146614075,0.8580179810523987
14410,0.6954919099807739,0.9819690585136414,0.030402300879359245,1.3740038871765137,0.04544627293944359,0.8789469003677368,27.451383590698242,1253.7393933267488,8.11450496624281e-05,0.8998450040817261,0.6811768412590027,0.9838749170303345,0.98406982421875,0.7826375961303711,0.9709839224815369,0.8057931661605835,0.875,0.140625,0.6392664313316345,0.7452137470245361,0.9602345824241638
14420,0.663285493850708,1.0090506076812744,0.016991350799798965,1.2204129695892334,0.04704487696290016,1.6384066343307495,27.918371200561523,1253.7285892057969,8.097470924994233e-05,0.8841415643692017,0.7361869215965271,0.9851659536361694,0.9875086545944214,0.7783582806587219,0.9641554951667786,0.7511389851570129,0.859375,0.140625,0.6821326017379761,0.7762346267700195,1.0102413892745972
14430,0.5756570100784302,0.9875666499137878,0.005893075373023748,0.8061007857322693,0.046265047043561935,0.6907734274864197,28.335018157958984,1253.71832231586,8.080458692981682e-05,0.7759469747543335,0.6676332950592041,0.9818810224533081,0.975080132484436,0.7605313062667847,0.9736310243606567,0.8104982376098633,0.9375,0.078125,0.6418181657791138,0.7765082716941833,0.6949282288551331
14440,0.6943243145942688,1.2214471101760864,0.006082324311137199,0.9009613394737244,0.05873354524374008,1.3815146684646606,28.08826446533203,1253.7088288714392,8.063468314361367e-05,0.94850754737854,0.8472774028778076,0.9841898679733276,0.9759825468063354,0.7245382070541382,0.9808221459388733,0.8426134586334229,0.828125,0.171875,0.57785564661026,0.7004743218421936,1.4742577075958252
14450,0.6790598034858704,1.1424952745437622,0.0024331749882549047,0.9818528890609741,0.04882076382637024,0.8517652750015259,28.048797607421875,1253.6989110845323,8.046499833232766e-05,0.8929702639579773,0.7130348086357117,0.9834045171737671,0.9743848443031311,0.7352020144462585,0.9706534743309021,0.8052414059638977,0.828125,0.1875,0.658589780330658,0.7689976692199707,0.5694204568862915
14460,0.6591655015945435,1.045067548751831,0.0211553405970335,1.0424935817718506,0.04594353958964348,0.6702417135238647,28.087160110473633,1253.6895939683488,8.029553293638525e-05,0.8858901858329773,0.755748987197876,0.9862205982208252,0.9823350310325623,0.7403297424316406,0.9678146839141846,0.7842753529548645,0.875,0.125,0.6443117260932922,0.7461487054824829,0.8636443614959717
14470,0.6900894045829773,1.1349303722381592,0.006268227007240057,1.1920418739318848,0.06720659136772156,1.0287973880767822,27.92462730407715,1253.680076594804,8.012628739564335e-05,0.9208459854125977,0.7691884636878967,0.9876061081886292,0.9876158237457275,0.7827896475791931,0.9741302132606506,0.7860095500946045,0.828125,0.21875,0.6164151430130005,0.7303823232650757,1.242232084274292
14480,0.7065212726593018,1.1250739097595215,0.037297479808330536,1.2506877183914185,0.050970226526260376,1.2923684120178223,28.088048934936523,1253.6710216395302,7.995726214938839e-05,0.9391353130340576,0.77538001537323,0.9800786972045898,0.9723049998283386,0.7152523994445801,0.9758487343788147,0.8215356469154358,0.828125,0.203125,0.71681809425354,0.7175521850585938,1.386419653892517
14490,0.7119945883750916,1.0388282537460327,0.017136244103312492,1.3087477684020996,0.05564957484602928,0.9289434552192688,27.90090560913086,1253.6613635190306,7.978845763633477e-05,0.9399434328079224,0.7598294615745544,0.98984295129776,0.9870665669441223,0.761025071144104,0.9723979830741882,0.7899783849716187,0.875,0.171875,0.693579375743866,0.7112863063812256,1.729341745376587
14500,0.6754798889160156,0.9393770694732666,0.008540365844964981,1.3562339544296265,0.05263262987136841,0.9348633289337158,27.80540657043457,1253.6515098819607,7.961987429462408e-05,0.8862013220787048,0.7024046778678894,0.9843690991401672,0.9842507243156433,0.8012151718139648,0.9719817042350769,0.7885215282440186,0.875,0.125,0.6232595443725586,0.7056002616882324,0.8775404691696167
14510,0.6043014526367188,0.993519127368927,0.011192782782018185,1.0548655986785889,0.05601874366402626,0.8231355547904968,27.73788070678711,1253.6416854278164,7.945151256182387e-05,0.8488287329673767,0.8150908946990967,0.982712984085083,0.9810149669647217,0.7657360434532166,0.9715538024902344,0.7871570587158203,0.90625,0.125,0.5860124230384827,0.6675824522972107,1.3990819454193115
14520,0.6688055396080017,0.9799648523330688,0.007640458177775145,1.3185312747955322,0.05393808335065842,1.4955015182495117,27.18551254272461,1253.6318970595278,7.928337287492658e-05,0.9065113663673401,0.7923526763916016,0.9839612245559692,0.9829420447349548,0.7692523002624512,0.9619460105895996,0.7768036127090454,0.828125,0.203125,0.6131468415260315,0.710854172706604,1.572205901145935
14530,0.628073513507843,1.0483942031860352,0.03223508968949318,0.8583000898361206,0.055331796407699585,1.3247565031051636,28.26328468322754,1253.6218548759093,7.911545567034806e-05,0.847616970539093,0.7318115234375,0.9832122325897217,0.9798060059547424,0.743854284286499,0.9763482213020325,0.8095815777778625,0.84375,0.1875,0.6578947305679321,0.7753077745437622,0.9751344323158264
14540,0.7290574312210083,1.0680091381072998,0.018281864002346992,1.3120133876800537,0.05525600165128708,1.2893943786621094,27.65441131591797,1253.612237724172,7.894776138392688e-05,0.9671227335929871,0.793550968170166,0.9824880361557007,0.9791333079338074,0.7609919309616089,0.9733016490936279,0.8098511099815369,0.84375,0.1875,0.6071195006370544,0.69195556640625,1.3447372913360596
14550,0.652397096157074,1.1038907766342163,0.006803758908063173,0.9093970060348511,0.0653333067893982,0.9427751898765564,27.51410675048828,1253.602796578705,7.878029045092305e-05,0.8978241086006165,0.8180900812149048,0.9865304827690125,0.9798856973648071,0.7438498139381409,0.9755043983459473,0.8115538954734802,0.890625,0.171875,0.6307948231697083,0.6933043003082275,1.704878330230713
14560,0.7476989030838013,1.1425484418869019,0.018215136602520943,1.4497531652450562,0.0646776631474495,1.1239951848983765,27.90835189819336,1253.5933195920848,7.861304330601666e-05,1.0246741771697998,0.9232507944107056,0.980812132358551,0.9771772623062134,0.7497864961624146,0.9706906676292419,0.7982035875320435,0.78125,0.21875,0.5828306674957275,0.6420913934707642,1.2647243738174438
14570,0.6617878079414368,1.0340564250946045,0.030806349590420723,1.1413697004318237,0.05335323512554169,1.1437716484069824,27.614322662353516,1253.5837686837856,7.84460203833072e-05,0.8804686665534973,0.7289361953735352,0.9879240393638611,0.9830631017684937,0.7710238695144653,0.9690217971801758,0.7853387594223022,0.84375,0.265625,0.7003053426742554,0.7676807045936584,0.8085426092147827
14580,0.660676121711731,0.9803683161735535,0.024520091712474823,1.2096294164657593,0.05075535178184509,1.2663626670837402,28.003137588500977,1253.5743028931795,7.82792221163119e-05,0.8941410779953003,0.7782164812088013,0.9829918742179871,0.978376030921936,0.7819494009017944,0.9728613495826721,0.7944208383560181,0.90625,0.125,0.6328075528144836,0.7371507883071899,1.248828649520874
14590,0.6364973187446594,0.9831799268722534,0.006905009970068932,1.2328147888183594,0.0489509180188179,0.7865655422210693,27.833616256713867,1253.5647422592929,7.811264893796517e-05,0.8532392382621765,0.7224730849266052,0.985863447189331,0.9843523502349854,0.7813703417778015,0.9775265455245972,0.7916234135627747,0.8125,0.234375,0.6500771045684814,0.7372519373893738,0.6575019359588623
14600,0.657285213470459,1.1111716032028198,0.004357377998530865,1.0479671955108643,0.07356475293636322,0.8039719462394714,27.746126174926758,1253.5551480941415,7.794630128061699e-05,0.9272435903549194,0.899861216545105,0.9816588759422302,0.9761581420898438,0.7538304328918457,0.9700813889503479,0.7968666553497314,0.84375,0.21875,0.559298038482666,0.6987172961235046,1.2494049072265625
14610,0.6853659749031067,1.062819242477417,0.022965028882026672,1.0706310272216797,0.05417153984308243,0.9177737236022949,27.341127395629883,1253.5451359528756,7.7780179576032e-05,0.9090018272399902,0.7454528212547302,0.9878283143043518,0.9845222234725952,0.7994879484176636,0.9751966595649719,0.7887465953826904,0.84375,0.15625,0.6629600524902344,0.7091001868247986,1.548374891281128
14620,0.6745882034301758,1.0344961881637573,0.01527834590524435,1.1432218551635742,0.05137645825743675,0.9330055117607117,28.01287078857422,1253.5355456257205,7.761428425538843e-05,0.9347167015075684,0.867094874382019,0.980673611164093,0.9756121635437012,0.7116571664810181,0.9687533378601074,0.7995021939277649,0.859375,0.171875,0.6107137203216553,0.6639924049377441,0.8692424297332764
14630,0.6612603068351746,1.0970056056976318,0.0307608675211668,1.1613210439682007,0.05815209448337555,1.324035406112671,27.594955444335938,1253.5261282915287,7.744861574927697e-05,0.8863353133201599,0.7502500414848328,0.9819844961166382,0.9707059264183044,0.7088325023651123,0.9745349884033203,0.8141437768936157,0.8125,0.234375,0.7165259122848511,0.7462551593780518,0.8898488283157349
14640,0.6896991729736328,1.0348780155181885,0.01235546637326479,1.1813369989395142,0.04434845596551895,0.8150718808174133,28.290977478027344,1253.5167945415,7.728317448769949e-05,0.9396699666976929,0.833236038684845,0.9819880127906799,0.9764728546142578,0.7380783557891846,0.9729201197624207,0.8103651404380798,0.84375,0.15625,0.542193591594696,0.7193606495857239,1.2305973768234253
14650,0.5908446311950684,0.9572492241859436,0.010642236098647118,0.9457559585571289,0.05142294988036156,1.2231885194778442,28.05550193786621,1253.5070211136692,7.711796090006801e-05,0.7982562780380249,0.6913722157478333,0.9844350814819336,0.9792643785476685,0.7672150731086731,0.9748538136482239,0.8178726434707642,0.921875,0.09375,0.6546196937561035,0.7221472263336182,1.408737063407898
14660,0.6125106811523438,0.9130158424377441,0.01933298259973526,1.1845622062683105,0.055772241204977036,0.745144784450531,28.208499908447266,1253.4975414569117,7.695297541520374e-05,0.8236570358276367,0.7038212418556213,0.9867861270904541,0.9846489429473877,0.7612223029136658,0.9751965403556824,0.8113763332366943,0.859375,0.1875,0.7024980187416077,0.7421901822090149,1.0979266166687012
14670,0.6502699851989746,1.1292084455490112,0.011699166148900986,0.9112966656684875,0.04900112375617027,0.9000623226165771,27.972627639770508,1253.487852111204,7.678821846133576e-05,0.9187856912612915,0.8950523138046265,0.9865565299987793,0.9827671647071838,0.7626614570617676,0.973965585231781,0.7985588908195496,0.859375,0.140625,0.4383678734302521,0.6570345163345337,1.7782069444656372
14680,0.5720003843307495,0.9822526574134827,0.014778324402868748,0.8761416673660278,0.04609466716647148,0.8382005095481873,28.48160171508789,1253.4781063091782,7.662369046610003e-05,0.769731342792511,0.6591031551361084,0.978814423084259,0.9746643304824829,0.7579567432403564,0.9742797613143921,0.8133091926574707,0.859375,0.15625,0.7033335566520691,0.7927802801132202,0.7614023089408875
14690,0.6158579587936401,1.0260436534881592,0.027756454423069954,0.9700899124145508,0.061340831220149994,0.8419819474220276,27.9443359375,1253.468395859477,7.645939185653814e-05,0.8593012690544128,0.8114776611328125,0.984612226486206,0.9740805625915527,0.7075250744819641,0.9729318022727966,0.8017770051956177,0.890625,0.109375,0.6600881814956665,0.7035663723945618,1.7861227989196777
14700,0.6673385500907898,1.194555401802063,0.020608244463801384,0.7930685877799988,0.05477882921695709,1.1255345344543457,28.326740264892578,1253.4587845779083,7.629532305909636e-05,0.8987242579460144,0.7712856531143188,0.9854452013969421,0.9809563159942627,0.7480595111846924,0.9709906578063965,0.7908046245574951,0.828125,0.234375,0.632547914981842,0.7264932990074158,1.0940616130828857
14710,0.6390784382820129,0.9528754949569702,0.02424820140004158,1.0960969924926758,0.053577303886413574,0.832934558391571,27.747058868408203,1253.4488107275888,7.613148449962452e-05,0.8685008883476257,0.7647414207458496,0.9765859246253967,0.9670409560203552,0.7164412140846252,0.9719812273979187,0.8173204064369202,0.953125,0.046875,0.6571720242500305,0.7213411927223206,1.5099914073944092
14720,0.6368998289108276,1.222489833831787,0.007157520391047001,0.7926347851753235,0.0522739551961422,0.9338157773017883,28.186525344848633,1253.439332112003,7.596787660337473e-05,0.8784281015396118,0.8050942420959473,0.9806186556816101,0.9528803825378418,0.6940144896507263,0.9697033762931824,0.8084583878517151,0.84375,0.21875,0.6336733102798462,0.7142149806022644,0.8878636956214905
14730,0.6922810077667236,0.9616256952285767,0.015456916764378548,1.3445607423782349,0.061343975365161896,1.1634305715560913,27.753250122070312,1253.4297117942647,7.58044997950005e-05,0.9060657024383545,0.7126156687736511,0.9909957051277161,0.9864878058433533,0.7709792852401733,0.9705656170845032,0.8144927024841309,0.90625,0.125,0.7206993103027344,0.7402642965316772,1.1789485216140747
14740,0.6979016065597534,0.9998809099197388,0.023728976026177406,1.385668396949768,0.06311997771263123,1.4220277070999146,27.61256980895996,1253.4199611095867,7.564135449855557e-05,0.9438307285308838,0.8197636008262634,0.9853042960166931,0.9780365228652954,0.7563575506210327,0.972233772277832,0.7896031737327576,0.8125,0.25,0.6687986254692078,0.7415765523910522,1.282515287399292
14750,0.613918125629425,0.9473069310188293,0.009136694483458996,1.0748662948608398,0.06095932424068451,1.2511065006256104,27.612171173095703,1253.4106477613939,7.547844113749268e-05,0.8670757412910461,0.8438587188720703,0.9817545413970947,0.9806451797485352,0.7776362299919128,0.9716971516609192,0.8010440468788147,0.796875,0.21875,0.559188187122345,0.6915685534477234,0.8345504999160767
14760,0.6784272789955139,1.018656849861145,0.012252314947545528,1.316186785697937,0.03964346647262573,1.0536863803863525,27.95844841003418,1253.401320940832,7.531576013466254e-05,0.8683763146400452,0.6331634521484375,0.9838636517524719,0.982757031917572,0.793869137763977,0.9704654812812805,0.8011794686317444,0.84375,0.15625,0.7038482427597046,0.7785962224006653,0.6021957993507385
14770,0.7136770486831665,1.0233020782470703,0.0056179906241595745,1.3542742729187012,0.05169329419732094,0.8130451440811157,28.036907196044922,1253.3918143333713,7.51533119123129e-05,0.9001743793487549,0.6216577887535095,0.9917040467262268,0.9910378456115723,0.795307457447052,0.9825281500816345,0.8468025326728821,0.890625,0.109375,0.7338693141937256,0.7816528677940369,0.7487786412239075
14780,0.7386948466300964,1.0791910886764526,0.031035074964165688,1.5323704481124878,0.06369137018918991,1.3513975143432617,28.35403823852539,1253.3819123909784,7.499109689208721e-05,0.9808998703956604,0.8073500394821167,0.9898676872253418,0.9889062643051147,0.8095294237136841,0.969357967376709,0.7609031796455383,0.828125,0.234375,0.6069815754890442,0.6904877424240112,1.7019524574279785
14790,0.7711513638496399,1.186376929283142,0.031121080741286278,1.227722406387329,0.0638018399477005,1.334162712097168,28.071535110473633,1253.3726139381297,7.482911549502371e-05,1.0318708419799805,0.86906498670578,0.9909115433692932,0.986769437789917,0.7821574211120605,0.9781264662742615,0.806973397731781,0.796875,0.28125,0.6193063259124756,0.6627606749534607,1.8126485347747803
14800,0.6673153042793274,0.9201703667640686,0.016893545165657997,1.3362479209899902,0.04789712280035019,1.664814829826355,27.215171813964844,1253.3628650353414,7.466736814155418e-05,0.8864743709564209,0.7305302023887634,0.9863114356994629,0.9815636873245239,0.7733822464942932,0.9713947772979736,0.8047975897789001,0.75,0.296875,0.6561362743377686,0.7503571510314941,0.47545382380485535
14810,0.6447434425354004,1.090485692024231,0.016334444284439087,1.245421051979065,0.050096988677978516,0.7937960028648376,28.061071395874023,1253.3534034479446,7.450585525150291e-05,0.8295415639877319,0.6159937381744385,0.9865515828132629,0.9821428656578064,0.7828416228294373,0.9719434380531311,0.790960431098938,0.765625,0.25,0.756057620048523,0.8095985054969788,0.6437334418296814
14820,0.745419442653656,1.0639253854751587,0.014208933338522911,1.412925124168396,0.0547020323574543,1.002320408821106,28.691221237182617,1253.3446787551916,7.434457724408573e-05,1.0184154510498047,0.909986674785614,0.9831725358963013,0.9824408888816833,0.739081621170044,0.9696171283721924,0.7889137864112854,0.828125,0.203125,0.5527209043502808,0.670038640499115,1.0597470998764038
14830,0.6965304613113403,1.0414940118789673,0.014332322403788567,1.3275636434555054,0.055805109441280365,1.382716178894043,27.797067642211914,1253.3355506673274,7.41835345379088e-05,0.943884551525116,0.8245136141777039,0.9776550531387329,0.9666843414306641,0.6926549077033997,0.9702745079994202,0.8079051971435547,0.78125,0.21875,0.7054623961448669,0.7103185653686523,1.3447588682174683
14840,0.670301616191864,1.0441161394119263,0.013264761306345463,1.1565667390823364,0.05572750046849251,1.097675085067749,27.939390182495117,1253.3268298122464,7.402272755096742e-05,0.9336458444595337,0.8778139352798462,0.9850793480873108,0.9803975224494934,0.7464940547943115,0.9706771969795227,0.789723813533783,0.796875,0.234375,0.5884031057357788,0.6760930418968201,1.708337664604187
14850,0.5728999972343445,0.9802992343902588,0.01631307415664196,0.8920263051986694,0.05956128612160683,0.8575719594955444,27.526506423950195,1253.317791189858,7.386215670064524e-05,0.8595108389854431,0.9553694725036621,0.9806280732154846,0.9715908765792847,0.732426106929779,0.9750494360923767,0.8187898993492126,0.859375,0.1875,0.46851351857185364,0.6806051731109619,1.7212408781051636
14860,0.6965268850326538,0.9955114722251892,0.021659044548869133,1.291823148727417,0.057221945375204086,0.8083422780036926,27.244007110595703,1253.3090541208192,7.370182240371287e-05,0.9575650691986084,0.8701271414756775,0.9875057339668274,0.984128475189209,0.7603573203086853,0.9727625250816345,0.8099796772003174,0.921875,0.078125,0.5319753885269165,0.6467158198356628,1.4034291505813599
14870,0.6521527767181396,1.0374425649642944,0.017266234382987022,1.1106716394424438,0.08097861707210541,0.8143126368522644,27.365957260131836,1253.3001168484313,7.354172507632695e-05,0.922824501991272,0.9022390842437744,0.9856754541397095,0.9765897989273071,0.7032098770141602,0.9761441349983215,0.822274923324585,0.8125,0.1875,0.5953826904296875,0.6547503471374512,1.5002434253692627
14880,0.6472185254096985,1.0735453367233276,0.01583714596927166,1.0312942266464233,0.06536024063825607,0.9817540645599365,28.442838668823242,1253.2911319968368,7.338186513402916e-05,0.9064529538154602,0.8641147017478943,0.9829099178314209,0.9796042442321777,0.7668607234954834,0.968837559223175,0.7928977012634277,0.828125,0.21875,0.5890669226646423,0.7308123707771301,1.6758754253387451
14890,0.6858157515525818,1.0807360410690308,0.025212472304701805,1.262434720993042,0.05635414645075798,0.9188252091407776,27.91163444519043,1253.2822110335837,7.322224299174486e-05,0.9451999664306641,0.8646140098571777,0.9867110252380371,0.9828121066093445,0.7754954695701599,0.974969744682312,0.8020541667938232,0.875,0.21875,0.6275513768196106,0.7428769469261169,0.7322139739990234
14900,0.7325491309165955,1.102933406829834,0.025817465037107468,1.2867926359176636,0.06440459191799164,1.0846014022827148,28.107656478881836,1253.27288110408,7.306285906378236e-05,1.0148838758468628,0.9411158561706543,0.9823911786079407,0.9786151647567749,0.7291949391365051,0.9691218733787537,0.7934932708740234,0.765625,0.3125,0.560181200504303,0.6400253772735596,1.782092809677124
14910,0.6541666984558105,0.9783288240432739,0.028309453278779984,1.17806875705719,0.05149512365460396,0.7389308214187622,28.46355438232422,1253.2640112159092,7.290371376383165e-05,0.8684476017951965,0.7142696380615234,0.9882948994636536,0.984914243221283,0.7778926491737366,0.9770230054855347,0.8249385356903076,0.90625,0.09375,0.6162353157997131,0.7212614417076111,0.713637113571167
14920,0.6296601295471191,1.08743155002594,0.0023967348970472813,0.9043014645576477,0.05132113769650459,0.7711477875709534,27.59412384033203,1253.2552702947175,7.274480750496314e-05,0.8299551010131836,0.6676499843597412,0.9871826767921448,0.9842612743377686,0.7528968453407288,0.9743527173995972,0.8112829923629761,0.890625,0.140625,0.662046492099762,0.7859570384025574,0.9618794322013855
14930,0.755778431892395,1.018647313117981,0.022695127874612808,1.588317632675171,0.05816375091671944,0.9423179030418396,28.031198501586914,1253.246215169349,7.258614069962701e-05,1.0033299922943115,0.8251718878746033,0.9798199534416199,0.9707181453704834,0.7561609745025635,0.9732706546783447,0.8229107856750488,0.875,0.125,0.6471548080444336,0.6653570532798767,1.6127402782440186
14940,0.6447737812995911,0.9581781029701233,0.010653565637767315,1.2521029710769653,0.05534005165100098,0.7222654223442078,28.17041778564453,1253.2373153311096,7.242771375965194e-05,0.8737654089927673,0.7633053660392761,0.985779881477356,0.9816485047340393,0.7429024577140808,0.9717615842819214,0.7929354906082153,0.9375,0.0625,0.601420521736145,0.686394214630127,1.0804481506347656
14950,0.7186180353164673,1.0188868045806885,0.006747635081410408,1.3570952415466309,0.055238790810108185,0.9718151688575745,27.677427291870117,1253.2283835025967,7.226952709624383e-05,0.9579043984413147,0.7976212501525879,0.9866929650306702,0.9859426617622375,0.7758990526199341,0.9737560749053955,0.7951807379722595,0.828125,0.21875,0.5794761776924133,0.7160540819168091,1.1586045026779175
14960,0.703231155872345,1.069808840751648,0.004331044387072325,1.3318824768066406,0.06296335905790329,0.8866328597068787,27.693288803100586,1253.2194086171949,7.211158111998516e-05,0.9429416656494141,0.7990350723266602,0.9850434064865112,0.9819290637969971,0.7522643804550171,0.9726579785346985,0.8039274215698242,0.875,0.15625,0.5956137180328369,0.6883848309516907,0.758513867855072
14970,0.639100193977356,1.0246132612228394,0.027400068938732147,0.9927723407745361,0.054378312081098557,0.9488446116447449,27.89665412902832,1253.2105288590442,7.19538762408335e-05,0.8590271472930908,0.7330897450447083,0.9868153929710388,0.9816312193870544,0.7523927092552185,0.9725033044815063,0.8040540218353271,0.828125,0.203125,0.6566392779350281,0.7530183792114258,1.089782953262329
14980,0.6917629241943359,1.0999332666397095,0.007249845657497644,1.2344883680343628,0.05782338231801987,1.0265451669692993,27.652145385742188,1253.20171243259,7.179641286812072e-05,0.9771175384521484,0.9511820077896118,0.9796434044837952,0.9739164710044861,0.7474029660224915,0.9719498753547668,0.790080726146698,0.75,0.265625,0.5755338072776794,0.6589508652687073,2.088737964630127
14990,0.7159870266914368,1.1688120365142822,0.018771467730402946,1.1345552206039429,0.08633369207382202,1.252198576927185,27.73478889465332,1253.1932235427664,7.16391914105519e-05,1.006734848022461,0.9691591262817383,0.980308473110199,0.9719521999359131,0.7309216856956482,0.9718672037124634,0.810997486114502,0.828125,0.265625,0.5890900492668152,0.7016302347183228,1.1576001644134521
15000,0.5592046976089478,0.9146981835365295,0.005090029444545507,1.0271390676498413,0.04876494035124779,0.8671376705169678,29.008207321166992,1253.1845177604905,7.148221227620408e-05,0.7718713879585266,0.7088889479637146,0.9819573760032654,0.9758986234664917,0.7889177203178406,0.9740152359008789,0.8009888529777527,0.828125,0.203125,0.6371687650680542,0.7725293636322021,0.7415342330932617
15010,0.6846076846122742,0.9699746370315552,0.030882487073540688,1.2625060081481934,0.055123839527368546,0.9224649667739868,28.239551544189453,1253.1754990619293,7.132547587252548e-05,0.9124078154563904,0.7593337893486023,0.9876230359077454,0.9823851585388184,0.7620166540145874,0.9747186303138733,0.7970330715179443,0.8125,0.1875,0.61689692735672,0.7131128311157227,1.4631726741790771
15020,0.6493850350379944,1.1448737382888794,0.004453037399798632,1.049623727798462,0.0716974139213562,0.9338537454605103,28.486459732055664,1253.1670613137842,7.11689826063343e-05,0.898613452911377,0.8307614326477051,0.9834482073783875,0.9700613617897034,0.6839856505393982,0.9682977795600891,0.8048223257064819,0.796875,0.21875,0.6807628870010376,0.6567559838294983,1.3447484970092773
15030,0.7322514653205872,1.0699572563171387,0.007076206151396036,1.5332295894622803,0.055247943848371506,1.0703339576721191,27.958595275878906,1253.1583350674814,7.101273288381745e-05,0.9770851135253906,0.8161120414733887,0.9855437874794006,0.9845499992370605,0.7606261968612671,0.9718157649040222,0.8005234003067017,0.859375,0.171875,0.6020458340644836,0.6967485547065735,1.081165075302124
15040,0.6439154744148254,1.0557072162628174,0.015592696145176888,1.0619367361068726,0.04818271845579147,0.8094577789306641,27.868289947509766,1253.1493545904266,7.085672711052991e-05,0.8325647115707397,0.6288307905197144,0.9854118227958679,0.9739627242088318,0.752907931804657,0.9783563613891602,0.8319123387336731,0.9375,0.0625,0.7434970736503601,0.7626110911369324,1.4690039157867432
15050,0.8475013375282288,1.4432264566421509,0.011988934129476547,1.2038602828979492,0.06693141907453537,1.0394489765167236,27.5054988861084,1253.140536716432,7.070096569139352e-05,1.1721775531768799,1.0822540521621704,0.9808609485626221,0.9754651188850403,0.7228662371635437,0.9731953144073486,0.799268901348114,0.75,0.421875,0.5,0.6236588954925537,1.9225720167160034
15060,0.6583114266395569,1.0126203298568726,0.005061747506260872,1.2824310064315796,0.04393479973077774,0.7150574922561646,27.811595916748047,1253.131697885275,7.054544903069567e-05,0.8621472120285034,0.6794525384902954,0.9819437265396118,0.9814203381538391,0.7764309048652649,0.9715595245361328,0.8059993982315063,0.921875,0.09375,0.6446561813354492,0.7394179105758667,1.1994682550430298
15070,0.6128703951835632,1.0000663995742798,0.0055648572742938995,0.9516714215278625,0.0628977045416832,0.8120779395103455,27.726659774780273,1253.122880392476,7.039017753208866e-05,0.8666722774505615,0.8460062742233276,0.9804701209068298,0.9711228609085083,0.7288547158241272,0.9732516407966614,0.8256029486656189,0.890625,0.140625,0.5650923252105713,0.6592857837677002,1.426734209060669
15080,0.6776973009109497,1.1430532932281494,0.023993616923689842,1.2998629808425903,0.060654204338788986,1.132451057434082,28.122194290161133,1253.1138097569892,7.023515159858836e-05,0.8941869735717773,0.7216323018074036,0.9789245128631592,0.9666237235069275,0.7108317613601685,0.9705684185028076,0.8185214996337891,0.84375,0.171875,0.7237553596496582,0.7810006737709045,0.9689018130302429
15090,0.6275120377540588,0.8871742486953735,0.028989503160119057,1.0670400857925415,0.0565052255988121,0.8654068112373352,27.954849243164062,1253.1051286494849,7.008037163257322e-05,0.8588919043540955,0.7712661623954773,0.9838013648986816,0.9776657223701477,0.757192850112915,0.9727146029472351,0.8113772869110107,0.890625,0.125,0.6311252117156982,0.7043448090553284,1.4608967304229736
15100,0.6682014465332031,0.9721595048904419,0.013326995074748993,1.331831455230713,0.049285028129816055,1.1423534154891968,27.836822509765625,1253.0963500097898,6.992583803578346e-05,0.8836130499839783,0.7180386781692505,0.9825403094291687,0.9842904210090637,0.7869774103164673,0.9691711664199829,0.7959014177322388,0.8125,0.203125,0.6966916918754578,0.7754355072975159,0.8680626153945923
15110,0.676397442817688,0.9565915465354919,0.010792938061058521,1.4038968086242676,0.05047856271266937,0.831798791885376,28.07039451599121,1253.0870441436728,6.977155120931958e-05,0.8906028270721436,0.7140178680419922,0.9845953583717346,0.9808675050735474,0.7252728343009949,0.968733549118042,0.7860795259475708,0.875,0.15625,0.7051559686660767,0.7533424496650696,0.6329438090324402
15120,0.6209117770195007,0.9376980662345886,0.02804401144385338,1.1080942153930664,0.04856973886489868,1.2780697345733643,28.22537612915039,1253.0778424263344,6.96175115536418e-05,0.8473400473594666,0.7547609210014343,0.9806497693061829,0.9734747409820557,0.7303858399391174,0.9702649116516113,0.8051379919052124,0.859375,0.15625,0.6558189392089844,0.6871476769447327,1.5416431427001953
15130,0.5482529401779175,0.9919748902320862,0.010149613954126835,0.657295286655426,0.06023535132408142,0.7618215680122375,27.785083770751953,1253.0688611991568,6.94637194685687e-05,0.8002927303314209,0.8401326537132263,0.9806071519851685,0.9671710729598999,0.7259962558746338,0.9741888642311096,0.811733067035675,0.890625,0.140625,0.6315357685089111,0.7327867746353149,1.517751693725586
15140,0.660088062286377,1.0189323425292969,0.02910703420639038,1.1056137084960938,0.03743043541908264,0.7564703226089478,27.926393508911133,1253.0599158959412,6.931017535327617e-05,0.863303542137146,0.6773849725723267,0.9878623485565186,0.9862197637557983,0.7756311297416687,0.9776648879051208,0.8112593293190002,0.84375,0.171875,0.6626708507537842,0.733420193195343,0.8827323317527771
15150,0.6533294916152954,0.9638612270355225,0.014155805110931396,1.27817702293396,0.04802194982767105,0.850440263748169,27.981689453125,1253.0509227445664,6.915687960629664e-05,0.8848201036453247,0.7716352939605713,0.9850172996520996,0.9835434556007385,0.7748627662658691,0.9716695547103882,0.79579758644104,0.8125,0.25,0.631408154964447,0.7430045008659363,1.219744324684143
15160,0.5629282593727112,0.9131901264190674,0.010469918139278889,0.9189198613166809,0.057404473423957825,0.7557793259620667,28.837528228759766,1253.0419299200025,6.900383262551788e-05,0.8107301592826843,0.8260063529014587,0.9779877662658691,0.9727445840835571,0.751234233379364,0.971116840839386,0.811954140663147,0.78125,0.234375,0.6563767194747925,0.7092263698577881,2.0433247089385986
15170,0.6525639295578003,0.9254428744316101,0.025263529270887375,1.3679883480072021,0.055656641721725464,0.9228407740592957,28.00783348083496,1253.0332055179583,6.885103480818182e-05,0.8499644994735718,0.6580019593238831,0.9837828874588013,0.9856812953948975,0.8227981328964233,0.9707079529762268,0.7739534378051758,0.828125,0.234375,0.7200739979743958,0.7689759731292725,1.2453768253326416
15180,0.608049750328064,0.9524595141410828,0.026189371943473816,1.039175271987915,0.03633261099457741,0.8254612684249878,27.94397735595703,1253.02447274704,6.869848655088388e-05,0.7809039354324341,0.5761806964874268,0.9851379990577698,0.9842066764831543,0.7955359816551208,0.9625052809715271,0.7544474601745605,0.890625,0.109375,0.7454846501350403,0.821635365486145,0.6017158627510071
15190,0.6552349328994751,1.0979007482528687,0.052542537450790405,0.9273999333381653,0.05289490893483162,1.0617390871047974,27.813617706298828,1253.015503805569,6.854618824957157e-05,0.8807839155197144,0.7518298029899597,0.9847825169563293,0.9780232906341553,0.7182559967041016,0.9727057814598083,0.8124831914901733,0.875,0.1875,0.6824232339859009,0.7779033184051514,1.0820239782333374
15200,0.6083987355232239,0.9336318969726562,0.00842167716473341,1.070874810218811,0.06277253478765488,0.9375095367431641,28.19875717163086,1253.0071299160104,6.839414029954365e-05,0.8722113966941833,0.8793755173683167,0.9780136346817017,0.9727576971054077,0.7100868821144104,0.9647372364997864,0.7893580794334412,0.78125,0.21875,0.5860174894332886,0.7037063837051392,1.1909736394882202
15210,0.668569028377533,1.1145317554473877,0.009188313968479633,1.0262811183929443,0.059923335909843445,1.0029515027999878,28.22559928894043,1252.999153347156,6.824234309544922e-05,0.8904607892036438,0.7396392226219177,0.9854377508163452,0.9786602854728699,0.7677924633026123,0.9717377424240112,0.7989643216133118,0.859375,0.1875,0.7202984690666199,0.7713701725006104,0.9174324870109558
15220,0.6931638121604919,1.0894215106964111,0.021903781220316887,1.0636452436447144,0.061217356473207474,1.5296015739440918,28.39256477355957,1252.9910614396433,6.809079703128631e-05,0.953447699546814,0.8676128387451172,0.9870238304138184,0.9884535074234009,0.78172367811203,0.9705994725227356,0.7819963097572327,0.75,0.28125,0.6206995844841003,0.6786420941352844,1.8584469556808472
15230,0.6221263408660889,1.1007184982299805,0.02669711969792843,0.8841370940208435,0.054866973310709,0.8119751811027527,28.447175979614258,1252.9826758379365,6.793950250040132e-05,0.849284827709198,0.757194995880127,0.981763482093811,0.973434329032898,0.7123509645462036,0.9737715721130371,0.8183395862579346,0.796875,0.234375,0.6452913284301758,0.7671917080879211,0.790242075920105
15240,0.6689637899398804,1.0164318084716797,0.00947598647326231,1.2259846925735474,0.04181261360645294,0.7673446536064148,28.5272159576416,1252.9744634045182,6.778845989548776e-05,0.8702835440635681,0.6710657477378845,0.9841803908348083,0.9805396199226379,0.7360760569572449,0.9633266925811768,0.7778063416481018,0.84375,0.15625,0.7053594589233398,0.7385016679763794,1.0542066097259521
15250,0.6678770184516907,1.0703579187393188,0.019177023321390152,1.1274200677871704,0.039796240627765656,0.8265069723129272,28.57374382019043,1252.9664459535775,6.763766960858505e-05,0.9242136478424072,0.8544554710388184,0.9819565415382385,0.9786235094070435,0.7633081674575806,0.9708186984062195,0.7831110954284668,0.75,0.34375,0.5842738747596741,0.6741999983787537,1.155134677886963
15260,0.6340647339820862,1.0090765953063965,0.013196231797337532,1.0666437149047852,0.04392578825354576,0.697921633720398,27.67009735107422,1252.9581928757232,6.748713203107791e-05,0.8502383828163147,0.7205788493156433,0.9871422052383423,0.982959508895874,0.7532879710197449,0.9763760566711426,0.8077663779258728,0.875,0.140625,0.6590041518211365,0.7053731679916382,1.2153055667877197
15270,0.6577766537666321,1.0225931406021118,0.004587626550346613,1.0831419229507446,0.05990835651755333,1.1509220600128174,28.116201400756836,1252.9501878187527,6.733684755369514e-05,0.9024162888526917,0.8154653906822205,0.9874631762504578,0.9865687489509583,0.8157581686973572,0.9713881015777588,0.7826632857322693,0.828125,0.21875,0.5863659977912903,0.7001278400421143,1.5544766187667847
15280,0.6427084803581238,0.9448520541191101,0.040986061096191406,1.234571933746338,0.05152566730976105,1.0597888231277466,28.216209411621094,1252.942161284816,6.718681656650842e-05,0.8692372441291809,0.7550957798957825,0.9868228435516357,0.982151210308075,0.7796532511711121,0.9701218008995056,0.781119704246521,0.828125,0.234375,0.6291465163230896,0.7632696032524109,1.0910260677337646
15290,0.726830005645752,1.0874134302139282,0.008005369454622269,1.2780081033706665,0.05728026479482651,0.7449858784675598,28.428911209106445,1252.9339523345536,6.703703945893174e-05,0.9335142374038696,0.688947319984436,0.9854118227958679,0.98591548204422,0.790766179561615,0.9715451598167419,0.7820315361022949,0.9375,0.0625,0.6866048574447632,0.7134806513786316,1.6593714952468872
15300,0.6150203943252563,0.9923516511917114,0.013450128957629204,1.1060253381729126,0.050948094576597214,0.8724609017372131,28.19519805908203,1252.925523234534,6.688751661971989e-05,0.8186748027801514,0.6788479685783386,0.9865413308143616,0.9858676195144653,0.7989267706871033,0.9686082601547241,0.7644087672233582,0.75,0.296875,0.6934457421302795,0.7953261137008667,0.6334146857261658
15310,0.6174981594085693,0.9728807806968689,0.015127119608223438,1.2267813682556152,0.0505746454000473,0.886353611946106,28.31690788269043,1252.917584378674,6.673824843696779e-05,0.8339571952819824,0.7215301990509033,0.9812812209129333,0.9731897115707397,0.7304171919822693,0.9802850484848022,0.8486055731773376,0.859375,0.140625,0.685871958732605,0.7421140074729919,1.127940058708191
15320,0.6676087975502014,1.041610598564148,0.01563933864235878,1.232552170753479,0.0654444545507431,1.0825409889221191,28.03778076171875,1252.9094823379285,6.658923529810946e-05,0.9178288578987122,0.8340668678283691,0.9865050315856934,0.9838141202926636,0.7767282724380493,0.9683368802070618,0.778892993927002,0.765625,0.28125,0.6113871932029724,0.6952908635139465,1.3461551666259766
15330,0.6197025775909424,0.9937206506729126,0.009375222958624363,1.1179378032684326,0.07017987966537476,0.7534358501434326,28.39120101928711,1252.9011969719788,6.64404775899168e-05,0.8130773901939392,0.6445827484130859,0.9859358668327332,0.9820448160171509,0.7803844809532166,0.9680217504501343,0.7925151586532593,0.875,0.140625,0.7588292956352234,0.7599337697029114,1.019250512123108
15340,0.6434459090232849,0.9257956743240356,0.036019276827573776,1.166960597038269,0.05552016571164131,0.7445365786552429,27.388202667236328,1252.893145691141,6.629197569849882e-05,0.8573649525642395,0.7130634784698486,0.9849948883056641,0.9775516986846924,0.7612510919570923,0.9693513512611389,0.7965779900550842,0.859375,0.15625,0.7057648301124573,0.7076727747917175,1.933759331703186
15350,0.6437978744506836,1.0757547616958618,0.0027495003305375576,0.9700138568878174,0.06438848376274109,0.9347357153892517,27.93004035949707,1252.8848471768047,6.614373000930062e-05,0.9131839275360107,0.8979533910751343,0.9819478988647461,0.9656250476837158,0.66500324010849,0.973820149898529,0.8231351971626282,0.8125,0.1875,0.6084586381912231,0.6361351609230042,1.2042375802993774
15360,0.6851767301559448,1.0643417835235596,0.009363479912281036,1.141798734664917,0.05479801446199417,1.0032496452331543,27.93332290649414,1252.876858267351,6.599574090710201e-05,0.9181139469146729,0.7764573097229004,0.9834572672843933,0.9759036302566528,0.7433876395225525,0.9753450155258179,0.8086400628089905,0.875,0.15625,0.6391679048538208,0.7405160069465637,1.039773941040039
15370,0.7006331086158752,1.064701795578003,0.019706789404153824,1.1412570476531982,0.0477333664894104,0.8065983653068542,27.98615074157715,1252.8687026989453,6.584800877601714e-05,0.9449098110198975,0.8142555952072144,0.9864634275436401,0.9814577102661133,0.746688723564148,0.9733700156211853,0.8126843571662903,0.8125,0.234375,0.583397388458252,0.6856268048286438,1.2592682838439941
15380,0.6595655083656311,1.0468783378601074,0.0067204078659415245,1.2196511030197144,0.04654018580913544,0.7551232576370239,28.30484390258789,1252.860447750749,6.570053399949306e-05,0.8953319787979126,0.7858883142471313,0.982760488986969,0.9791768789291382,0.7106004953384399,0.9766108989715576,0.8232250809669495,0.828125,0.1875,0.6310290098190308,0.7263574004173279,1.3408384323120117
15390,0.7382903099060059,1.077365756034851,0.01694238930940628,1.2212008237838745,0.056999824941158295,0.87576824426651,27.432893753051758,1252.8520403121645,6.555331696030876e-05,0.9982984066009521,0.8666936159133911,0.9838215112686157,0.9735660552978516,0.7027473449707031,0.9706699252128601,0.8123971819877625,0.84375,0.15625,0.620296835899353,0.6749076843261719,1.7539299726486206
15400,0.6277374625205994,1.004705786705017,0.026334891095757484,1.0528905391693115,0.04491579532623291,0.7079522609710693,27.572765350341797,1252.8440075040553,6.540635804057443e-05,0.8431875705718994,0.7181669473648071,0.9833937883377075,0.9751164317131042,0.7666948437690735,0.9730924963951111,0.8008372783660889,0.859375,0.171875,0.6366157531738281,0.7535157799720764,0.8310011625289917
15410,0.7905080318450928,1.150708794593811,0.008190621621906757,1.559269666671753,0.06124870106577873,1.012780785560608,28.122282028198242,1252.8355981511595,6.525965762173015e-05,1.064350962638855,0.9128096103668213,0.9865546822547913,0.9865091443061829,0.7597725987434387,0.9614450335502625,0.747922420501709,0.796875,0.28125,0.5170067548751831,0.6815957427024841,1.12626314163208
15420,0.684303343296051,0.9960522651672363,0.0034423694014549255,1.2758338451385498,0.06297341734170914,0.8798009753227234,27.975671768188477,1252.8272599365603,6.511321608454503e-05,0.9279752969741821,0.8122397661209106,0.9797492027282715,0.9673808217048645,0.7098938822746277,0.9704371094703674,0.8002691864967346,0.78125,0.25,0.6562846302986145,0.6967849731445312,1.2946014404296875
15430,0.6418101191520691,0.9358274340629578,0.010173656046390533,1.2373625040054321,0.03991655632853508,0.9841464161872864,28.095443725585938,1252.8190741519793,6.496703380911643e-05,0.8511168956756592,0.6976891756057739,0.9827943444252014,0.9816621541976929,0.7830314636230469,0.9669621586799622,0.7768595218658447,0.859375,0.15625,0.608934223651886,0.7900360822677612,0.5259433388710022
15440,0.6940245032310486,1.0223826169967651,0.027665097266435623,1.2603936195373535,0.07443336397409439,0.9417292475700378,28.838850021362305,1252.8109762445183,6.482111117486851e-05,0.9795757532119751,0.9518374800682068,0.9873882532119751,0.9855303764343262,0.7645807266235352,0.968947172164917,0.7844228148460388,0.8125,0.234375,0.5766452550888062,0.6371294856071472,1.8632054328918457
15450,0.6632494926452637,1.1113362312316895,0.008588377386331558,0.9975500106811523,0.06769892573356628,1.0471341609954834,27.94370460510254,1252.80295695571,6.467544856055175e-05,0.9067991971969604,0.8118324279785156,0.988654613494873,0.9856327772140503,0.731929361820221,0.9748246669769287,0.8124063611030579,0.828125,0.21875,0.6726928353309631,0.6814362406730652,1.255920648574829
15460,0.6704793572425842,1.0812902450561523,0.0064848726615309715,1.2493618726730347,0.05602598562836647,0.9576204419136047,28.05494499206543,1252.7947582721335,6.45300463442417e-05,0.9468061923980713,0.9210893511772156,0.9788134098052979,0.9651589393615723,0.6986201405525208,0.9684340953826904,0.7979233264923096,0.859375,0.203125,0.5790430903434753,0.6569958925247192,1.3067210912704468
15470,0.6582797765731812,0.8706925511360168,0.06712794303894043,1.4834771156311035,0.04637569189071655,0.89971923828125,27.972814559936523,1252.7861918865106,6.438490490333788e-05,0.8473977446556091,0.6303931474685669,0.9862019419670105,0.982883870601654,0.7714227437973022,0.9765363931655884,0.8152483105659485,0.875,0.140625,0.7229329943656921,0.7372761964797974,0.8935509920120239
15480,0.6198317408561707,1.1373380422592163,0.008210432715713978,0.8194130659103394,0.06218600645661354,0.8324946761131287,28.785934448242188,1252.7777915322122,6.424002461456301e-05,0.8950513005256653,0.9173984527587891,0.9841895699501038,0.9788482785224915,0.7481521964073181,0.9737201929092407,0.81060391664505,0.84375,0.1875,0.5262024998664856,0.6706249713897705,1.6630712747573853
15490,0.6688035726547241,1.0032432079315186,0.02373657375574112,1.1193524599075317,0.05125754699110985,0.8448699116706848,28.326547622680664,1252.7696813504024,6.409540585396216e-05,0.9281280040740967,0.8644146919250488,0.9819365739822388,0.9786123037338257,0.760926365852356,0.9659184217453003,0.7856218814849854,0.890625,0.125,0.575417160987854,0.6802041530609131,1.6899468898773193
15500,0.6329454183578491,0.9641397595405579,0.027341021224856377,1.1382871866226196,0.051260367035865784,0.8258035778999329,28.333463668823242,1252.7613425507145,6.395104899690134e-05,0.8333693146705627,0.6680795550346375,0.9859228730201721,0.985339879989624,0.8022991418838501,0.9772225022315979,0.8230257034301758,0.90625,0.09375,0.644137978553772,0.7282233238220215,0.9685946702957153
15510,0.6708515286445618,1.0385371446609497,0.01206551119685173,1.198064923286438,0.05425721034407616,0.944067120552063,27.64375877380371,1252.7529646592056,6.380695441806694e-05,0.9001554846763611,0.7643464207649231,0.9822314977645874,0.9769137501716614,0.7286549806594849,0.9751518368721008,0.8199421763420105,0.890625,0.109375,0.5978909730911255,0.7197598814964294,0.8020869493484497
15520,0.7626436948776245,1.256536602973938,0.018066702410578728,1.1405701637268066,0.05552008002996445,1.4418766498565674,27.956199645996094,1252.7447562300647,6.366312249146447e-05,1.008556842803955,0.8197104334831238,0.9867316484451294,0.9824895262718201,0.753683865070343,0.9740782976150513,0.8023643493652344,0.78125,0.25,0.6377916932106018,0.7161819338798523,1.4356648921966553
15530,0.5922756791114807,0.9485672116279602,0.026838716119527817,0.9875493049621582,0.044952794909477234,1.111777424812317,27.672883987426758,1252.736406527962,6.351955359041778e-05,0.7660282850265503,0.5791753530502319,0.9858312010765076,0.9811733365058899,0.8215392231941223,0.9776321053504944,0.8057162165641785,0.921875,0.09375,0.7308496832847595,0.794829785823822,1.062254548072815
15540,0.6112744212150574,0.9452707767486572,0.03975296765565872,0.9635106325149536,0.04788372293114662,0.725627601146698,28.65996742248535,1252.7283338058746,6.337624808756802e-05,0.8490470051765442,0.7925752997398376,0.9866517186164856,0.9853582978248596,0.7300107479095459,0.9728052616119385,0.8078051805496216,0.921875,0.078125,0.6024042367935181,0.6822397112846375,1.8759151697158813
15550,0.6416777968406677,0.9717369675636292,0.03037436120212078,1.3100509643554688,0.053363438695669174,0.7656156420707703,28.25899887084961,1252.7201286714362,6.323320635487272e-05,0.8619546294212341,0.7342560291290283,0.9878117442131042,0.9876193404197693,0.7704703211784363,0.9667958617210388,0.7781155109405518,0.765625,0.265625,0.6496018171310425,0.752943217754364,0.7441310882568359
15560,0.5918553471565247,0.9922094941139221,0.013008097186684608,0.9951474666595459,0.03998472914099693,0.8660380840301514,28.24418830871582,1252.7118111600619,6.309042876360467e-05,0.7810304164886475,0.6305834650993347,0.9811360239982605,0.9693355560302734,0.785775363445282,0.9717679023742676,0.8131355047225952,0.890625,0.109375,0.6773955821990967,0.77713942527771,1.038559079170227
15570,0.7163609862327576,1.1665757894515991,0.011078441515564919,1.1311651468276978,0.06114834547042847,0.8668013215065002,27.939090728759766,1252.7033994289652,6.294791568435116e-05,0.9475316405296326,0.77056884765625,0.983726441860199,0.9806537628173828,0.7316890954971313,0.9747887849807739,0.8250939249992371,0.8125,0.21875,0.6422930359840393,0.7369579076766968,1.6451568603515625
15580,0.6092628836631775,1.0330897569656372,0.007041980512440205,0.9483699798583984,0.06405562907457352,0.9265677332878113,28.074432373046875,1252.6950738108185,6.28056674870129e-05,0.84855717420578,0.7976475954055786,0.9876304268836975,0.9834854006767273,0.7562623620033264,0.971624493598938,0.8077139854431152,0.796875,0.25,0.601585865020752,0.7591772675514221,1.2659634351730347
15590,0.6675689220428467,1.047123670578003,0.023353751748800278,1.0860756635665894,0.05831278860569,0.9325856566429138,28.231548309326172,1252.6866760964554,6.2663684540803e-05,0.8762086033821106,0.6954655051231384,0.986829936504364,0.9805353283882141,0.7610596418380737,0.9791930913925171,0.8148148059844971,0.859375,0.171875,0.7385174632072449,0.7785496711730957,0.9530817270278931
15600,0.7134481072425842,1.0391075611114502,0.012496206909418106,1.5574883222579956,0.050664450973272324,0.942520260810852,28.369060516357422,1252.678823627868,6.252196721424626e-05,0.9293363690376282,0.7196274995803833,0.982915997505188,0.9810872673988342,0.7684524059295654,0.9648818373680115,0.7718174457550049,0.875,0.203125,0.7177363038063049,0.7393954992294312,0.8810730576515198
15610,0.6160822510719299,0.9748331904411316,0.014170725829899311,1.0612623691558838,0.0595097541809082,1.0563119649887085,28.628751754760742,1252.6716268311866,6.238051587517787e-05,0.8478330373764038,0.772502601146698,0.9765183925628662,0.9681594371795654,0.7316997051239014,0.9713218212127686,0.7981194853782654,0.953125,0.046875,0.6125918030738831,0.7402761578559875,1.079939365386963
15620,0.7144391536712646,1.1051290035247803,0.011239906772971153,1.0301793813705444,0.05484119802713394,0.8208528757095337,28.256139755249023,1252.6642675760152,6.22393308907428e-05,0.9432908296585083,0.7628389596939087,0.9871392846107483,0.9837311506271362,0.7635359168052673,0.9716998338699341,0.8018549680709839,0.875,0.125,0.5939290523529053,0.7097557187080383,1.3629109859466553
15630,0.6871552467346191,1.054328203201294,0.007697167806327343,1.2210756540298462,0.052514318376779556,1.7422038316726685,27.861248016357422,1252.6570971858073,6.20984126273946e-05,0.9050766229629517,0.7264046669006348,0.9815943837165833,0.9738529920578003,0.7600573301315308,0.973784327507019,0.7964901328086853,0.8125,0.28125,0.6897115111351013,0.7692467570304871,0.7249083518981934
15640,0.6375482678413391,0.9391666054725647,0.027942419052124023,1.157751441001892,0.054383717477321625,1.0300767421722412,28.109588623046875,1252.649622441458,6.195776145089446e-05,0.8317808508872986,0.6474419832229614,0.9882193207740784,0.987807035446167,0.796492338180542,0.975273847579956,0.8179640769958496,0.90625,0.09375,0.7133540511131287,0.7222743630409241,0.730759859085083
15650,0.7092185616493225,1.0362430810928345,0.03959691897034645,1.2193388938903809,0.04738904908299446,1.6262825727462769,28.543994903564453,1252.6419542921776,6.181737772631046e-05,0.9542883634567261,0.816899299621582,0.9850417971611023,0.988653302192688,0.8218454718589783,0.9690369963645935,0.7704430222511292,0.859375,0.15625,0.5603135824203491,0.6839340329170227,1.1902657747268677
15660,0.6877904534339905,0.9700483083724976,0.038780804723501205,1.3733654022216797,0.0435214564204216,0.7256455421447754,28.067235946655273,1252.6346560932652,6.167726181801647e-05,0.9078391790390015,0.7334957122802734,0.9865705966949463,0.9870781898498535,0.7890439033508301,0.9686765670776367,0.7819464206695557,0.96875,0.078125,0.6208484172821045,0.7238065004348755,0.8862464427947998
15670,0.670565128326416,1.1402254104614258,0.005573118105530739,1.1333287954330444,0.06060264632105827,1.2416093349456787,28.075414657592773,1252.6272773500948,6.153741408969118e-05,0.9390994906425476,0.8951144814491272,0.9821540117263794,0.9719547033309937,0.7354878187179565,0.971800684928894,0.79939204454422,0.8125,0.1875,0.5513318777084351,0.6385713219642639,1.3008729219436646
15680,0.688927948474884,1.0161304473876953,0.010105862282216549,1.3886865377426147,0.04022245854139328,0.9292335510253906,28.48785400390625,1252.6201423030593,6.139783490431716e-05,0.886928141117096,0.6600006818771362,0.9874183535575867,0.9874911308288574,0.7983840703964233,0.976789116859436,0.8149309754371643,0.84375,0.171875,0.6856719255447388,0.750612199306488,0.6977409720420837
15690,0.6645919680595398,0.9811651706695557,0.003963913768529892,1.2153953313827515,0.05697835236787796,0.8375797271728516,27.96049690246582,1252.612824075649,6.12585246241801e-05,0.874821126461029,0.7007638812065125,0.9826475381851196,0.9804911017417908,0.7747547626495361,0.9727831482887268,0.8167641758918762,0.890625,0.15625,0.6920188665390015,0.7170500755310059,0.8748024702072144
15700,0.6448410153388977,0.9698166251182556,0.03357456251978874,1.178011178970337,0.05508751794695854,1.085279941558838,28.845645904541016,1252.605494509159,6.111948361086759e-05,0.8404363393783569,0.6519842743873596,0.9879934787750244,0.9853421449661255,0.819094181060791,0.968571662902832,0.8091979026794434,0.859375,0.1875,0.7095970511436462,0.7878937721252441,0.8439151644706726
15710,0.6248669624328613,1.0011382102966309,0.010614870116114616,1.0422072410583496,0.059201933443546295,1.9445194005966187,28.005016326904297,1252.5980918351377,6.098071222526847e-05,0.8198763728141785,0.6500312685966492,0.9913094639778137,0.9910839796066284,0.8189501166343689,0.9751260876655579,0.8163328170776367,0.90625,0.125,0.6955723166465759,0.7568575739860535,1.1813031435012817
15720,0.6235533356666565,0.8459432721138,0.01729259267449379,1.3642832040786743,0.0505526028573513,0.8299068808555603,27.610532760620117,1252.5907615298086,6.084221082757156e-05,0.8300255537033081,0.6882405877113342,0.9831568002700806,0.9799334406852722,0.7755224108695984,0.9735264778137207,0.7949420809745789,0.875,0.125,0.6717168092727661,0.7126373052597046,1.0691639184951782
15730,0.685928463935852,1.0129363536834717,0.021022943779826164,1.2579452991485596,0.04554439336061478,0.866500973701477,27.926982879638672,1252.5832617259737,6.0703979777265116e-05,0.9096826314926147,0.745847225189209,0.9824816584587097,0.9791707396507263,0.7602272629737854,0.964441180229187,0.7703065872192383,0.828125,0.203125,0.661704421043396,0.718112051486969,0.9837242960929871
15740,0.6429229974746704,0.9218623638153076,0.0072182100266218185,1.222690224647522,0.041715074330568314,0.8804988861083984,27.99703598022461,1252.575962567122,6.056601943313556e-05,0.8113026022911072,0.5612653493881226,0.9838551878929138,0.9848796129226685,0.8279732465744019,0.9745868444442749,0.8123140931129456,0.953125,0.078125,0.6978314518928528,0.8155811429023743,0.6734480857849121
15750,0.6001095175743103,0.9295054078102112,0.031995754688978195,0.9745335578918457,0.040235430002212524,0.8106173276901245,28.24606704711914,1252.568733227377,6.042833015326665e-05,0.8050893545150757,0.6832660436630249,0.9853769540786743,0.9841285347938538,0.7654385566711426,0.9730880260467529,0.7993630766868591,0.859375,0.1875,0.6523531079292297,0.7791545987129211,0.6540891528129578
15760,0.6961692571640015,0.9433861374855042,0.021486088633537292,1.3599857091903687,0.05393627658486366,1.0201270580291748,27.761581420898438,1252.5613832289812,6.029091229503868e-05,0.931306004524231,0.7837891578674316,0.9867085218429565,0.984809935092926,0.7334681153297424,0.9663359522819519,0.7726770043373108,0.875,0.125,0.672031819820404,0.7065216898918152,1.944772720336914
15770,0.6261030435562134,0.9307243227958679,0.02296222373843193,1.1390845775604248,0.04502371326088905,0.7796786427497864,27.900238037109375,1252.554324745812,6.015376621512746e-05,0.8354976177215576,0.6979818344116211,0.9840981960296631,0.9759699702262878,0.7657067179679871,0.9783228635787964,0.8467908501625061,0.875,0.140625,0.6633394956588745,0.7437717318534851,0.8043144941329956
15780,0.6066248416900635,1.0116643905639648,0.03256130963563919,0.9559423923492432,0.04994448274374008,0.755700409412384,28.43703269958496,1252.5471170286107,6.001689226950332e-05,0.832807183265686,0.7539411187171936,0.9828391075134277,0.9762495160102844,0.7295627593994141,0.9781537055969238,0.8396483659744263,0.8125,0.21875,0.6596440076828003,0.7266255021095276,1.0546332597732544
15790,0.6399378180503845,0.9044861793518066,0.029625216498970985,1.2177797555923462,0.05552603676915169,0.7590839862823486,28.065887451171875,1252.539829116497,5.988029081343023e-05,0.8648127913475037,0.7495831847190857,0.9836472272872925,0.9826127886772156,0.7755687236785889,0.9723878502845764,0.7968518137931824,0.859375,0.140625,0.6120193004608154,0.722413957118988,0.8988251090049744
15800,0.6981576085090637,1.1139326095581055,0.023573487997055054,1.1986916065216064,0.04517985135316849,0.9897155165672302,28.064289093017578,1252.5328285853257,5.974396220146498e-05,0.9078772068023682,0.6990652680397034,0.9887022972106934,0.9828189015388489,0.753695011138916,0.9778681397438049,0.8250553607940674,0.828125,0.1875,0.6858373284339905,0.7300055027008057,1.1301020383834839
15810,0.6397009491920471,0.9392589330673218,0.015253697521984577,1.2035032510757446,0.04307205229997635,0.8011744022369385,28.213802337646484,1252.5255492751153,5.9607906787456125e-05,0.8138424754142761,0.5804717540740967,0.9889971017837524,0.9866666793823242,0.8356600403785706,0.9760367274284363,0.7832460999488831,0.84375,0.203125,0.6903305649757385,0.814378023147583,0.8852141499519348
15820,0.6098504066467285,1.0622835159301758,0.024390315636992455,0.7368065714836121,0.051733847707509995,0.9831907153129578,28.098554611206055,1252.5177921717016,5.9472124924543165e-05,0.8465679287910461,0.7890583276748657,0.9815996289253235,0.9772430658340454,0.7578799724578857,0.9737628698348999,0.8166245818138123,0.828125,0.21875,0.5953947305679321,0.7465620636940002,1.1215488910675049
15830,0.6286541819572449,0.9819029569625854,0.022906405851244926,1.2169442176818848,0.045945052057504654,0.926297664642334,28.11644172668457,1252.5100411505289,5.933661696515546e-05,0.826468288898468,0.6593802571296692,0.9859310984611511,0.9818695783615112,0.7754566073417664,0.9754857420921326,0.8126153945922852,0.84375,0.15625,0.6724784970283508,0.8056496381759644,0.7170665860176086
15840,0.6739897131919861,0.9798338413238525,0.00773872435092926,1.3602490425109863,0.04258490353822708,0.9151049852371216,27.997793197631836,1252.5025460926454,5.9201383261011636e-05,0.8788478374481201,0.6828604936599731,0.9834927320480347,0.9759615659713745,0.7479085326194763,0.9675549864768982,0.7976445555686951,0.828125,0.1875,0.7488938570022583,0.7582172751426697,1.5390188694000244
15850,0.668660044670105,1.050286889076233,0.05016790330410004,1.134539008140564,0.05559317395091057,1.0721986293792725,28.999868392944336,1252.495021644054,5.906642416311832e-05,0.8502730131149292,0.6053764820098877,0.9883620738983154,0.9834306836128235,0.7696163058280945,0.976017415523529,0.81699138879776,0.8125,0.203125,0.7772445678710938,0.8097584843635559,0.9771889448165894
15860,0.6375589966773987,1.0265921354293823,0.0227341428399086,1.0253877639770508,0.05759560316801071,0.8600150942802429,28.465518951416016,1252.4873444863176,5.893174002176938e-05,0.8468552827835083,0.6976543664932251,0.9799296259880066,0.9812644720077515,0.7925084829330444,0.9702079892158508,0.7944211959838867,0.84375,0.15625,0.6280954480171204,0.7676011919975281,0.5738476514816284
15870,0.6696063876152039,1.026634931564331,0.013856652192771435,1.2414014339447021,0.0482933409512043,0.9990419149398804,28.327423095703125,1252.479900634829,5.8797331186545114e-05,0.8803806900978088,0.7025810480117798,0.9784961342811584,0.9753429889678955,0.7385548949241638,0.975542426109314,0.8078258633613586,0.9375,0.0625,0.673226535320282,0.7483528256416321,1.5078822374343872
15880,0.6390526294708252,0.9367172718048096,0.01430412009358406,1.1997296810150146,0.0503479465842247,0.9628235697746277,27.764095306396484,1252.4722899872888,5.866319800631125e-05,0.8245497941970825,0.6183237433433533,0.9874368906021118,0.9870587587356567,0.8341583609580994,0.9720238447189331,0.8051136136054993,0.859375,0.140625,0.7544701099395752,0.7922619581222534,1.0857493877410889
15890,0.6779703497886658,1.2020938396453857,0.010303694754838943,0.9313778877258301,0.05200079083442688,1.0891510248184204,28.354900360107422,1252.4650493429976,5.852934082921794e-05,0.9512959122657776,0.9110851287841797,0.9804425835609436,0.9682335257530212,0.7119002938270569,0.975806713104248,0.8178223967552185,0.84375,0.15625,0.5517415404319763,0.6680877208709717,1.4936050176620483
15900,0.6002147197723389,0.990965723991394,0.04007623344659805,0.8549270629882812,0.043535809963941574,1.13247811794281,28.7187442779541,1252.4575897847112,5.839576000269893e-05,0.7949970960617065,0.6492745876312256,0.9876067638397217,0.9879846572875977,0.8152300715446472,0.9745756983757019,0.799507200717926,0.859375,0.140625,0.7023870944976807,0.7861101627349854,1.0494977235794067
15910,0.7236917018890381,0.935257613658905,0.023749081417918205,1.4645328521728516,0.05571502819657326,0.9886614680290222,28.682144165039062,1252.4499539276744,5.8262455873470896e-05,0.9397022724151611,0.720035195350647,0.988053023815155,0.9874429702758789,0.8038288950920105,0.96229487657547,0.7600327730178833,0.859375,0.15625,0.7107617855072021,0.698924720287323,1.3140209913253784
15920,0.6252453923225403,1.0942198038101196,0.01760341227054596,0.9344450831413269,0.0357976108789444,1.0569214820861816,28.84115219116211,1252.4423514233213,5.812942878753208e-05,0.8184890151023865,0.6441453695297241,0.9846019148826599,0.9820460677146912,0.7649666666984558,0.9723874926567078,0.7993556261062622,0.796875,0.21875,0.6795921325683594,0.8278505206108093,0.6670049428939819
15930,0.7343102693557739,1.0553498268127441,0.016626296564936638,1.192366600036621,0.06931426376104355,1.000882625579834,28.227901458740234,1252.4350359398995,5.799667909016182e-05,1.013641595840454,0.9311044216156006,0.9871762990951538,0.9846056699752808,0.7261131405830383,0.9698055982589722,0.7891785502433777,0.90625,0.09375,0.6138983964920044,0.5946430563926697,2.169390916824341
15940,0.7023293375968933,0.9735667109489441,0.03825165703892708,1.3539350032806396,0.0489242821931839,1.175217628479004,28.07413673400879,1252.4275851523535,5.786420712591936e-05,0.9425351619720459,0.8006860613822937,0.9866839647293091,0.9877209663391113,0.7929892539978027,0.9713996648788452,0.7935765981674194,0.875,0.203125,0.6119916439056396,0.6548023223876953,1.8782211542129517
15950,0.6451185941696167,1.0515011548995972,0.009075712412595749,0.9566022157669067,0.04459404572844505,1.1727749109268188,28.31498908996582,1252.4200927712134,5.7732013238643196e-05,0.875820517539978,0.7690063118934631,0.9858892560005188,0.9838147759437561,0.7935135960578918,0.9658029675483704,0.7609630227088928,0.8125,0.203125,0.592724621295929,0.7069025635719299,1.3047187328338623
15960,0.6535518765449524,0.9602980017662048,0.02085947059094906,1.1754086017608643,0.04511917755007744,0.7767539024353027,27.367000579833984,1252.4127186367648,5.7600097771449917e-05,0.8960551023483276,0.8083440065383911,0.9823796153068542,0.9760497808456421,0.7637971043586731,0.9718566536903381,0.8045649528503418,0.796875,0.21875,0.5961816310882568,0.6492612957954407,1.1022562980651855
15970,0.5990055799484253,1.0218896865844727,0.00940077006816864,1.059630274772644,0.05065871775150299,1.254340410232544,28.008594512939453,1252.4055510806436,5.7468461066733525e-05,0.816504180431366,0.7249953150749207,0.9832362532615662,0.9778737425804138,0.7514317035675049,0.9751206636428833,0.8203799724578857,0.859375,0.203125,0.6336241364479065,0.7380152344703674,0.7794457077980042
15980,0.6194912791252136,0.9682049751281738,0.008726217783987522,1.1210064888000488,0.056353673338890076,1.1563596725463867,28.19274139404297,1252.3980069720312,5.733710346616447e-05,0.8575445413589478,0.7935107946395874,0.9868466258049011,0.98570317029953,0.8016281127929688,0.9769892692565918,0.8163976073265076,0.78125,0.296875,0.5942786335945129,0.6957974433898926,0.8381673693656921
15990,0.6269245147705078,1.0046275854110718,0.03626945614814758,1.1710442304611206,0.05605723336338997,0.9891329407691956,27.91530990600586,1252.3903044871256,5.720602531068887e-05,0.8735835552215576,0.8221968412399292,0.9896278381347656,0.9871476888656616,0.8069921731948853,0.9692614674568176,0.7660535573959351,0.8125,0.1875,0.5640853643417358,0.729610800743103,1.1548618078231812
16000,0.6805703043937683,1.1384305953979492,0.012771861627697945,1.1017191410064697,0.05574386566877365,0.8955790400505066,27.89940071105957,1252.3826464802949,5.7075226940527376e-05,0.9155550003051758,0.7832822799682617,0.98543381690979,0.9793151021003723,0.7414833903312683,0.9772648811340332,0.8279767036437988,0.875,0.140625,0.6122323274612427,0.7187349200248718,1.6131566762924194
16010,0.6478471755981445,0.9766250252723694,0.006939149461686611,1.343532919883728,0.05286819115281105,0.8543508648872375,27.872480392456055,1252.375254197693,5.694470869517445e-05,0.852566123008728,0.6823965311050415,0.9871065020561218,0.9868514537811279,0.8060388565063477,0.9694686532020569,0.7770094871520996,0.8125,0.21875,0.6739307641983032,0.756449818611145,1.1623318195343018
16020,0.671872079372406,1.0223267078399658,0.01164223812520504,1.2753589153289795,0.03687422350049019,0.8919728994369507,28.00018882751465,1252.3681083332538,5.681447091339763e-05,0.8627645969390869,0.6363083124160767,0.9810144901275635,0.9749618172645569,0.7865883111953735,0.9740006923675537,0.8093665242195129,0.9375,0.0625,0.6854467391967773,0.7862008810043335,1.287278413772583
16030,0.5921958088874817,0.9474610686302185,0.021759964525699615,0.8857999444007874,0.04279676452279091,0.9586151242256165,27.94164276123047,1252.3605317164604,5.6684513933236295e-05,0.7921445369720459,0.6664958000183105,0.9833182692527771,0.9791076183319092,0.7664777636528015,0.9743927121162415,0.8048103451728821,0.859375,0.140625,0.6618849039077759,0.7796387672424316,1.1408056020736694
16040,0.5932417511940002,1.0119322538375854,0.0034064892679452896,0.923183798789978,0.043716706335544586,0.7337362766265869,28.454729080200195,1252.3531734395444,5.655483809200117e-05,0.7805816531181335,0.6244663000106812,0.979854941368103,0.9770565032958984,0.7794311046600342,0.9666174650192261,0.7693389654159546,0.859375,0.171875,0.7150298953056335,0.8344577550888062,0.6263265013694763
16050,0.6390678286552429,1.0194487571716309,0.01938561722636223,0.8915397524833679,0.04719865322113037,0.9719443321228027,28.854890823364258,1252.3466810803175,5.6425443726273115e-05,0.8667752742767334,0.7590247988700867,0.98699551820755,0.9816619157791138,0.7275721430778503,0.9760392308235168,0.811673641204834,0.875,0.140625,0.6211324334144592,0.7609075903892517,1.1129380464553833
16060,0.6343057751655579,0.9673621654510498,0.014036228880286217,1.0571926832199097,0.06303548067808151,0.9091486930847168,28.25194549560547,1252.340030201443,5.6296331171902534e-05,0.8922532796859741,0.8598250150680542,0.9815621376037598,0.9755406975746155,0.7314884066581726,0.9710561037063599,0.8082386255264282,0.859375,0.15625,0.5911460518836975,0.6399887800216675,1.3984512090682983
16070,0.7109764814376831,1.0232934951782227,0.005140686873346567,1.443037509918213,0.05840631574392319,0.787504255771637,28.134334564208984,1252.332867737008,5.616750076400824e-05,0.9415326118469238,0.7685204148292542,0.9831526279449463,0.9822153449058533,0.7637404203414917,0.9692173004150391,0.7928447723388672,0.828125,0.21875,0.6997137069702148,0.7037296295166016,1.2262650728225708
16080,0.6434948444366455,0.943496823310852,0.05578189343214035,1.2911653518676758,0.045633602887392044,0.9300634860992432,28.864992141723633,1252.3260305042888,5.6038952836976856e-05,0.8410969972610474,0.6586737632751465,0.9875307083129883,0.9884732961654663,0.8116919994354248,0.9677577018737793,0.7828054428100586,0.84375,0.15625,0.666342556476593,0.7828905582427979,1.0320318937301636
16090,0.5881125330924988,0.9534958600997925,0.002777262357994914,0.9415403008460999,0.03688456490635872,0.7618600726127625,28.518268585205078,1252.3191867745102,5.591068772446168e-05,0.8142892122268677,0.7539222836494446,0.9893953800201416,0.9816536903381348,0.7008968591690063,0.9768256545066833,0.8183766603469849,0.9375,0.0625,0.5888757705688477,0.7447007894515991,0.864215075969696
16100,0.6755557060241699,1.0086685419082642,0.033499110490083694,1.2819786071777344,0.045723140239715576,0.9353076815605164,28.100997924804688,1252.3125178572861,5.578270575938211e-05,0.8800815939903259,0.6817528605461121,0.9866606593132019,0.9839275479316711,0.7951749563217163,0.971058189868927,0.7820748686790466,0.84375,0.203125,0.6617515087127686,0.7864891886711121,1.0869293212890625
16110,0.6502371430397034,0.9371030330657959,0.02665846236050129,1.1679764986038208,0.04969649761915207,0.7325488924980164,28.438526153564453,1252.3058081582992,5.565500727392243e-05,0.8643270134925842,0.7136328220367432,0.984288215637207,0.9832565784454346,0.7603842616081238,0.9696990847587585,0.8086907863616943,0.859375,0.15625,0.6073756814002991,0.7565757036209106,0.7086343169212341
16120,0.6703468561172485,1.2709459066390991,0.04637220874428749,0.7009392380714417,0.05872519686818123,0.835923969745636,28.16175079345703,1252.2990251889905,5.552759259953125e-05,0.9248059988021851,0.8481971621513367,0.9825121164321899,0.9714862108230591,0.702344536781311,0.9774962067604065,0.8313474059104919,0.859375,0.15625,0.5705239176750183,0.7006301283836365,1.4846282005310059
16130,0.6722996830940247,1.0047723054885864,0.01426265761256218,1.2868965864181519,0.05684187263250351,0.8596727848052979,28.728595733642578,1252.2920780388706,5.5400462066920565e-05,0.9285211563110352,0.8540715575218201,0.985213577747345,0.9854580163955688,0.788203775882721,0.9676548838615417,0.7804195880889893,0.828125,0.234375,0.5972940325737,0.6615853309631348,2.121495485305786
16140,0.6450775265693665,0.9472621083259583,0.01941513642668724,1.3443244695663452,0.04351213201880455,0.9852715134620667,28.15644645690918,1252.2854604148652,5.5273616006064725e-05,0.8443474769592285,0.6642332077026367,0.9825147390365601,0.9794127345085144,0.7989001870155334,0.969355583190918,0.7938202619552612,0.828125,0.171875,0.6589687466621399,0.7641463279724121,0.73504638671875
16150,0.6353393793106079,0.9669345617294312,0.033429842442274094,1.01875638961792,0.04684494063258171,0.771731972694397,28.41709327697754,1252.2787112987255,5.514705474619985e-05,0.8461325168609619,0.7026438117027283,0.9909043312072754,0.9872344136238098,0.7687331438064575,0.9764800071716309,0.8196417689323425,0.90625,0.109375,0.6480438709259033,0.7349059581756592,1.2249819040298462
16160,0.6548240184783936,0.9352061152458191,0.028733618557453156,1.2825206518173218,0.04475853964686394,0.9285449385643005,28.04353904724121,1252.2721216674731,5.502077861582286e-05,0.8705694675445557,0.719151496887207,0.9868866205215454,0.9880661368370056,0.8250789642333984,0.968159556388855,0.7715142369270325,0.890625,0.140625,0.6350256204605103,0.6830219030380249,0.9116818308830261
16170,0.7136591672897339,1.0551269054412842,0.01173238456249237,1.3650648593902588,0.04345026612281799,0.9074032306671143,27.8294620513916,1252.2654537250694,5.489478794269042e-05,0.9352771043777466,0.7387264370918274,0.9891927242279053,0.9870560169219971,0.7735921144485474,0.9756250381469727,0.8031306266784668,0.84375,0.203125,0.6733646392822266,0.747546911239624,1.7034777402877808
16180,0.5972871780395508,1.002668857574463,0.003066487144678831,0.8203278183937073,0.0552741177380085,0.9304822087287903,28.14854621887207,1252.25850391527,5.476908305381844e-05,0.8690237998962402,0.9057888388633728,0.9863248467445374,0.9820772409439087,0.7747618556022644,0.9669528007507324,0.770179033279419,0.75,0.28125,0.5276966094970703,0.6731923222541809,1.7167433500289917
16190,0.6797326803207397,1.0874303579330444,0.013482536189258099,1.1210362911224365,0.05567191168665886,0.9392955899238586,28.136899948120117,1252.2514695506572,5.464366427548109e-05,0.937663197517395,0.859768271446228,0.9846267104148865,0.978857696056366,0.7336916923522949,0.9763801097869873,0.8318915367126465,0.859375,0.15625,0.5761793255805969,0.6326345205307007,1.3711739778518677
16200,0.7815280556678772,1.2046691179275513,0.021568648517131805,1.3435932397842407,0.06190101057291031,1.0218971967697144,27.94304847717285,1252.2446369209604,5.451853193320974e-05,1.0095049142837524,0.7599227428436279,0.9893280267715454,0.9834232330322266,0.7740427255630493,0.9756458401679993,0.8148267865180969,0.859375,0.1875,0.6402601599693298,0.7325502038002014,0.883999764919281
16210,0.6681790947914124,1.0463651418685913,0.025953618809580803,1.152065396308899,0.05493380129337311,0.985062837600708,28.721830368041992,1252.2381204636572,5.439368635179252e-05,0.929607629776001,0.871428370475769,0.985349178314209,0.9829033017158508,0.7572838068008423,0.9656217098236084,0.7814987301826477,0.828125,0.203125,0.6103190183639526,0.6964424252510071,1.474568486213684
16220,0.5429892539978027,0.8423870801925659,0.011649293825030327,1.052607774734497,0.04285397008061409,0.6793338060379028,28.149084091186523,1252.2309787063602,5.426912785527307e-05,0.768041729927063,0.7501749992370605,0.979867160320282,0.9673410654067993,0.7579430937767029,0.9716816544532776,0.7962743639945984,0.9375,0.078125,0.591040849685669,0.7482737302780151,0.9338425397872925
16230,0.6876011490821838,1.0881235599517822,0.01230105571448803,1.3200478553771973,0.05308849737048149,1.0219687223434448,28.017873764038086,1252.2241184483812,5.4144856766949957e-05,0.9132793545722961,0.752260684967041,0.9829797744750977,0.9779142141342163,0.7357399463653564,0.9753460884094238,0.8123332262039185,0.8125,0.234375,0.642166793346405,0.7462426424026489,1.0377655029296875
16240,0.6328759789466858,1.0511384010314941,0.018739592283964157,1.1862081289291382,0.049778178334236145,0.6842262148857117,28.066509246826172,1252.217208413899,5.402087340937583e-05,0.8340954184532166,0.6707314252853394,0.9873457551002502,0.9820637106895447,0.7710105180740356,0.9799909591674805,0.8411392569541931,0.8125,0.1875,0.7269362211227417,0.7376409769058228,1.5686341524124146
16250,0.5761113166809082,0.8661813139915466,0.008858316577970982,0.9964079856872559,0.044236186891794205,0.9684255719184875,28.636493682861328,1252.2106316529666,5.3897178104356386e-05,0.7569150328636169,0.6026790738105774,0.9858777523040771,0.9796299934387207,0.7638583779335022,0.9756359457969666,0.8212058544158936,0.96875,0.03125,0.6882006525993347,0.7631624341011047,0.9448859691619873
16260,0.6461521983146667,0.9758489727973938,0.012314097955822945,1.1578389406204224,0.061078641563653946,1.1759686470031738,28.726078033447266,1252.204148281485,5.377377117294978e-05,0.8841805458068848,0.7934277057647705,0.9852540493011475,0.9846051335334778,0.7700849771499634,0.9662350416183472,0.780447781085968,0.84375,0.265625,0.6823334693908691,0.7346081733703613,1.2946758270263672
16270,0.660172700881958,1.1618865728378296,0.023370197042822838,0.9729759693145752,0.050390977412462234,0.8098663091659546,28.434165954589844,1252.1972690002644,5.3650652935465674e-05,0.9009833335876465,0.8027020692825317,0.985416829586029,0.980301022529602,0.7207382917404175,0.9725078344345093,0.8121037483215332,0.796875,0.21875,0.6654496192932129,0.695662796497345,1.5155647993087769
16280,0.7522132992744446,1.1264567375183105,0.013982570730149746,1.1796669960021973,0.05298136919736862,1.1549679040908813,28.560039520263672,1252.1903799854779,5.352782371146425e-05,0.9689000844955444,0.7222891449928284,0.9864705204963684,0.978987991809845,0.7426009774208069,0.9769124984741211,0.8248378038406372,0.921875,0.125,0.7136573195457458,0.7161301970481873,2.219107151031494
16290,0.6847659945487976,1.1017496585845947,0.01021944172680378,1.052524447441101,0.04938063770532608,0.8845334053039551,28.35796546936035,1252.1838693016819,5.3405283819755724e-05,0.8817998766899109,0.6567795276641846,0.991989254951477,0.9886017441749573,0.7829232811927795,0.9763306975364685,0.8033365607261658,0.84375,0.15625,0.7014535069465637,0.7680964469909668,1.0421360731124878
16300,0.6481519937515259,1.0276062488555908,0.018791712820529938,1.0277440547943115,0.046398259699344635,0.7418543696403503,28.14478874206543,1252.1772183463945,5.328303357839929e-05,0.8607898950576782,0.708793044090271,0.9843624234199524,0.9793614149093628,0.7565714716911316,0.9705748558044434,0.7867518663406372,0.890625,0.109375,0.6401218771934509,0.7452616095542908,0.6987329125404358
16310,0.6000716090202332,1.0552444458007812,0.015628572553396225,0.7391409873962402,0.048236601054668427,0.9700206518173218,28.78977394104004,1252.1703770628892,5.316107330470225e-05,0.8166393041610718,0.721892237663269,0.9825790524482727,0.9744913578033447,0.7513520121574402,0.97408527135849,0.8232466578483582,0.890625,0.109375,0.6409868597984314,0.7515274882316589,0.7659245729446411
16320,0.6254185438156128,0.9940194487571716,0.03144101798534393,1.0870627164840698,0.06050298362970352,0.8891302943229675,28.19346046447754,1252.1636796855257,5.3039403315219416e-05,0.8476845622062683,0.7408867478370667,0.9835217595100403,0.9796839356422424,0.7840794324874878,0.966906726360321,0.7580783367156982,0.75,0.328125,0.6726022362709045,0.7462146282196045,0.8575092554092407
16330,0.7072541117668152,1.1345347166061401,0.02441708743572235,1.1471890211105347,0.05912429839372635,1.33292818069458,28.110990524291992,1252.1569121786736,5.291802392575204e-05,0.9649220705032349,0.8588931560516357,0.9854359030723572,0.9795666337013245,0.7270973324775696,0.9707265496253967,0.7970157861709595,0.859375,0.171875,0.5724239349365234,0.6510003209114075,1.2366795539855957
16340,0.5436731576919556,0.9222246408462524,0.014443563297390938,0.8033887147903442,0.03657623007893562,0.8869207501411438,28.698148727416992,1252.1502807248285,5.2796935451347115e-05,0.7458114624023438,0.6737942695617676,0.9830809831619263,0.9754173755645752,0.7662174701690674,0.9740873575210571,0.8086773157119751,0.890625,0.109375,0.6433120965957642,0.7457709908485413,0.5542047619819641
16350,0.630539059638977,0.9896957278251648,0.013580195605754852,1.0632516145706177,0.05222886800765991,0.7861099243164062,28.781156539916992,1252.1436474164839,5.2676138206296635e-05,0.8557676672935486,0.7507620453834534,0.9812424182891846,0.9716053605079651,0.7515029311180115,0.9775199294090271,0.8342195749282837,0.875,0.171875,0.6584778428077698,0.7685693502426147,0.8147726058959961
16360,0.7018253803253174,1.0880528688430786,0.02823714353144169,1.2313793897628784,0.05788644030690193,0.8610490560531616,28.604440689086914,1252.1369228034848,5.255563250413657e-05,0.938125729560852,0.7876678109169006,0.9845330119132996,0.9833559989929199,0.7804213762283325,0.9716141223907471,0.7921774387359619,0.84375,0.203125,0.6034656167030334,0.7133828997612,1.4559895992279053
16370,0.6725667119026184,1.1018540859222412,0.018159441649913788,1.1649962663650513,0.06039462611079216,1.0485131740570068,28.913227081298828,1252.1304172340128,5.243541865764626e-05,0.8908777832984924,0.7277035117149353,0.9854975938796997,0.979328453540802,0.7438940405845642,0.9732323884963989,0.808449923992157,0.875,0.140625,0.6922345161437988,0.7179945111274719,1.3116459846496582
16380,0.6708886027336121,0.9436065554618835,0.019598746672272682,1.21078360080719,0.05889729782938957,0.9048892855644226,28.595022201538086,1252.1239384751636,5.231549697884757e-05,0.8963543176651001,0.7515523433685303,0.9871918559074402,0.9865394234657288,0.7764298915863037,0.9765700101852417,0.8066191077232361,0.890625,0.140625,0.5850119590759277,0.728184700012207,1.1099010705947876
16390,0.6499341726303101,1.0006903409957886,0.015956180170178413,1.0447849035263062,0.054778460413217545,1.1355794668197632,27.830223083496094,1252.1173116032041,5.219586777900383e-05,0.887588381767273,0.7921807765960693,0.9883482456207275,0.9842550158500671,0.6971378922462463,0.9775810837745667,0.8268938064575195,0.828125,0.171875,0.6981006860733032,0.6643414497375488,0.9144195318222046
16400,0.6510477066040039,0.9885477423667908,0.01078906748443842,1.2696961164474487,0.038072068244218826,0.8443558216094971,28.11132049560547,1252.110306394423,5.207653136861939e-05,0.8747723698616028,0.7457488775253296,0.9812639951705933,0.9804565906524658,0.787735641002655,0.9688895344734192,0.7752940654754639,0.828125,0.234375,0.6299085021018982,0.7559640407562256,0.662911593914032
16410,0.6931891441345215,1.0898100137710571,0.011502714827656746,1.0842410326004028,0.06035833805799484,1.0726432800292969,27.901094436645508,1252.1032740082605,5.195748805743863e-05,0.9284617900848389,0.7842420935630798,0.9824373722076416,0.9729169011116028,0.763665497303009,0.9770257472991943,0.8194001317024231,0.8125,0.203125,0.6039744019508362,0.7690503001213074,0.8496326208114624
16420,0.6259629726409912,1.002472996711731,0.01008643303066492,1.0193167924880981,0.04744222015142441,0.8462506532669067,27.992504119873047,1252.0964653108156,5.183873815444512e-05,0.8328793048858643,0.6897211670875549,0.9888982176780701,0.9865325093269348,0.7880726456642151,0.9745815992355347,0.8129668831825256,0.90625,0.125,0.620125412940979,0.7494617700576782,1.588964581489563
16430,0.602095365524292,0.9928837418556213,0.018137693405151367,1.0614880323410034,0.04318718612194061,0.7933287620544434,28.479143142700195,1252.0897587150366,5.172028196786093e-05,0.8171405792236328,0.7168173789978027,0.9743391871452332,0.9589362144470215,0.7019716501235962,0.9741162061691284,0.819487452507019,0.875,0.203125,0.6726042628288269,0.773007869720459,0.6485690474510193
16440,0.7160735130310059,1.0755454301834106,0.005429132841527462,1.3839412927627563,0.05663415044546127,0.9316861629486084,28.210857391357422,1252.0828562668369,5.1602119805145735e-05,0.9530093669891357,0.7897861003875732,0.9865773916244507,0.9791302680969238,0.7383534908294678,0.9731797575950623,0.801314651966095,0.90625,0.09375,0.6399489045143127,0.6704699397087097,1.0204890966415405
16450,0.6209890842437744,1.0353519916534424,0.009464425034821033,1.004326343536377,0.05261543393135071,0.9231153130531311,28.271867752075195,1252.0759000576652,5.148425197299601e-05,0.847480833530426,0.7549724578857422,0.9830613136291504,0.9745804071426392,0.7367257475852966,0.9778426289558411,0.8126239776611328,0.890625,0.125,0.6274368166923523,0.6869804263114929,0.865132212638855
16460,0.5740637183189392,0.9403616189956665,0.008426499553024769,0.9886062741279602,0.056394655257463455,0.6797575950622559,28.240846633911133,1252.0691941050977,5.136667877734442e-05,0.7897148132324219,0.7188369035720825,0.9838025569915771,0.9833864569664001,0.8067644238471985,0.9771328568458557,0.8195416331291199,0.875,0.125,0.6118541955947876,0.7499398589134216,1.0405075550079346
16470,0.6635088920593262,1.0856997966766357,0.027719691395759583,1.142174482345581,0.05094171315431595,1.7797614336013794,28.136754989624023,1252.0624302357944,5.124940052335872e-05,0.883633553981781,0.7337487936019897,0.9885417819023132,0.9851680994033813,0.7114289999008179,0.9737982153892517,0.8330280184745789,0.84375,0.171875,0.7112175822257996,0.7264077067375183,1.0061066150665283
16480,0.5986251831054688,0.9338337182998657,0.0038066476117819548,1.075150966644287,0.04691188409924507,0.7473945617675781,27.563928604125977,1252.0556766103207,5.1132417515441244e-05,0.8187307715415955,0.7336852550506592,0.9802136421203613,0.9669699668884277,0.7400998473167419,0.9733743667602539,0.8172938823699951,0.875,0.15625,0.6684535145759583,0.7172158360481262,0.9960865378379822
16490,0.6350874900817871,1.0165538787841797,0.005723635666072369,1.0915915966033936,0.051450930535793304,0.912894606590271,29.166059494018555,1252.0487591324297,5.1015730057227994e-05,0.884995698928833,0.8330274224281311,0.9822089672088623,0.9802687764167786,0.7836155295372009,0.973924994468689,0.8003748655319214,0.765625,0.28125,0.5506590604782104,0.6852701902389526,1.0048350095748901
16500,0.6300756335258484,1.0485568046569824,0.00651261443272233,0.8869385719299316,0.043576717376708984,1.196731448173523,28.62277603149414,1252.0418592730812,5.089933845158773e-05,0.863830029964447,0.7791812419891357,0.9826102256774902,0.9730067849159241,0.7413935661315918,0.9759645462036133,0.8250377178192139,0.84375,0.203125,0.5748130679130554,0.7670222520828247,0.5626168847084045
16510,0.7600098252296448,1.2195136547088623,0.007986364886164665,1.23713219165802,0.059073515236377716,0.8445068001747131,28.02463150024414,1252.0348487074516,5.078324300062143e-05,0.9759269952774048,0.7197239398956299,0.9877594113349915,0.9885492324829102,0.7886784672737122,0.966659665107727,0.7728562951087952,0.84375,0.171875,0.6611066460609436,0.726363480091095,0.7836737632751465
16520,0.6167800426483154,0.9633560180664062,0.009539025835692883,0.950340211391449,0.047501083463430405,1.206006407737732,28.444278717041016,1252.0282635918954,5.0667444005661415e-05,0.8332209587097168,0.7214697599411011,0.98984295129776,0.9889602661132812,0.8141961097717285,0.9678322672843933,0.7569573521614075,0.75,0.28125,0.5999677181243896,0.7388536930084229,0.8551070094108582
16530,0.6897625923156738,1.0293262004852295,0.016080284491181374,1.2975631952285767,0.0564933642745018,0.9198856949806213,28.090822219848633,1252.022225586893,5.05519417672704e-05,0.9311217665672302,0.8045306205749512,0.9884465932846069,0.9859304428100586,0.8074049353599548,0.9729861617088318,0.7935932278633118,0.859375,0.140625,0.5956138372421265,0.7038888931274414,1.4150694608688354
16540,0.6155548095703125,1.0216878652572632,0.024227695539593697,0.9605877995491028,0.04971067234873772,0.7368576526641846,27.834426879882812,1252.0165846292412,5.0436736585240985e-05,0.8669024109840393,0.8378252983093262,0.9822239279747009,0.9657581448554993,0.7091894745826721,0.9791409373283386,0.8308147192001343,0.796875,0.21875,0.5757350325584412,0.6629614233970642,0.83748459815979
16550,0.6066858172416687,1.0030364990234375,0.047086089849472046,0.9465987086296082,0.0456494465470314,0.7687670588493347,27.880027770996094,1252.010817409583,5.0321828758594684e-05,0.8380175232887268,0.7711056470870972,0.9806085824966431,0.9723851680755615,0.7369264960289001,0.9753716588020325,0.8195033073425293,0.890625,0.109375,0.621017336845398,0.7251285314559937,1.4981589317321777
16560,0.6844052076339722,1.034554123878479,0.011250797659158707,1.2708027362823486,0.08171474933624268,0.9118854403495789,28.03477668762207,1252.0048886234938,5.020721858558116e-05,0.9135717749595642,0.7638884782791138,0.9869393706321716,0.980587363243103,0.7359578609466553,0.9726793766021729,0.8026005029678345,0.828125,0.1875,0.6534134745597839,0.7100583910942078,0.7685078978538513
16570,0.6230719685554504,1.0313688516616821,0.009535515680909157,0.9089062809944153,0.04196058213710785,0.9549083709716797,28.351909637451172,1251.9990840660332,5.0092906363677634e-05,0.843025803565979,0.7331793904304504,0.9798652529716492,0.9772368669509888,0.7646049857139587,0.9770054221153259,0.8341026902198792,0.859375,0.15625,0.6169608235359192,0.7341102957725525,1.1456670761108398
16580,0.6538966298103333,1.04255211353302,0.0257575623691082,1.082127332687378,0.048099976032972336,1.0490556955337524,28.627422332763672,1251.9930474588032,4.9978892389587805e-05,0.8588455319404602,0.6831629276275635,0.9856352806091309,0.9805103540420532,0.7979556322097778,0.9699461460113525,0.7807308435440063,0.890625,0.140625,0.6944851875305176,0.790664553642273,1.3145583868026733
16590,0.7019879817962646,0.9399979114532471,0.039163973182439804,1.4191251993179321,0.04191860929131508,1.2347636222839355,28.00506591796875,1251.9870212743053,4.986517695924141e-05,0.9233930110931396,0.7380168437957764,0.9872766137123108,0.9861230254173279,0.7680993676185608,0.9665927886962891,0.7667314410209656,0.8125,0.203125,0.678871750831604,0.7171993851661682,1.2165136337280273
16600,0.6261295676231384,0.9664097428321838,0.005873536691069603,0.9827433824539185,0.047536708414554596,0.7925302386283875,27.798810958862305,1251.9812222516414,4.9751760367793284e-05,0.8612515330314636,0.7837399244308472,0.98020339012146,0.9747782349586487,0.704662561416626,0.964867353439331,0.7945894002914429,0.828125,0.28125,0.632815957069397,0.7519407868385315,0.6091713309288025
16610,0.6488869190216064,1.0617289543151855,0.012582150287926197,1.19524347782135,0.04958281293511391,0.8927249312400818,27.75715446472168,1251.9752592051177,4.963864290962242e-05,0.8817119002342224,0.7760831713676453,0.9856254458427429,0.9771618843078613,0.6978224515914917,0.9765052199363708,0.8353368639945984,0.90625,0.125,0.6627427339553833,0.7239891886711121,1.320931315422058
16620,0.633992612361908,1.038830041885376,0.020274631679058075,0.9962243437767029,0.048055753111839294,0.9108783006668091,28.06863784790039,1251.9695255038512,4.952582487833161e-05,0.8313167095184326,0.6577470302581787,0.9818499684333801,0.9794190526008606,0.7585294246673584,0.9739348292350769,0.8214492201805115,0.796875,0.25,0.6951438188552856,0.8044593334197998,0.9764471650123596
16630,0.5985512137413025,1.002144455909729,0.017488917335867882,0.9570198059082031,0.050565823912620544,0.9578141570091248,27.84632110595703,1251.963310912491,4.941330656674641e-05,0.828271746635437,0.7657350301742554,0.9840481877326965,0.9757894277572632,0.7476101517677307,0.9752530455589294,0.8150087594985962,0.875,0.140625,0.6263017058372498,0.7157416939735413,1.133682370185852
16640,0.6306948065757751,1.1085947751998901,0.02365155704319477,0.7363879680633545,0.05801183730363846,1.346053123474121,28.139211654663086,1251.9572695677807,4.930108826691435e-05,0.8645555377006531,0.779535710811615,0.9834624528884888,0.9766247272491455,0.7481061220169067,0.9750060439109802,0.8175182342529297,0.828125,0.25,0.6234258413314819,0.7156376838684082,1.241030216217041
16650,0.6625028848648071,1.0900300741195679,0.011870048940181732,0.9960647225379944,0.061231743544340134,0.9352012276649475,28.074813842773438,1251.9513058330836,4.918917027010442e-05,0.9281217455863953,0.8853961229324341,0.9863776564598083,0.9813712239265442,0.7326996326446533,0.9694191813468933,0.8058017492294312,0.875,0.125,0.6082132458686829,0.7107563614845276,1.4160265922546387
16660,0.5937095284461975,0.957839846611023,0.036062490195035934,1.01572585105896,0.048432569950819016,0.7218118906021118,28.155073165893555,1251.9451861955001,4.9077552866806004e-05,0.7968204021453857,0.6770362854003906,0.9804339408874512,0.9745326042175293,0.7463428974151611,0.9778327345848083,0.8372092843055725,0.859375,0.140625,0.6959118247032166,0.7567859292030334,1.069111943244934
16670,0.5782562494277954,1.0295079946517944,0.00438189972192049,0.7353227138519287,0.04835915565490723,0.8818607330322266,28.509296417236328,1251.93896803124,4.896623634672831e-05,0.7751201391220093,0.6562128663063049,0.9839134216308594,0.980570375919342,0.748371958732605,0.9678999781608582,0.7943095564842224,0.890625,0.125,0.6947519183158875,0.7833960652351379,0.7757616639137268
16680,0.6298891305923462,1.1124787330627441,0.03227996826171875,0.8339751362800598,0.059161651879549026,0.8634171485900879,27.769378662109375,1251.9329094154582,4.8855220998799656e-05,0.8491042852401733,0.7307170629501343,0.9807556867599487,0.9753021001815796,0.7442539930343628,0.9702649116516113,0.8022676706314087,0.8125,0.1875,0.6549151539802551,0.7635639309883118,0.9716389179229736
16690,0.5829532146453857,0.8690950274467468,0.019962556660175323,1.1035659313201904,0.04541413113474846,0.8330023288726807,27.862401962280273,1251.9269801566425,4.874450711116666e-05,0.7576043605804443,0.5821704268455505,0.9888248443603516,0.9879273772239685,0.8132954239845276,0.9759331941604614,0.8240197896957397,0.890625,0.109375,0.7136316299438477,0.7593669891357422,0.8144954442977905
16700,0.6506235003471375,0.9589276313781738,0.038739122450351715,1.2519904375076294,0.039153147488832474,1.0297375917434692,28.013717651367188,1251.9208725933606,4.863409497119335e-05,0.855759859085083,0.6837878227233887,0.97992342710495,0.970639705657959,0.7192757725715637,0.9774683713912964,0.833872377872467,0.8125,0.21875,0.6609957814216614,0.813116192817688,1.330474853515625
16710,0.6157065033912659,1.0108743906021118,0.014737584628164768,0.9187971353530884,0.048174723982810974,1.280727744102478,28.44256591796875,1251.9150443759145,4.8523984865460686e-05,0.8393129110336304,0.7453547120094299,0.9833957552909851,0.9788342714309692,0.760327160358429,0.9755811095237732,0.8118047118186951,0.796875,0.234375,0.6040447354316711,0.7835155129432678,0.6533965468406677
16720,0.6333639025688171,0.9871669411659241,0.01359428372234106,0.9827703237533569,0.04588813707232475,0.9172664880752563,27.73384666442871,1251.909535251609,4.841417707976562e-05,0.866917610168457,0.7785124182701111,0.9871128797531128,0.98574298620224,0.8087440133094788,0.9695535898208618,0.7747331857681274,0.875,0.171875,0.6167126893997192,0.7275243401527405,1.4772264957427979
16730,0.7050399780273438,1.0924309492111206,0.006572037469595671,1.1516939401626587,0.06576881557703018,1.354297399520874,27.866378784179688,1251.9038348698668,4.830467189912039e-05,0.9599382877349854,0.8496608734130859,0.9920151233673096,0.992021918296814,0.8391211032867432,0.9764071702957153,0.8053735494613647,0.796875,0.34375,0.6338450312614441,0.7222432494163513,1.3703768253326416
16740,0.6123862862586975,0.9897268414497375,0.013113833032548428,1.0884331464767456,0.0405631922185421,0.9849442839622498,27.621797561645508,1251.8979205979495,4.819546960775191e-05,0.808199405670166,0.6527103781700134,0.9877225756645203,0.9861742258071899,0.8024395108222961,0.9800585508346558,0.816852331161499,0.859375,0.140625,0.6521217226982117,0.8239297866821289,1.2554277181625366
16750,0.7082050442695618,0.9954243302345276,0.0281340591609478,1.4398996829986572,0.053260233253240585,0.9231541156768799,27.731210708618164,1251.8917823320096,4.808657048910077e-05,0.9294642210006714,0.7375305891036987,0.9846449494361877,0.9798101186752319,0.7632638216018677,0.9699169397354126,0.7807501554489136,0.8125,0.25,0.6827926635742188,0.7487610578536987,1.2490054368972778
16760,0.6578348278999329,0.9577309489250183,0.012510222382843494,1.1878063678741455,0.049851685762405396,1.5149928331375122,27.842403411865234,1251.8856376511153,4.797797482582085e-05,0.8812735676765442,0.7447957992553711,0.9859328866004944,0.9858664274215698,0.7497001886367798,0.973019540309906,0.8119329214096069,0.796875,0.21875,0.6731441617012024,0.7470099329948425,1.197375774383545
16770,0.6685498952865601,1.0683280229568481,0.009663308970630169,1.2001979351043701,0.05022399500012398,0.8710843920707703,27.65938377380371,1251.8799615580183,4.786968289977822e-05,0.9192239046096802,0.8355801105499268,0.982763409614563,0.9769946932792664,0.7253780961036682,0.968593955039978,0.7856943607330322,0.90625,0.09375,0.5740798115730286,0.6654005646705627,0.8527467250823975
16780,0.6518517732620239,1.1291289329528809,0.014610405080020428,0.929225742816925,0.056840140372514725,0.9407750368118286,27.770301818847656,1251.8739954955574,4.776169499205067e-05,0.9198018312454224,0.8931668996810913,0.986056387424469,0.9816728830337524,0.7377497553825378,0.9703836441040039,0.795737624168396,0.796875,0.265625,0.5746697783470154,0.6773819327354431,1.6006182432174683
16790,0.6927510499954224,1.1109485626220703,0.025854632258415222,1.2367744445800781,0.05012470483779907,0.8121446371078491,28.090848922729492,1251.868012028094,4.765401138292686e-05,0.9333106279373169,0.80186527967453,0.9866549968719482,0.9831867814064026,0.7566699385643005,0.9746905565261841,0.810875415802002,0.875,0.15625,0.6036195755004883,0.7320609092712402,1.0714086294174194
16800,0.6238195896148682,0.9378244876861572,0.016263140365481377,1.1573379039764404,0.03673198074102402,0.8224086165428162,28.284509658813477,1251.8618785066353,4.754663235190571e-05,0.8435873985290527,0.7325594425201416,0.9821272492408752,0.9748333096504211,0.7341905832290649,0.9765704274177551,0.8297872543334961,0.859375,0.15625,0.6295124888420105,0.7295165061950684,0.9379845261573792
16810,0.6473090052604675,0.9748045802116394,0.017182283103466034,1.2937090396881104,0.05245101451873779,1.7593361139297485,27.78986930847168,1251.8558510867356,4.743955817769544e-05,0.8515968322753906,0.6809592843055725,0.9874838590621948,0.9850465655326843,0.8139862418174744,0.9735664129257202,0.7975181937217712,0.890625,0.109375,0.6460967063903809,0.7723661661148071,0.8796960711479187
16820,0.6579205989837646,0.9758798480033875,0.011872938834130764,1.1416054964065552,0.05773230269551277,1.364284634590149,28.632186889648438,1251.8500613843469,4.7332789138213156e-05,0.9126663208007812,0.8491525053977966,0.9870425462722778,0.9877039790153503,0.7675677537918091,0.9716971516609192,0.8078018426895142,0.8125,0.21875,0.5500454902648926,0.6927216053009033,1.4291903972625732
16830,0.6981435418128967,1.1211631298065186,0.005579854361712933,1.0295778512954712,0.0598023384809494,1.0110423564910889,28.542831420898438,1251.8438290761553,4.722632551058386e-05,0.9338297247886658,0.7856205701828003,0.99058598279953,0.9871872067451477,0.734102725982666,0.9770349264144897,0.8204081654548645,0.828125,0.203125,0.6304746270179749,0.7390613555908203,1.435024380683899
16840,0.6213125586509705,0.9615561366081238,0.01324694138020277,1.2979769706726074,0.045513950288295746,1.1702312231063843,28.11870574951172,1251.8378795257174,4.712016757113985e-05,0.8902600407600403,0.896491527557373,0.9826074838638306,0.9746177196502686,0.7635825276374817,0.9755592346191406,0.8200562596321106,0.75,0.296875,0.559512734413147,0.695751428604126,1.1181249618530273
16850,0.7583995461463928,1.1125339269638062,0.021120276302099228,1.462996244430542,0.056757036596536636,1.0752817392349243,28.16620445251465,1251.832017003732,4.701431559542008e-05,1.0015556812286377,0.8105204701423645,0.9822165966033936,0.9777714610099792,0.758963942527771,0.9725463390350342,0.8041028380393982,0.78125,0.234375,0.6438716650009155,0.6889975666999817,1.5257073640823364
16860,0.5583595633506775,0.8558902144432068,0.01602804847061634,1.0145831108093262,0.04176436364650726,0.6596755385398865,28.10527229309082,1251.8261896884214,4.690876985816924e-05,0.7077124118804932,0.4978426992893219,0.9865212440490723,0.9850746393203735,0.8029312491416931,0.9749739766120911,0.8088642358779907,0.921875,0.078125,0.7408742904663086,0.8373656272888184,0.7864817976951599
16870,0.5540658831596375,0.9218139052391052,0.005781831685453653,0.8646693229675293,0.03268711268901825,0.8406548500061035,28.342805862426758,1251.820068448423,4.6803530633337264e-05,0.7460289001464844,0.6398767828941345,0.9852814674377441,0.9779753684997559,0.8036856651306152,0.9781079888343811,0.823957622051239,0.9375,0.078125,0.6190415620803833,0.7814569473266602,0.7678688168525696
16880,0.6303908824920654,0.9745795726776123,0.01754905842244625,1.211852788925171,0.04305582493543625,0.9473150372505188,28.0526123046875,1251.813898416274,4.669859819407843e-05,0.8310749530792236,0.6689469814300537,0.9874753355979919,0.9847314357757568,0.7834909558296204,0.9727559685707092,0.7872800230979919,0.84375,0.203125,0.6840645670890808,0.7410253882408142,0.9567626118659973
16890,0.6908677220344543,0.9725109934806824,0.029237156733870506,1.4485582113265991,0.06835036724805832,0.8614113926887512,27.69736671447754,1251.8076900802655,4.659397281275078e-05,0.9361701011657715,0.817674458026886,0.9792596101760864,0.977114200592041,0.7365185618400574,0.9641923308372498,0.769729733467102,0.859375,0.140625,0.6541680097579956,0.7351861000061035,1.3696588277816772
16900,0.6827983260154724,1.055417776107788,0.04927615076303482,1.2157273292541504,0.04232729226350784,0.9745045304298401,27.978885650634766,1251.801543059212,4.6489654760915376e-05,0.9055849313735962,0.7426220774650574,0.9838947653770447,0.9773017764091492,0.7265647053718567,0.9717212915420532,0.8051398396492004,0.875,0.140625,0.6788976788520813,0.7532453536987305,1.0612589120864868
16910,0.7051333785057068,1.1524839401245117,0.00789114460349083,1.1277501583099365,0.05465075746178627,0.8808648586273193,28.36248207092285,1251.7956114919614,4.6385644309335605e-05,0.925006628036499,0.732910692691803,0.9844228029251099,0.9811455011367798,0.7731084823608398,0.9739453196525574,0.8128566741943359,0.875,0.171875,0.6670840382575989,0.7090619206428528,1.1543852090835571
16920,0.6119021773338318,1.0372332334518433,0.014331002719700336,0.8317817449569702,0.05252046138048172,1.0387561321258545,28.076148986816406,1251.7899493062614,4.6281941727976395e-05,0.8597498536109924,0.8261588215827942,0.9813635945320129,0.9707356691360474,0.7195314168930054,0.9702209234237671,0.8073016405105591,0.8125,0.234375,0.5897828936576843,0.7421847581863403,1.1327006816864014
16930,0.6177010536193848,1.1415561437606812,0.012135539203882217,0.8208473920822144,0.062072932720184326,1.0645285844802856,28.092750549316406,1251.7841853413227,4.617854728600365e-05,0.8431183695793152,0.7513909935951233,0.9866850972175598,0.9695562124252319,0.6912029385566711,0.9796749353408813,0.8389750123023987,0.890625,0.109375,0.655746579170227,0.742986261844635,0.7787017822265625
16940,0.6267130970954895,0.9087323546409607,0.02232266031205654,1.1942063570022583,0.04523646831512451,0.9276429414749146,28.496788024902344,1251.7782344573134,4.607546125178345e-05,0.8362604975700378,0.6984912753105164,0.9858183264732361,0.9807637929916382,0.7779889702796936,0.9788259267807007,0.8325419425964355,0.890625,0.125,0.6842105388641357,0.7437080144882202,1.1735926866531372
16950,0.6375383734703064,1.051253318786621,0.01739053800702095,1.0818043947219849,0.05159188061952591,0.9725481271743774,28.687334060668945,1251.7721894146423,4.597268389288132e-05,0.8787662982940674,0.8040930032730103,0.982855498790741,0.9705843925476074,0.7188433408737183,0.9711511731147766,0.8109946250915527,0.78125,0.28125,0.6728050112724304,0.7359086275100708,1.3842891454696655
16960,0.6929923892021179,1.0392247438430786,0.013669260777533054,1.3001673221588135,0.052443452179431915,0.8883773684501648,28.575166702270508,1251.7660621080465,4.587021547606175e-05,0.9389439821243286,0.8198386430740356,0.9862098693847656,0.983915388584137,0.7362275719642639,0.9709649085998535,0.8076503276824951,0.84375,0.21875,0.6204522252082825,0.6567648649215698,1.32083261013031
16970,0.6518903374671936,0.9919422268867493,0.017364969477057457,1.2167296409606934,0.04552370682358742,1.1983327865600586,28.29383659362793,1251.7600697405835,4.576805626728722e-05,0.8441062569618225,0.6407196521759033,0.9870349764823914,0.9831131100654602,0.7532064318656921,0.9792190194129944,0.8330658674240112,0.859375,0.140625,0.72606360912323,0.7801135182380676,0.7911577224731445
16980,0.66801518201828,1.0196737051010132,0.008419498801231384,1.3062818050384521,0.0562615841627121,1.3390753269195557,28.10513687133789,1251.7538827969026,4.566620653171774e-05,0.9253287315368652,0.8577117919921875,0.9789859056472778,0.9668866395950317,0.7073014974594116,0.9708386659622192,0.8098240494728088,0.796875,0.28125,0.6328541040420532,0.6949765682220459,0.9658365249633789
16990,0.5944502353668213,0.8626443147659302,0.058311864733695984,1.1515283584594727,0.039377983659505844,0.8498302698135376,27.954090118408203,1251.7478450812937,4.556466653370997e-05,0.7963820099830627,0.6731059551239014,0.9862980246543884,0.9844598770141602,0.7841481566429138,0.9750164747238159,0.8078087568283081,0.828125,0.1875,0.6567267775535583,0.7440577149391174,0.7638710141181946
17000,0.5784484148025513,0.992176353931427,0.01730852760374546,0.907938539981842,0.05978076532483101,1.0689784288406372,28.813045501708984,1251.741875576061,4.546343653681667e-05,0.8481767177581787,0.8990943431854248,0.9814015626907349,0.9642215967178345,0.7115480303764343,0.9748054146766663,0.8119197487831116,0.890625,0.109375,0.5887776613235474,0.6690992712974548,1.8404573202133179
17010,0.5830255746841431,1.0341906547546387,0.020204177126288414,0.7624381184577942,0.045710332691669464,1.2869659662246704,28.399534225463867,1251.7362773060759,4.536251680378601e-05,0.8036420941352844,0.7353883981704712,0.9834750890731812,0.9729391932487488,0.7244399785995483,0.975821852684021,0.8176829218864441,0.875,0.171875,0.674164891242981,0.7982611060142517,0.7680557370185852
17020,0.7648758292198181,1.0176355838775635,0.024866126477718353,1.5406339168548584,0.05208747088909149,1.3098225593566895,27.8996524810791,1251.730470842049,4.526190759656084e-05,0.9931584000587463,0.7609418630599976,0.9833797216415405,0.9827269911766052,0.7754829525947571,0.9636681079864502,0.7791601419448853,0.875,0.125,0.6508379578590393,0.6851825714111328,0.6265746355056763
17030,0.623481810092926,1.0142561197280884,0.016044018790125847,1.0545729398727417,0.052242472767829895,0.8697006702423096,28.388904571533203,1251.7245532955742,4.516160917627796e-05,0.8480821847915649,0.74866783618927,0.9824536442756653,0.9773449897766113,0.7388692498207092,0.973686933517456,0.8119533061981201,0.859375,0.15625,0.6536226868629456,0.7550756335258484,0.8379284739494324
17040,0.6381533741950989,0.9450481534004211,0.008720077574253082,1.0920734405517578,0.05473601818084717,0.9493398070335388,28.571170806884766,1251.718510960015,4.5061621803267595e-05,0.9074224829673767,0.8975636959075928,0.986481785774231,0.9852796792984009,0.7820795178413391,0.9750241041183472,0.804594099521637,0.859375,0.140625,0.5498190522193909,0.6672071218490601,1.1943562030792236
17050,0.6318221688270569,1.0550668239593506,0.015480278991162777,0.9861729741096497,0.06291848421096802,0.8418212532997131,28.034570693969727,1251.7126126251399,4.496194573705259e-05,0.854038417339325,0.7407208681106567,0.9866316318511963,0.9859451055526733,0.7874940037727356,0.9773204922676086,0.821857213973999,0.859375,0.171875,0.7002373337745667,0.7425291538238525,1.3754522800445557
17060,0.5895493030548096,0.986264705657959,0.015398753806948662,0.9730409383773804,0.046229440718889236,0.7990216612815857,27.743545532226562,1251.7067851545787,4.4862581236347686e-05,0.786148190498352,0.6553295254707336,0.9812812805175781,0.97551429271698,0.7394171953201294,0.9750627875328064,0.828976035118103,0.890625,0.109375,0.6537331342697144,0.7832054495811462,0.6812635064125061
17070,0.593419075012207,0.9740659594535828,0.006428239867091179,1.096232295036316,0.047228045761585236,0.9779385328292847,28.762939453125,1251.7007838249874,4.4763528559059136e-05,0.8084535598754883,0.7167815566062927,0.9821041226387024,0.976284921169281,0.7842195630073547,0.970809817314148,0.7981866598129272,0.828125,0.171875,0.6475711464881897,0.7591895461082458,0.8409709334373474
17080,0.7799676656723022,1.0451194047927856,0.019161535426974297,1.601138710975647,0.09088420122861862,1.2415250539779663,28.387300491333008,1251.694900784601,4.4664787962283656e-05,1.058655023574829,0.9289578795433044,0.9797126054763794,0.9752917885780334,0.7191333770751953,0.9699761271476746,0.8064516186714172,0.78125,0.390625,0.6705985069274902,0.7134217619895935,0.923944354057312
17090,0.6601695418357849,0.9593820571899414,0.01266286987811327,1.2780064344406128,0.04862501099705696,0.8355072140693665,28.192689895629883,1251.6897995623635,4.456635970230804e-05,0.8612648248672485,0.670317530632019,0.9883397221565247,0.9877668023109436,0.8010408878326416,0.9766276478767395,0.8113695383071899,0.859375,0.140625,0.6086418628692627,0.7631533741950989,1.246593713760376
17100,0.6555339097976685,1.022855520248413,0.013339884579181671,1.2114063501358032,0.047994356602430344,0.8483994603157043,28.25617027282715,1251.6845377197612,4.446824403460836e-05,0.8985352516174316,0.8100044131278992,0.9797101020812988,0.9708561301231384,0.7296305894851685,0.9766749739646912,0.8125,0.859375,0.1875,0.6427532434463501,0.7017926573753357,1.1514396667480469
17110,0.6136967539787292,1.0289726257324219,0.00767048355191946,0.8339701294898987,0.06351529061794281,0.8417605757713318,27.876279830932617,1251.6793096611639,4.437044121384932e-05,0.8764011263847351,0.8756812214851379,0.9826679229736328,0.9718642830848694,0.6950275897979736,0.9732680916786194,0.815247654914856,0.8125,0.203125,0.6072719693183899,0.6273025274276733,1.3405065536499023
17120,0.6286600828170776,1.007758617401123,0.021532926708459854,1.0939383506774902,0.043002236634492874,0.9446189403533936,28.975019454956055,1251.6740126112059,4.427295149388365e-05,0.826140284538269,0.6582673192024231,0.9915159344673157,0.9926250576972961,0.8138597011566162,0.9715739488601685,0.7869874835014343,0.765625,0.265625,0.648755669593811,0.8040828108787537,0.7114540934562683
17130,0.6210377216339111,0.9735801815986633,0.01730000041425228,1.0577865839004517,0.04745342209935188,0.9576513171195984,28.405683517456055,1251.6685675669116,4.41757751277514e-05,0.8327796459197998,0.705806314945221,0.9882150292396545,0.9860666990280151,0.7793040871620178,0.9679185748100281,0.7742848992347717,0.84375,0.171875,0.6573646068572998,0.7455247044563293,1.703439712524414
17140,0.6550503373146057,1.0770350694656372,0.009467197582125664,1.1218212842941284,0.04685168340802193,1.1787109375,28.332317352294922,1251.6633553564718,4.407891236767926e-05,0.87276291847229,0.7257084846496582,0.9884880781173706,0.982776403427124,0.7343288660049438,0.9754611253738403,0.8149235844612122,0.875,0.125,0.6847994327545166,0.7320570349693298,0.9678036570549011
17150,0.6048731207847595,0.9949359893798828,0.013567308895289898,0.980411171913147,0.04969141632318497,0.8395934104919434,28.823116302490234,1251.6581914549067,4.398236346507999e-05,0.8442428112030029,0.7978988289833069,0.986994206905365,0.9776023030281067,0.742029070854187,0.9785773158073425,0.824619472026825,0.921875,0.078125,0.5897006988525391,0.6883068084716797,1.1792089939117432
17160,0.5839003920555115,0.8998366594314575,0.017454873770475388,1.0483649969100952,0.0627952367067337,0.848103404045105,28.739681243896484,1251.6530508908272,4.3886128670551684e-05,0.810492217540741,0.7553061246871948,0.9848361611366272,0.9709779024124146,0.6917110085487366,0.9743716716766357,0.8262046575546265,0.890625,0.125,0.7106737494468689,0.7283396124839783,1.5988192558288574
17170,0.7063205242156982,1.2120890617370605,0.027393102645874023,0.8779505491256714,0.05724697932600975,1.0177947282791138,28.820533752441406,1251.6478029410662,4.379020823387713e-05,0.9710180759429932,0.8823251128196716,0.9861735105514526,0.9809214472770691,0.7237821817398071,0.9783964157104492,0.8493959307670593,0.90625,0.109375,0.576224148273468,0.644432783126831,1.7101891040802002
17180,0.5981022119522095,1.017143726348877,0.02196144312620163,0.8376808166503906,0.05130074918270111,0.8708232045173645,28.273717880249023,1251.6425117360668,4.369460240402325e-05,0.8113930225372314,0.7109693288803101,0.9911314249038696,0.9925684928894043,0.8239127993583679,0.9699965119361877,0.7780213356018066,0.84375,0.171875,0.6498561501502991,0.7549256682395935,1.2617006301879883
17190,0.6513156294822693,0.874226450920105,0.007561941631138325,1.3778220415115356,0.04614471271634102,0.9427807331085205,28.33201789855957,1251.637237914226,4.3599311429140276e-05,0.8830727338790894,0.7725237011909485,0.9846336841583252,0.9838595390319824,0.7732935547828674,0.9698613286018372,0.8001714944839478,0.875,0.125,0.6290242671966553,0.7258120775222778,0.9703164100646973
17200,0.6197606325149536,0.9747796654701233,0.023144548758864403,1.0536484718322754,0.04530143737792969,0.7641578912734985,28.35835838317871,1251.6319909032695,4.3504335556561374e-05,0.8339033126831055,0.7138088345527649,0.9894315600395203,0.9866558313369751,0.7899841666221619,0.9677001237869263,0.7824971079826355,0.796875,0.234375,0.6704043745994568,0.7932387590408325,0.6564372181892395
17210,0.6838284730911255,0.8919833302497864,0.030817663297057152,1.4232128858566284,0.031050950288772583,0.931959331035614,28.828054428100586,1251.6267595136123,4.340967503280169e-05,0.8781771659851074,0.6478289365768433,0.9853960275650024,0.9850605130195618,0.7995901107788086,0.9679297208786011,0.7770437598228455,0.828125,0.203125,0.7113171815872192,0.7732147574424744,0.9571337699890137
17220,0.5964965224266052,0.9154731035232544,0.012110194191336632,1.0579581260681152,0.05208229273557663,0.9008150696754456,28.634483337402344,1251.6215579917582,4.331533010355793e-05,0.7914661169052124,0.6498985290527344,0.9888610243797302,0.9880850911140442,0.7760204672813416,0.9770050644874573,0.8314705491065979,0.859375,0.15625,0.6910820007324219,0.7398439049720764,1.1947599649429321
17230,0.653903603553772,1.0289207696914673,0.013408218510448933,1.247594952583313,0.051748547703027725,0.8042333722114563,28.318056106567383,1251.6162428544062,4.3221301013707665e-05,0.9105224609375,0.8553961515426636,0.9821746945381165,0.9703956246376038,0.7500289082527161,0.9778615236282349,0.8179401755332947,0.796875,0.234375,0.5912032723426819,0.6925634145736694,1.394927978515625
17240,0.6122439503669739,1.0650293827056885,0.02078011818230152,0.8349242210388184,0.05340014025568962,0.9687215089797974,28.42544937133789,1251.610708852982,4.31275880073087e-05,0.8327518105506897,0.7350261211395264,0.9897977709770203,0.9875255823135376,0.7639756798744202,0.974393904209137,0.8127906918525696,0.90625,0.140625,0.6685304045677185,0.7559030055999756,1.7237905263900757
17250,0.667153000831604,0.9683386087417603,0.011739106848835945,1.3017141819000244,0.04571842402219772,0.9009562730789185,29.088319778442383,1251.6052537441128,4.303419132759841e-05,0.8980212807655334,0.7695608735084534,0.9874151945114136,0.9864363670349121,0.7416118383407593,0.9678720831871033,0.7895335555076599,0.875,0.125,0.6212739944458008,0.7030269503593445,0.9383395910263062
17260,0.6412895321846008,1.0145275592803955,0.007022113539278507,1.1232542991638184,0.04650963470339775,0.7413139939308167,29.108381271362305,1251.5998946059494,4.294111121699307e-05,0.8539630770683289,0.7089117765426636,0.9852318167686462,0.9814507961273193,0.7614104747772217,0.9758720397949219,0.825666606426239,0.90625,0.09375,0.621951162815094,0.7513879537582397,0.9814239144325256
17270,0.5899015665054321,0.9469659924507141,0.003570724045857787,1.1254632472991943,0.057559773325920105,0.8906556963920593,27.969724655151367,1251.5945504761357,4.2848347917087386e-05,0.8329339027404785,0.8101076483726501,0.981289267539978,0.9775217175483704,0.7633443474769592,0.9671533703804016,0.77741938829422,0.84375,0.15625,0.6344316601753235,0.7037442922592163,1.0561821460723877
17280,0.6479242444038391,0.9883543848991394,0.01626730151474476,1.164482831954956,0.06168967857956886,0.8056244850158691,28.495424270629883,1251.589082271372,4.275590166865365e-05,0.8794744610786438,0.7718339562416077,0.9804847240447998,0.9767845273017883,0.7501434683799744,0.9681920409202576,0.7845042943954468,0.765625,0.265625,0.6641805171966553,0.7167861461639404,1.5752495527267456
17290,0.6260613203048706,0.8861554861068726,0.03649575635790825,1.2963777780532837,0.05157231539487839,0.7915148735046387,28.825403213500977,1251.5839243383753,4.2663772711641344e-05,0.8334293365478516,0.6912266612052917,0.9839800596237183,0.9838817715644836,0.7981285452842712,0.9725633859634399,0.7870283722877502,0.890625,0.109375,0.6282960176467896,0.7281942963600159,1.028647541999817
17300,0.630054235458374,1.0205748081207275,0.011632664129137993,0.9817071557044983,0.055748604238033295,1.0621845722198486,28.55146598815918,1251.578754255963,4.257196128517637e-05,0.9196761250495911,0.9654062986373901,0.9836342334747314,0.9756308197975159,0.699428141117096,0.9744901061058044,0.8118017911911011,0.765625,0.28125,0.6031088829040527,0.6599621176719666,1.8783726692199707
17310,0.6186572909355164,0.9865307211875916,0.013929092325270176,1.1981384754180908,0.05001218616962433,0.8875255584716797,28.677518844604492,1251.5733564558138,4.2480467627560386e-05,0.824744701385498,0.6869579553604126,0.987797737121582,0.9770647883415222,0.7614660263061523,0.9813605546951294,0.8399727940559387,0.875,0.140625,0.6531553864479065,0.7665104866027832,0.7071035504341125
17320,0.6181007623672485,1.0225762128829956,0.006441602483391762,0.905221700668335,0.059553466737270355,1.011770486831665,28.768030166625977,1251.5680804761216,4.238929197627032e-05,0.8750935196876526,0.856642484664917,0.9871479868888855,0.9837772250175476,0.7541899681091309,0.9707098007202148,0.7972206473350525,0.75,0.421875,0.6569725871086121,0.7425898313522339,0.8656716346740723
17330,0.6583347916603088,1.0053335428237915,0.015674950554966927,1.239190936088562,0.055583324283361435,0.8585930466651917,28.73760414123535,1251.5630786370423,4.229843456795776e-05,0.8765363097190857,0.7273383140563965,0.988054633140564,0.9860988855361938,0.7914031147956848,0.9711851477622986,0.8060814738273621,0.84375,0.15625,0.6138692498207092,0.7277666330337524,0.7609983086585999
17340,0.6232946515083313,1.0016034841537476,0.016177235171198845,0.8821894526481628,0.055026281625032425,0.7399791479110718,29.142324447631836,1251.5577378270889,4.2207895638448115e-05,0.8702772855758667,0.8232753276824951,0.9855746030807495,0.9822902083396912,0.7324260473251343,0.9708998203277588,0.7942121624946594,0.921875,0.078125,0.6045008897781372,0.6842197179794312,1.3348087072372437
17350,0.6033568382263184,1.07704758644104,0.016334889456629753,0.8418617844581604,0.05415003374218941,0.7876099348068237,28.45416259765625,1251.5526227643709,4.211767542274033e-05,0.8726296424865723,0.8975759744644165,0.9819071292877197,0.9682838916778564,0.7120518088340759,0.9750992655754089,0.8382393717765808,0.84375,0.21875,0.5821443796157837,0.6255751252174377,1.7212096452713013
17360,0.6860817074775696,1.0317760705947876,0.014197328127920628,1.2360646724700928,0.04596775770187378,0.8896894454956055,28.458341598510742,1251.5473328766504,4.202777415500603e-05,0.8838579654693604,0.6592540740966797,0.9852176904678345,0.979774534702301,0.7467538714408875,0.9735847115516663,0.8181818127632141,0.875,0.140625,0.7289412617683411,0.7566214203834534,0.6399593949317932
17370,0.6796771883964539,1.1364634037017822,0.01099698431789875,1.1457586288452148,0.04262525960803032,0.8784840106964111,29.380599975585938,1251.5417844927138,4.1938192068588977e-05,0.9102408289909363,0.7685454487800598,0.9833304286003113,0.9763976335525513,0.7581382393836975,0.9768876433372498,0.8266141414642334,0.859375,0.15625,0.6565369367599487,0.6983263492584229,1.4444020986557007
17380,0.6208958625793457,1.1963026523590088,0.006998221389949322,0.608445405960083,0.057863999158144,1.0976221561431885,28.66905403137207,1251.5365383459657,4.184892939600453e-05,0.8676978349685669,0.8226733207702637,0.9822800159454346,0.9669162631034851,0.7346276044845581,0.9736523032188416,0.8066789507865906,0.875,0.15625,0.5635756254196167,0.7277864217758179,1.7673426866531372
17390,0.5851385593414307,0.863325297832489,0.01768166944384575,1.091612696647644,0.02650400996208191,0.766730546951294,28.429006576538086,1251.5310988733947,4.175998636893896e-05,0.7607153654098511,0.5852560997009277,0.9876616597175598,0.9875972867012024,0.8165751099586487,0.969674825668335,0.7716701626777649,0.875,0.140625,0.6319293975830078,0.8220483064651489,0.2761954367160797
17400,0.688373327255249,1.128499150276184,0.013127441518008709,1.0493942499160767,0.05429789051413536,0.9037750363349915,28.64130973815918,1251.525747618349,4.167136321824887e-05,0.9356637001037598,0.8243011236190796,0.9862583875656128,0.9834471940994263,0.7613893747329712,0.9686108231544495,0.7720916271209717,0.8125,0.203125,0.6539275050163269,0.6671770811080933,1.9252506494522095
17410,0.6487635374069214,1.0269932746887207,0.009287416003644466,1.044256329536438,0.05287434905767441,0.8201363682746887,29.105995178222656,1251.5203325249674,4.1583060173960675e-05,0.8626517653465271,0.7129607200622559,0.9881764650344849,0.9834288358688354,0.7304887175559998,0.9807133674621582,0.8371936678886414,0.875,0.171875,0.7138243317604065,0.7608316540718079,1.0391888618469238
17420,0.604693591594696,1.041181206703186,0.010780391283333302,0.8497585654258728,0.041871603578329086,0.985892653465271,28.56741714477539,1251.515137420028,4.1495077465269844e-05,0.7975572347640991,0.6428787708282471,0.9784570336341858,0.9741923809051514,0.7758544683456421,0.9694997668266296,0.8005502223968506,0.859375,0.171875,0.6614857912063599,0.8143601417541504,0.7553648352622986
17430,0.6176615953445435,1.0111448764801025,0.026705292984843254,1.037448763847351,0.05198575183749199,0.9600532054901123,28.307180404663086,1251.5097229765086,4.140741532054043e-05,0.846678614616394,0.7633900046348572,0.9829348921775818,0.9741773009300232,0.7542580962181091,0.9721733927726746,0.7993273735046387,0.859375,0.15625,0.6090689301490784,0.7411172986030579,1.214381217956543
17440,0.6171108484268188,0.9069898724555969,0.0372789092361927,1.1391124725341797,0.03946183621883392,0.7968671321868896,28.949054718017578,1251.5044541490654,4.13200739673045e-05,0.8169622421264648,0.6661712527275085,0.9894013404846191,0.9889819622039795,0.8059090375900269,0.9776437878608704,0.8220177292823792,0.90625,0.09375,0.6528269648551941,0.7477092742919922,0.813089907169342
17450,0.6208570599555969,0.9993744492530823,0.007978460751473904,0.9542823433876038,0.04600134119391441,1.097015142440796,28.59637451171875,1251.499137487022,4.123305363226137e-05,0.8418217301368713,0.736548900604248,0.9875451326370239,0.9841998815536499,0.7733599543571472,0.9752838015556335,0.8081430792808533,0.828125,0.171875,0.647601842880249,0.7378495931625366,1.2609387636184692
17460,0.6547909379005432,0.9630985856056213,0.02337566949427128,1.1636409759521484,0.047965988516807556,0.7797282338142395,28.48092269897461,1251.4937908399745,4.114635454127728e-05,0.8578417301177979,0.6768360137939453,0.9838316440582275,0.9826459884643555,0.7564585208892822,0.9739842414855957,0.8235294222831726,0.875,0.125,0.6781682372093201,0.7207807898521423,1.3800698518753052
17470,0.6593558192253113,0.9982451796531677,0.03269381821155548,1.2101483345031738,0.04742637649178505,1.002621054649353,28.612438201904297,1251.4882601205588,4.105997691938454e-05,0.8695012331008911,0.7004846930503845,0.9858976006507874,0.981940507888794,0.7636795043945312,0.9732657670974731,0.827078104019165,0.875,0.140625,0.6909770965576172,0.7654073238372803,0.8747009634971619
17480,0.6204047203063965,1.0380957126617432,0.029819168150424957,1.0399655103683472,0.055934756994247437,0.8679431676864624,28.335399627685547,1251.4827695708718,4.0973920990781125e-05,0.8791933059692383,0.8626285791397095,0.9802695512771606,0.9605682492256165,0.7046962976455688,0.9785456657409668,0.8396598696708679,0.921875,0.09375,0.6219716668128967,0.6896575689315796,1.8029946088790894
17490,0.6659808158874512,1.1388663053512573,0.023211011663079262,0.9691436886787415,0.05449401214718819,0.9871392250061035,28.64761734008789,1251.4773073717672,4.0888186978830055e-05,0.9189149737358093,0.8431138396263123,0.9795323610305786,0.9524983763694763,0.7038989663124084,0.9802008271217346,0.8567054271697998,0.890625,0.109375,0.611800491809845,0.6836276054382324,1.6441329717636108
17500,0.6358665227890015,1.0429190397262573,0.013505235314369202,0.9492044448852539,0.07018408179283142,0.9043194651603699,28.156457901000977,1251.4719693697793,4.080277510605873e-05,0.8899890184402466,0.8470749855041504,0.9848244786262512,0.980778157711029,0.7476028800010681,0.9715046286582947,0.8019658923149109,0.84375,0.1875,0.5953757166862488,0.678665280342102,1.4931827783584595
17510,0.5835950374603271,0.968936562538147,0.02308082766830921,0.9172157049179077,0.041366200894117355,0.7623423337936401,28.197723388671875,1251.4668927207538,4.071768559415848e-05,0.8093613386154175,0.7525544166564941,0.9856725931167603,0.9788651466369629,0.7330237627029419,0.9790422916412354,0.8383898735046387,0.875,0.171875,0.5971514582633972,0.7569742798805237,1.202636957168579
17520,0.6719194650650024,1.055799961090088,0.020048517733812332,1.201033115386963,0.045617301017045975,1.1402528285980225,28.944961547851562,1251.4616076639797,4.0632918663983955e-05,0.9241344928741455,0.8407168388366699,0.9826248288154602,0.9735022783279419,0.7329367995262146,0.9717803597450256,0.7963552474975586,0.796875,0.3125,0.6712028384208679,0.7319310307502747,1.1208316087722778
17530,0.5964211225509644,0.8859369158744812,0.015339166857302189,1.0028982162475586,0.053325802087783813,0.9357718825340271,29.477886199951172,1251.4564143095652,4.054847453555244e-05,0.8058449029922485,0.6980792284011841,0.988719642162323,0.9871019124984741,0.8176260590553284,0.9710432887077332,0.7969902753829956,0.890625,0.15625,0.6443564295768738,0.7681022882461548,1.1169768571853638
17540,0.6810716390609741,1.082476019859314,0.013560785911977291,0.9928796291351318,0.056349385529756546,0.8484195470809937,28.166419982910156,1251.4511539972527,4.046435342804339e-05,0.9407225847244263,0.865503191947937,0.9852121472358704,0.9835004806518555,0.7524470686912537,0.9719698429107666,0.8063075542449951,0.859375,0.171875,0.6005029082298279,0.6506795883178711,2.3782308101654053
17550,0.6585232615470886,1.0310693979263306,0.047302138060331345,1.051531195640564,0.06212649121880531,0.7817032933235168,28.110239028930664,1251.4458786467478,4.038055555979791e-05,0.9130507707595825,0.8484248518943787,0.9872301816940308,0.9796531796455383,0.7234639525413513,0.9780139923095703,0.8319379687309265,0.890625,0.140625,0.5864614248275757,0.6705560684204102,1.4175611734390259
17560,0.6179624795913696,1.060235619544983,0.006202239543199539,1.031571626663208,0.041793327778577805,1.1965528726577759,28.453800201416016,1251.440547630398,4.029708114831802e-05,0.835681676864624,0.7257305383682251,0.9850277900695801,0.9772302508354187,0.731073260307312,0.9755197763442993,0.8223880529403687,0.8125,0.21875,0.6987573504447937,0.7633805871009827,1.08259916305542
17570,0.5541481375694275,0.9022956490516663,0.011469908058643341,0.9556422829627991,0.048216838389635086,0.6966607570648193,28.374481201171875,1251.4351021689542,4.021393041026632e-05,0.7831103801727295,0.7632074356079102,0.9817820191383362,0.9702801704406738,0.7508311867713928,0.9777557849884033,0.8239865303039551,0.828125,0.171875,0.6649311184883118,0.7257227301597595,0.8425135612487793
17580,0.6362359523773193,0.9648057222366333,0.027300067245960236,1.2197229862213135,0.058947302401065826,0.8838189244270325,28.709156036376953,1251.429698850889,4.013110356146515e-05,0.8833850622177124,0.8238303661346436,0.9824853539466858,0.9765716195106506,0.760087251663208,0.9742695093154907,0.7920634746551514,0.859375,0.171875,0.6212590932846069,0.6775229573249817,1.354251503944397
17590,0.6356752514839172,1.1044888496398926,0.007799662183970213,0.8787157535552979,0.0601511113345623,0.8309450745582581,28.539758682250977,1251.4242212803836,4.004860081689626e-05,0.8982131481170654,0.8751264214515686,0.9838468432426453,0.977996826171875,0.7393767833709717,0.9755462408065796,0.8205969929695129,0.90625,0.125,0.5654570460319519,0.6637952327728271,1.775087833404541
17600,0.6866547465324402,1.0022836923599243,0.011085924692451954,1.3794561624526978,0.049241118133068085,1.1213428974151611,29.049055099487305,1251.418942635873,3.996642239070019e-05,0.8843918442726135,0.6591236591339111,0.9868466854095459,0.9835179448127747,0.79282146692276,0.976997971534729,0.8253086805343628,0.875,0.15625,0.6496834754943848,0.7902189493179321,0.7352697253227234
17610,0.6028986573219299,0.939697265625,0.009793221950531006,1.0269348621368408,0.04445693641901016,1.0042104721069336,28.28078269958496,1251.4138095891478,3.988456849617561e-05,0.8459975123405457,0.8103294968605042,0.9868746399879456,0.9820263385772705,0.7474472522735596,0.9690558314323425,0.7861547470092773,0.875,0.140625,0.5717733502388,0.6978102922439575,0.7835668325424194
17620,0.62137371301651,1.0680567026138306,0.011583772487938404,0.7584888339042664,0.04138790816068649,0.7862796187400818,29.087007522583008,1251.4085565728064,3.980303934577893e-05,0.8043056726455688,0.6097731590270996,0.9860571622848511,0.9836752414703369,0.7831701636314392,0.9751522541046143,0.8113440275192261,0.90625,0.09375,0.7457154393196106,0.8089700937271118,1.8276578187942505
17630,0.6560829877853394,1.1176722049713135,0.010938065126538277,1.0617060661315918,0.054550301283597946,0.7996319532394409,28.675395965576172,1251.4031478633842,3.972183515112364e-05,0.8966654539108276,0.801941454410553,0.9880721569061279,0.9851416349411011,0.7280458211898804,0.9735572934150696,0.8239184617996216,0.875,0.140625,0.6095558404922485,0.6687793135643005,1.3042147159576416
17640,0.6884157657623291,1.0387802124023438,0.005645087920129299,1.216740369796753,0.05524483695626259,0.8316349387168884,28.81607437133789,1251.398145752379,3.9640956122979794e-05,0.9209250807762146,0.7750310301780701,0.9870148301124573,0.9872012138366699,0.7884371280670166,0.9733926653862,0.8097214102745056,0.828125,0.203125,0.6432715058326721,0.7168710827827454,0.982944905757904
17650,0.69013512134552,0.9469122290611267,0.014277617447078228,1.3125267028808594,0.06635568290948868,0.809781014919281,28.772815704345703,1251.393049654956,3.956040247127342e-05,0.9225736856460571,0.7747951745986938,0.9874528646469116,0.986538290977478,0.784156084060669,0.967882513999939,0.7637492418289185,0.921875,0.125,0.6719637513160706,0.7260775566101074,1.6952852010726929
17660,0.647872269153595,0.9498427510261536,0.006689000874757767,1.2933732271194458,0.04100698232650757,1.3550004959106445,28.476211547851562,1251.3876873905747,3.948017440508607e-05,0.8588259220123291,0.703178882598877,0.9866736531257629,0.9841483235359192,0.7495144605636597,0.9720074534416199,0.802769124507904,0.84375,0.15625,0.705561637878418,0.7449526190757751,1.0142412185668945
17670,0.6205020546913147,1.043713092803955,0.004958238918334246,0.887100338935852,0.051845841109752655,0.7255548238754272,28.339672088623047,1251.3825106846616,3.940027213265416e-05,0.8647540807723999,0.8141732811927795,0.9837462902069092,0.982179582118988,0.783911406993866,0.9739894866943359,0.8035604357719421,0.78125,0.234375,0.5807169675827026,0.6819697618484497,1.4461383819580078
17680,0.560443639755249,1.002632737159729,0.01145226415246725,0.6883295774459839,0.049378376454114914,0.7231878042221069,28.197860717773438,1251.377062978167,3.932069586136859e-05,0.7595351934432983,0.6636384725570679,0.9846110939979553,0.9859224557876587,0.7971451878547668,0.9739670157432556,0.8068215250968933,0.90625,0.109375,0.6527364253997803,0.7718104124069214,0.8647752404212952
17690,0.6553904414176941,0.9407495260238647,0.0682014599442482,1.106173038482666,0.04838626831769943,0.9996371865272522,28.895856857299805,1251.3715698535877,3.9241445797774e-05,0.8792708516120911,0.7462679743766785,0.9898692965507507,0.9871283173561096,0.7866758108139038,0.9789319634437561,0.8212900757789612,0.828125,0.203125,0.6337598562240601,0.6575677990913391,1.5495047569274902
17700,0.7235333323478699,1.0953677892684937,0.012816005386412144,1.2918970584869385,0.04945775493979454,1.1682517528533936,28.28905487060547,1251.3661421266434,3.916252214756836e-05,0.9641189575195312,0.8019520044326782,0.9837217926979065,0.9789554476737976,0.7690585255622864,0.9688848853111267,0.7959704995155334,0.828125,0.171875,0.6362737417221069,0.7400639057159424,1.4202476739883423
17710,0.6807836890220642,1.0725294351577759,0.014670368283987045,1.1732603311538696,0.05980583280324936,0.882895290851593,28.23888397216797,1251.360615173441,3.9083925115602476e-05,0.9253531694412231,0.8152315616607666,0.9822421073913574,0.9778516888618469,0.7412275671958923,0.971085786819458,0.7996490597724915,0.859375,0.1875,0.643892228603363,0.7007080316543579,1.441561222076416
17720,0.5698602199554443,0.9993785619735718,0.0036379899829626083,0.9167526960372925,0.04307369515299797,0.6928548216819763,28.5209903717041,1251.355539620368,3.900565490587931e-05,0.7967679500579834,0.7563589811325073,0.9843766689300537,0.9739490151405334,0.7117815613746643,0.9744759798049927,0.8192839026451111,0.9375,0.0625,0.6409110426902771,0.6950461268424988,0.796369731426239
17730,0.6811859607696533,1.024710774421692,0.014555064961314201,1.1691633462905884,0.06344697624444962,0.921830415725708,28.32159996032715,1251.3502101974584,3.892771172155363e-05,0.9376468658447266,0.8548697233200073,0.9793283343315125,0.972576379776001,0.7323457598686218,0.9631757736206055,0.7849935293197632,0.875,0.140625,0.5578626990318298,0.691347062587738,1.1559321880340576
17740,0.5268558263778687,1.0290086269378662,0.006115741096436977,0.4616349935531616,0.05529150366783142,0.7873839735984802,28.448637008666992,1251.3449974060068,3.885009576493135e-05,0.7821518182754517,0.8509864807128906,0.9844500422477722,0.9704682230949402,0.7054842114448547,0.9827031493186951,0.856762170791626,0.828125,0.171875,0.5822362303733826,0.7250308394432068,1.1663926839828491
17750,0.5239024758338928,0.9190106987953186,0.012260663323104382,0.7150778770446777,0.039817310869693756,0.7234659790992737,28.981327056884766,1251.3396581190461,3.8772807237469016e-05,0.6991233229637146,0.5840694904327393,0.9835744500160217,0.9780209064483643,0.7433401942253113,0.9754515886306763,0.8314964771270752,0.875,0.125,0.7418048977851868,0.8139340281486511,0.6296464204788208
17760,0.6593326926231384,1.024185061454773,0.011579406447708607,1.1967990398406982,0.0497453473508358,0.703302264213562,27.867813110351562,1251.335029026223,3.869584633977333e-05,0.9441306591033936,0.9493263959884644,0.9835711121559143,0.9750104546546936,0.7228901982307434,0.9782246947288513,0.8345454335212708,0.921875,0.078125,0.4569045305252075,0.6425297260284424,2.568556070327759
17770,0.6059085726737976,1.1015065908432007,0.03377395495772362,0.6291967034339905,0.05722103640437126,1.0029501914978027,28.536178588867188,1251.3307356546773,3.8619213271600674e-05,0.8430866599082947,0.7905936241149902,0.9826292395591736,0.9782019257545471,0.7412837147712708,0.9738976955413818,0.80913245677948,0.84375,0.234375,0.6219825744628906,0.7562395930290222,1.0266222953796387
17780,0.6875827312469482,1.2514450550079346,0.029369408264756203,0.9338876605033875,0.05880763754248619,1.1857374906539917,27.87249755859375,1251.3261598329284,3.854290823185643e-05,0.9249830842018127,0.7913345098495483,0.9812089800834656,0.9652212858200073,0.6843864917755127,0.9764499664306641,0.8372554183006287,0.78125,0.28125,0.6889922618865967,0.7772560119628906,0.5766602754592896
17790,0.6108410954475403,0.9500747323036194,0.0189533531665802,1.0370346307754517,0.04873482510447502,0.9047812223434448,28.30673599243164,1251.3218042396486,3.846693141859465e-05,0.8340053558349609,0.7438807487487793,0.9865354895591736,0.984785258769989,0.8038461208343506,0.9726089239120483,0.8007640242576599,0.859375,0.15625,0.6474705338478088,0.6959487199783325,2.112313747406006
17800,0.634788990020752,0.8547238111495972,0.012885292991995811,1.3506929874420166,0.052570827305316925,0.8207070231437683,28.40050506591797,1251.3174061444981,3.839128302901742e-05,0.8475185632705688,0.7090984582901001,0.9850881695747375,0.9849950075149536,0.7874058485031128,0.9710791110992432,0.7874452471733093,0.796875,0.328125,0.6711872816085815,0.7540680766105652,1.330708384513855
17810,0.6802043318748474,0.9847634434700012,0.033929888159036636,1.2398695945739746,0.049992404878139496,0.8503660559654236,28.022907257080078,1251.3128570374545,3.831596325947432e-05,0.9169041514396667,0.7889994382858276,0.9874346852302551,0.9847130179405212,0.7909929156303406,0.9723691344261169,0.8056979775428772,0.875,0.140625,0.5947932004928589,0.6617404818534851,1.8080546855926514
17820,0.6892351508140564,1.029606580734253,0.015564404428005219,1.3273824453353882,0.05844499170780182,0.9262489676475525,28.318496704101562,1251.3081659457746,3.824097230546212e-05,0.9394996166229248,0.8342149257659912,0.9866771101951599,0.9837517142295837,0.7814731001853943,0.9623676538467407,0.7702738046646118,0.796875,0.265625,0.6110212206840515,0.6702184081077576,1.5162323713302612
17830,0.6471412777900696,0.9813898205757141,0.02097986452281475,1.1043758392333984,0.052390407770872116,0.9107452630996704,28.247486114501953,1251.303764508868,3.816631036162401e-05,0.9115765690803528,0.881450891494751,0.9804470539093018,0.967329740524292,0.7308743000030518,0.9749764800071716,0.8237189054489136,0.890625,0.109375,0.5329959392547607,0.6270896792411804,1.538861632347107
17840,0.6425682902336121,1.0779119729995728,0.007154053542762995,1.0312553644180298,0.06469693779945374,0.8195409774780273,28.116151809692383,1251.2991564507756,3.8091977621749245e-05,0.8952398300170898,0.8422383666038513,0.985609233379364,0.9801663756370544,0.6989598274230957,0.9734706878662109,0.8168635964393616,0.921875,0.078125,0.5797848105430603,0.6634445786476135,1.7600367069244385
17850,0.6479240655899048,1.037827491760254,0.009594039991497993,1.134875774383545,0.051253851503133774,1.028660774230957,29.39512062072754,1251.294637038861,3.801797427877269e-05,0.8760542869567871,0.7604341506958008,0.9820278882980347,0.9715273380279541,0.705202043056488,0.9708390235900879,0.8021360039710999,0.875,0.125,0.6655364036560059,0.6934764981269836,1.1424360275268555
17860,0.6206843852996826,1.0422409772872925,0.011894945986568928,0.8730459213256836,0.05005156248807907,0.8461383581161499,28.636476516723633,1251.2899791307254,3.794430052477411e-05,0.8350400328636169,0.7145187854766846,0.9817196726799011,0.9732704758644104,0.7389816641807556,0.9699904322624207,0.8090315461158752,0.890625,0.109375,0.6604747176170349,0.7221024036407471,1.1968823671340942
17870,0.7120023369789124,1.0948165655136108,0.01961533911526203,1.2653013467788696,0.05321316048502922,0.8262094855308533,27.897401809692383,1251.28544635009,3.787095655097788e-05,0.9590139985084534,0.8233721256256104,0.9849913120269775,0.9758628606796265,0.7141624093055725,0.9731158018112183,0.821379542350769,0.875,0.171875,0.6185747981071472,0.6865860819816589,1.9355201721191406
17880,0.6148344278335571,0.9597231149673462,0.016046827659010887,0.9771252274513245,0.05550228804349899,1.271794080734253,28.493654251098633,1251.2809501998017,3.779794254775245e-05,0.8311349749565125,0.7210018634796143,0.9840118885040283,0.9760648012161255,0.7307484745979309,0.9776039719581604,0.8253467679023743,0.859375,0.140625,0.6351500153541565,0.7848602533340454,1.2164145708084106
17890,0.6261950135231018,1.0625382661819458,0.007174109574407339,0.8674476742744446,0.041403960436582565,0.9998416304588318,29.267751693725586,1251.276460560233,3.7725258704609705e-05,0.8626347184181213,0.7881322503089905,0.986083447933197,0.9811769723892212,0.7407787442207336,0.9750549793243408,0.8338658213615417,0.84375,0.171875,0.5997292995452881,0.7132889032363892,0.8540278673171997
17900,0.597648024559021,0.9608902931213379,0.007749813608825207,0.9754725098609924,0.04349351301789284,0.8885138630867004,28.417171478271484,1251.272029879129,3.765290521020467e-05,0.8293455243110657,0.7723249793052673,0.985264003276825,0.9801523685455322,0.7388560175895691,0.9737676978111267,0.8236588835716248,0.953125,0.046875,0.5608732104301453,0.7402510046958923,0.8379874229431152
17910,0.6028454303741455,0.9936836957931519,0.008641129359602928,0.956458568572998,0.05840454250574112,1.2437562942504883,28.643056869506836,1251.2675035636055,3.7580882252334925e-05,0.7932038903236389,0.6345282196998596,0.9884056448936462,0.9867393374443054,0.8017303347587585,0.9750961065292358,0.8096392750740051,0.859375,0.15625,0.7779579758644104,0.757195770740509,1.12857186794281
17920,0.6025429368019104,0.9102029204368591,0.005320077762007713,1.051517367362976,0.05331030115485191,0.8422204256057739,28.620607376098633,1251.2629711395157,3.7509190017940066e-05,0.8190277218818665,0.7216159105300903,0.9886612296104431,0.9863401651382446,0.7663233280181885,0.9731389284133911,0.7956226468086243,0.90625,0.125,0.659191370010376,0.7246572971343994,1.0064202547073364
17930,0.6877914667129517,1.0618646144866943,0.012726507149636745,1.1643773317337036,0.0502813383936882,0.8408567905426025,28.288368225097656,1251.2585787750663,3.743782869310131e-05,0.9423438906669617,0.8485080003738403,0.9875254034996033,0.9844192862510681,0.745216429233551,0.9734634160995483,0.8005319237709045,0.90625,0.09375,0.5895532965660095,0.6535906791687012,1.2001608610153198
17940,0.6781641840934753,0.9695998430252075,0.008661601692438126,1.284348726272583,0.04942624643445015,1.044893503189087,28.774206161499023,1251.2541449191615,3.7366798463041014e-05,0.894473671913147,0.7210314869880676,0.98773592710495,0.988609254360199,0.7956518530845642,0.9666407704353333,0.7883410453796387,0.859375,0.171875,0.6183757781982422,0.7301290035247803,1.7087593078613281
17950,0.5933012366294861,0.8955674171447754,0.018150614574551582,0.9252093434333801,0.04683254659175873,0.8618120551109314,28.638635635375977,1251.2496680894808,3.72960995121221e-05,0.8230955004692078,0.7659808397293091,0.9896149635314941,0.9884083271026611,0.7678495645523071,0.9773823022842407,0.8176320195198059,0.828125,0.1875,0.6493674516677856,0.6490980386734009,1.2737194299697876
17960,0.5801615715026855,0.9361068606376648,0.0076837316155433655,1.033353567123413,0.04404598847031593,0.8243012428283691,28.511919021606445,1251.2454467931032,3.7225732023847677e-05,0.7613990306854248,0.604124903678894,0.9840853214263916,0.9820858240127563,0.7794786691665649,0.9747679233551025,0.8247392773628235,0.84375,0.1875,0.7231351733207703,0.8105325698852539,0.588085412979126
17970,0.6401403546333313,1.0534933805465698,0.006123533472418785,1.1343055963516235,0.057514552026987076,0.7713766098022461,28.681625366210938,1251.2410861136561,3.715569618086053e-05,0.8606020212173462,0.7348721027374268,0.9847219586372375,0.9745251536369324,0.7348541021347046,0.9739218354225159,0.8092799186706543,0.828125,0.171875,0.6866835355758667,0.743523895740509,1.1640392541885376
17980,0.6872372627258301,1.1045169830322266,0.004885642323642969,0.9118382334709167,0.05823083221912384,0.8575871586799622,28.50327491760254,1251.2367138496413,3.708599216494258e-05,0.9269472360610962,0.7990332841873169,0.9872280955314636,0.9859786033630371,0.7487491965293884,0.9740932583808899,0.8148996829986572,0.875,0.15625,0.6717069149017334,0.7029827833175659,1.6796667575836182
17990,0.6488583087921143,1.0341930389404297,0.013346871361136436,1.1087859869003296,0.03940398618578911,0.8394815921783447,29.007850646972656,1251.232114327704,3.701662015701454e-05,0.8174108266830444,0.561841607093811,0.9866582155227661,0.9889034628868103,0.8030315041542053,0.9703636169433594,0.7910321950912476,0.90625,0.09375,0.6977705955505371,0.810306191444397,0.46622994542121887
18000,0.6174795627593994,0.9627764821052551,0.016806265339255333,1.1291531324386597,0.04980463907122612,0.7949244976043701,28.126277923583984,1251.2275987325963,3.694758033713536e-05,0.8499792814254761,0.7749991416931152,0.9855408072471619,0.9790003895759583,0.7225584983825684,0.9659596085548401,0.7947712540626526,0.859375,0.171875,0.6545891761779785,0.7416409254074097,1.0691823959350586
18010,0.6148298978805542,0.9708080887794495,0.021977199241518974,1.0087608098983765,0.03279276564717293,0.8214935064315796,28.573162078857422,1251.2232860046195,3.687887288450174e-05,0.7960212230682373,0.603971004486084,0.9905756115913391,0.9886924624443054,0.805433452129364,0.9753207564353943,0.8201334476470947,0.890625,0.125,0.7056290507316589,0.7991400957107544,0.5465795397758484
18020,0.6126372814178467,0.9357573390007019,0.008021421730518341,1.2338680028915405,0.05480143055319786,0.8031666874885559,27.980648040771484,1251.2191005066402,3.681049797744779e-05,0.802746593952179,0.6336976289749146,0.9855654239654541,0.9814833998680115,0.7709792852401733,0.9789313673973083,0.8311729431152344,0.953125,0.046875,0.7026478052139282,0.7974302768707275,1.133872151374817
18030,0.5762379169464111,0.9397532343864441,0.010607914067804813,0.9572469592094421,0.04709266871213913,0.8690433502197266,28.439746856689453,1251.2146717109358,3.674245579344435e-05,0.804287314414978,0.760164737701416,0.9777524471282959,0.9660480618476868,0.7122116088867188,0.968178391456604,0.8101165294647217,0.84375,0.15625,0.6850516200065613,0.739247739315033,1.080761432647705
18040,0.5750383734703064,0.836021900177002,0.02011747844517231,1.0984224081039429,0.0428675077855587,0.7692198157310486,28.068111419677734,1251.2101997896116,3.667474650909874e-05,0.8032001256942749,0.7605392336845398,0.98249751329422,0.9757369756698608,0.7337571978569031,0.9737349152565002,0.8134159445762634,0.859375,0.140625,0.6706609725952148,0.7050530910491943,1.476277232170105
18050,0.6202537417411804,1.0791664123535156,0.017646031454205513,0.9101383686065674,0.050737444311380386,0.8576614856719971,28.519237518310547,1251.2057386489312,3.660737030015427e-05,0.8542671799659729,0.7800447940826416,0.9815363883972168,0.9725549817085266,0.7096500396728516,0.9728425741195679,0.813676655292511,0.84375,0.171875,0.5807631015777588,0.7179288864135742,0.6512152552604675
18060,0.7055888772010803,1.0439409017562866,0.049488216638565063,1.3224390745162964,0.05118362978100777,1.1465444564819336,28.48570442199707,1251.201103402402,3.654032734148961e-05,0.9339714050292969,0.761275053024292,0.9870225191116333,0.9848018884658813,0.7915648221969604,0.967925488948822,0.7759788036346436,0.734375,0.328125,0.6856535077095032,0.74724280834198,1.13911771774292
18070,0.7073954343795776,1.0118972063064575,0.007282029837369919,1.3358075618743896,0.042642559856176376,0.9315184354782104,28.80552864074707,1251.1965404771752,3.647361780711857e-05,0.9554798603057861,0.8269480466842651,0.9865592122077942,0.9849542379379272,0.757051408290863,0.9670970439910889,0.7925615906715393,0.828125,0.21875,0.597104012966156,0.727563738822937,1.188631534576416
18080,0.599599301815033,0.8923436403274536,0.008468022570014,1.143568754196167,0.04547891020774841,0.6975979208946228,28.35977554321289,1251.192270637574,3.640724187018946e-05,0.8373481631278992,0.7924961447715759,0.9855393171310425,0.983192503452301,0.7411067485809326,0.9758715629577637,0.8100188970565796,0.84375,0.1875,0.5996601581573486,0.7230928540229797,1.158474326133728
18090,0.6704919338226318,1.1292285919189453,0.012206313200294971,0.9918373823165894,0.061988167464733124,1.137717843055725,28.321077346801758,1251.187853199452,3.634119970298474e-05,0.9284439086914062,0.8598397970199585,0.9885912537574768,0.9882588386535645,0.7642694711685181,0.9688977003097534,0.7873792052268982,0.8125,0.25,0.6304348111152649,0.6399425268173218,1.7190990447998047
18100,0.5778239369392395,1.1241475343704224,0.014284658245742321,0.5265102386474609,0.049072396010160446,1.1263313293457031,28.45838737487793,1251.1834331704597,3.6275491476920604e-05,0.7760823965072632,0.660861611366272,0.9892373085021973,0.981208324432373,0.7633479833602905,0.9799240827560425,0.8351099491119385,0.84375,0.1875,0.7091124653816223,0.8248230218887329,0.5963952541351318
18110,0.7253312468528748,1.1094253063201904,0.01570899225771427,1.349165916442871,0.06704848259687424,0.9972409009933472,28.27685546875,1251.1789378061862,3.6210117362546406e-05,0.9749715328216553,0.8321342468261719,0.9877128005027771,0.9813657999038696,0.7581830024719238,0.9774657487869263,0.8157543540000916,0.890625,0.109375,0.6147791147232056,0.6416096091270447,1.6733561754226685
18120,0.5902910232543945,0.9633957147598267,0.017640473321080208,0.9268773794174194,0.05949220806360245,1.130734920501709,28.08860206604004,1251.174578248149,3.614507752954435e-05,0.8431165218353271,0.8427517414093018,0.9861553907394409,0.9778249263763428,0.7501729726791382,0.9725825786590576,0.8200691938400269,0.828125,0.171875,0.6190301179885864,0.7166637182235718,1.0750480890274048
18130,0.687669038772583,1.0484366416931152,0.012136503122746944,1.205210566520691,0.04411797970533371,1.0239194631576538,28.94241714477539,1251.169958481736,3.6080372146729015e-05,0.8848367929458618,0.6572257876396179,0.9868199229240417,0.983057975769043,0.7662220001220703,0.9759296774864197,0.8089561462402344,0.875,0.140625,0.6551246643066406,0.7724135518074036,0.7078940868377686
18140,0.6876052021980286,1.1070481538772583,0.013581737875938416,1.0844841003417969,0.058106184005737305,0.8475828766822815,28.07936668395996,1251.165579798952,3.601600138204676e-05,0.9309214353561401,0.8110541105270386,0.9843423962593079,0.9726799726486206,0.724933922290802,0.9771837592124939,0.8414633870124817,0.859375,0.15625,0.6639644503593445,0.6441442966461182,1.2788376808166504
18150,0.669942319393158,1.0057927370071411,0.03360502049326897,1.1980334520339966,0.052774012088775635,0.925765335559845,28.945873260498047,1251.1611405909073,3.595196540257558e-05,0.900628924369812,0.768955409526825,0.9840770959854126,0.984308123588562,0.7708672285079956,0.9701986908912659,0.7950705885887146,0.84375,0.171875,0.5942214727401733,0.7348527908325195,0.8790686130523682
18160,0.6690372824668884,1.0711840391159058,0.014019221998751163,1.1590266227722168,0.056862760335206985,0.9171988368034363,28.672332763671875,1251.156537670509,3.5888264374524455e-05,0.9212999939918518,0.8408756256103516,0.9803391098976135,0.9725626111030579,0.7312196493148804,0.9684730768203735,0.781684160232544,0.84375,0.21875,0.6023238897323608,0.6693523526191711,1.6113778352737427
18170,0.6054491400718689,0.9991583228111267,0.0046939002349972725,0.9837049245834351,0.044666413217782974,0.8482038974761963,29.02060890197754,1251.1520582639985,3.5824898463232965e-05,0.8126698136329651,0.6907355189323425,0.9809667468070984,0.9791233539581299,0.7745859026908875,0.9712867140769958,0.8027562499046326,0.859375,0.140625,0.6558735370635986,0.7313328981399536,1.0177316665649414
18180,0.6279610991477966,1.0646226406097412,0.02526796981692314,0.9340416193008423,0.049696024507284164,0.9258202314376831,28.38521385192871,1251.147551097528,3.576186783317092e-05,0.8552479147911072,0.7576227188110352,0.9849454760551453,0.9782478213310242,0.7115829586982727,0.972976803779602,0.8154627680778503,0.90625,0.09375,0.6739389896392822,0.6936197280883789,1.879027247428894
18190,0.6293607354164124,0.952243447303772,0.006789227947592735,1.177803874015808,0.03678474202752113,1.028861165046692,28.400951385498047,1251.1429829526576,3.569917264793783e-05,0.7953321933746338,0.5532382130622864,0.9854665994644165,0.9819819927215576,0.7858067154884338,0.9684818983078003,0.7964342832565308,0.90625,0.109375,0.755948007106781,0.8125576376914978,0.7932709455490112
18200,0.5875487923622131,0.9855228662490845,0.040966372936964035,0.8233664631843567,0.035897623747587204,0.9737876057624817,28.98552703857422,1251.1384382876781,3.563681307026256e-05,0.781906008720398,0.6478572487831116,0.9853955507278442,0.984350860118866,0.7655420303344727,0.9703323245048523,0.7785671949386597,0.890625,0.109375,0.6832212805747986,0.7967991232872009,1.1698291301727295
18210,0.5699031352996826,0.9364634156227112,0.030322322621941566,0.8722866177558899,0.04066133871674538,0.7594321966171265,28.202648162841797,1251.1338391262825,3.557478926200293e-05,0.7657687067985535,0.6528852581977844,0.9859301447868347,0.9815540313720703,0.7411653995513916,0.9694477915763855,0.8158745765686035,0.890625,0.109375,0.6829022765159607,0.7552595138549805,0.6203776597976685
18220,0.6573702692985535,0.9725505113601685,0.011176190339028835,1.2400596141815186,0.049298256635665894,0.9815120697021484,28.82405662536621,1251.1292564891558,3.5513101384145176e-05,0.8737913370132446,0.7214035987854004,0.981530487537384,0.9692232012748718,0.7189710736274719,0.9692044258117676,0.8076822757720947,0.890625,0.109375,0.6899938583374023,0.6957157254219055,0.8679070472717285
18230,0.6554057598114014,0.9987817406654358,0.002487254561856389,1.2918214797973633,0.04348636791110039,0.8094528913497925,28.818456649780273,1251.1246236335512,3.545174959680369e-05,0.8751917481422424,0.7326200008392334,0.9862905144691467,0.9837194681167603,0.7844706773757935,0.9711906909942627,0.7810487747192383,0.890625,0.109375,0.6268009543418884,0.6915955543518066,1.1507823467254639
18240,0.6062065362930298,0.8851140737533569,0.012982793152332306,1.13847017288208,0.05028165131807327,1.0418533086776733,28.393239974975586,1251.1201159841644,3.539073405922048e-05,0.8168947696685791,0.702294111251831,0.9857869744300842,0.9825283288955688,0.7684759497642517,0.9732484221458435,0.805659830570221,0.875,0.125,0.676741898059845,0.7365454435348511,1.2091460227966309
18250,0.6378443837165833,0.9726191163063049,0.016689613461494446,1.2086849212646484,0.04942314326763153,1.0120642185211182,28.644668579101562,1251.1155462647655,3.5330054929764746e-05,0.8391495943069458,0.6710172295570374,0.9882617592811584,0.9846124649047852,0.7992349863052368,0.9768518209457397,0.8143880367279053,0.828125,0.1875,0.6923533082008362,0.7794361114501953,0.7093697786331177
18260,0.6295464634895325,0.9698262214660645,0.018436230719089508,1.0986031293869019,0.04928562045097351,0.8996215462684631,28.863550186157227,1251.1110723974493,3.526971236593262e-05,0.8369884490966797,0.6914733648300171,0.9885093569755554,0.9845449924468994,0.7476335167884827,0.9781816005706787,0.8362246155738831,0.828125,0.1875,0.70943284034729,0.7471771836280823,1.0258833169937134
18270,0.5983707904815674,1.024330496788025,0.0230238139629364,0.9095073342323303,0.05213288590312004,0.8995128273963928,28.80047607421875,1251.106675457774,3.520970652434661e-05,0.7999696731567383,0.6719962358474731,0.9884977340698242,0.9840373992919922,0.7653002142906189,0.973395049571991,0.7964035272598267,0.75,0.3125,0.7131142020225525,0.798080325126648,0.6723238825798035
18280,0.6904242038726807,1.0432649850845337,0.012147731147706509,1.20004403591156,0.051102422177791595,1.0424282550811768,28.872814178466797,1251.1022796784798,3.515003756075525e-05,0.9036428332328796,0.7107287645339966,0.9812378883361816,0.9729459881782532,0.7679913640022278,0.9756182432174683,0.8180437684059143,0.84375,0.171875,0.6926397681236267,0.7471520304679871,1.2406224012374878
18290,0.597764790058136,0.8723303079605103,0.01874551735818386,1.1351566314697266,0.040834058076143265,0.7810987234115601,28.40192222595215,1251.0977776246923,3.5090705630032674e-05,0.7891926169395447,0.6380926966667175,0.9853493571281433,0.9864734411239624,0.7989355325698853,0.9746555685997009,0.8207440376281738,0.890625,0.109375,0.6524567008018494,0.7598064541816711,0.9892733097076416
18300,0.5528578758239746,0.9879140853881836,0.017326796427369118,0.7744032740592957,0.04934844374656677,1.0352680683135986,28.231979370117188,1251.0932203572047,3.5031710886178256e-05,0.8020838499069214,0.8307533264160156,0.9823249578475952,0.9708486199378967,0.7276203632354736,0.9775386452674866,0.833834171295166,0.828125,0.203125,0.5798933506011963,0.6946710348129272,1.7533067464828491
18310,0.595020055770874,0.936434268951416,0.023204365745186806,1.091817855834961,0.03775068745017052,0.8340303301811218,28.162612915039062,1251.0885907965521,3.4973053482316156e-05,0.8099398016929626,0.7163991928100586,0.9839180111885071,0.9799085259437561,0.7710270881652832,0.9717197418212891,0.7927982807159424,0.796875,0.203125,0.6590155363082886,0.7243710160255432,1.1521799564361572
18320,0.6972857713699341,1.0819624662399292,0.01830080896615982,1.1844273805618286,0.0443977490067482,0.8199329972267151,28.6691951751709,1251.084110814985,3.491473357069496e-05,0.9218457341194153,0.7485331892967224,0.9832953214645386,0.9739577770233154,0.7408379912376404,0.9770861268043518,0.8161904215812683,0.84375,0.1875,0.629207193851471,0.7435641288757324,0.949893057346344
18330,0.6232675313949585,0.9450573921203613,0.011663864366710186,1.0350027084350586,0.043948881328105927,0.9105907082557678,28.911422729492188,1251.0795550051814,3.4856751302687245e-05,0.807937741279602,0.6155673861503601,0.9876334071159363,0.9877196550369263,0.7767691612243652,0.969505786895752,0.7940126061439514,0.96875,0.03125,0.6873307824134827,0.7785376906394958,0.971127450466156
18340,0.6681973338127136,1.1501353979110718,0.014887804165482521,0.9713408350944519,0.049658991396427155,0.7475993633270264,28.556787490844727,1251.0752972123112,3.47991068287893e-05,0.9013192653656006,0.7770731449127197,0.9839874505996704,0.9797226190567017,0.7528039216995239,0.9724668264389038,0.8027918338775635,0.90625,0.171875,0.6540281176567078,0.6823418736457825,1.527167558670044
18350,0.6167550683021545,0.9356657862663269,0.006400136277079582,1.113045573234558,0.049092840403318405,0.7051644921302795,28.569984436035156,1251.0708748074237,3.4741800298620564e-05,0.8489075899124146,0.7738417983055115,0.9857834577560425,0.9793824553489685,0.7540390491485596,0.9778077006340027,0.8320778608322144,0.8125,0.21875,0.6113231778144836,0.7053910493850708,0.9284875988960266
18360,0.5999702215194702,0.9006171822547913,0.022478746250271797,1.142482042312622,0.052544280886650085,1.0477169752120972,28.6635684967041,1251.0664456264683,3.468483186092335e-05,0.8128808736801147,0.7097022533416748,0.985232412815094,0.9790018200874329,0.7770692110061646,0.9693435430526733,0.7927007079124451,0.84375,0.171875,0.6489455699920654,0.7287359833717346,1.0752793550491333
18370,0.6755303144454956,1.0535271167755127,0.009075697511434555,1.2432167530059814,0.05302828177809715,0.9587222933769226,28.100887298583984,1251.0617871542709,3.4628201663562424e-05,0.8913004398345947,0.7192336320877075,0.9841885566711426,0.9768571257591248,0.7333858013153076,0.9777668714523315,0.8344506025314331,0.796875,0.21875,0.6908022165298462,0.7236745357513428,0.797459065914154
18380,0.7015913128852844,1.0811152458190918,0.008275259286165237,1.2069838047027588,0.050584178417921066,0.9686893820762634,28.898412704467773,1251.0573479824598,3.457190985352468e-05,0.9222776293754578,0.7356210350990295,0.9804929494857788,0.9744008779525757,0.7306992411613464,0.976490318775177,0.8271751999855042,0.796875,0.203125,0.6611523628234863,0.7077330946922302,0.7475670576095581
18390,0.6228637099266052,1.0156246423721313,0.007025505416095257,1.0417929887771606,0.053158462047576904,1.4744946956634521,28.684263229370117,1251.05278774709,3.4515956576918646e-05,0.8263073563575745,0.6781454086303711,0.9829440116882324,0.9772679209709167,0.7583109140396118,0.9745256304740906,0.8207411766052246,0.859375,0.15625,0.6849765181541443,0.7482615113258362,0.7306845784187317
18400,0.6947401762008667,0.9990549087524414,0.007908792234957218,1.3730075359344482,0.05782162398099899,0.8904995322227478,28.55155372619629,1251.0483260345106,3.446034197897421e-05,0.9091206789016724,0.7146016955375671,0.9829273819923401,0.9829893112182617,0.7838454246520996,0.9708134531974792,0.7960861921310425,0.84375,0.1875,0.7072343230247498,0.7291023135185242,1.1877634525299072
18410,0.6333668231964111,0.966271162033081,0.044372301548719406,1.17741858959198,0.05257171019911766,1.2859619855880737,29.113056182861328,1251.0439663085904,3.4405066204042174e-05,0.8606598377227783,0.7576433420181274,0.9852676391601562,0.9817830324172974,0.7839263081550598,0.9757074117660522,0.8169587254524231,0.875,0.125,0.6218178868293762,0.7154589295387268,1.3647342920303345
18420,0.650020182132721,0.9154739379882812,0.022140104323625565,1.3871320486068726,0.05223246291279793,0.8247268795967102,28.60804557800293,1251.0396981076992,3.435012939559389e-05,0.8635074496269226,0.711624264717102,0.983798086643219,0.9840614199638367,0.7767722010612488,0.9681671261787415,0.7902283668518066,0.90625,0.125,0.6827778220176697,0.7266138792037964,0.994706392288208
18430,0.6399277448654175,0.9248421788215637,0.03704370558261871,1.1236364841461182,0.05052860826253891,0.8256211280822754,28.449308395385742,1251.035193419366,3.4295531696220976e-05,0.8873565196990967,0.8247624635696411,0.9829450249671936,0.9807390570640564,0.7496780157089233,0.9673669934272766,0.7719197273254395,0.953125,0.078125,0.5555198788642883,0.696323573589325,1.2529062032699585
18440,0.6305624842643738,0.889971911907196,0.01579282619059086,1.2895326614379883,0.03937079384922981,0.7852762341499329,28.889917373657227,1251.0308654562848,3.4241273247634805e-05,0.8404156565666199,0.6995105743408203,0.9827786684036255,0.9800994396209717,0.7722870707511902,0.974751889705658,0.8246258497238159,0.84375,0.203125,0.6901893615722656,0.7272153496742249,0.8933618068695068
18450,0.6747744679450989,0.9418054223060608,0.011563868261873722,1.1882976293563843,0.05536265671253204,0.7356667518615723,29.077543258666992,1251.02628689315,3.418735419066622e-05,0.9180671572685242,0.8109755516052246,0.9885009527206421,0.990260899066925,0.8233819603919983,0.970797598361969,0.7786732912063599,0.875,0.140625,0.5097684860229492,0.6434545516967773,1.0544304847717285
18460,0.6350746750831604,0.9666889309883118,0.001781543716788292,1.1457959413528442,0.05714508891105652,1.1073635816574097,28.19785499572754,1251.0218560470332,3.413377466526518e-05,0.8690015077590942,0.7797560691833496,0.9860332608222961,0.9778232574462891,0.7564576864242554,0.9717845320701599,0.7822076082229614,0.796875,0.203125,0.6014818549156189,0.6910719275474548,0.700202465057373
18470,0.6950656175613403,1.1050316095352173,0.029858829453587532,1.1175923347473145,0.04801710695028305,1.1785004138946533,28.43440818786621,1251.0174805389272,3.408053481050033e-05,0.9058833122253418,0.7027257084846497,0.9869775176048279,0.983971118927002,0.7752759456634521,0.9732798337936401,0.8075911998748779,0.796875,0.25,0.6836767792701721,0.7714285850524902,1.556130051612854
18480,0.6088367700576782,1.0119224786758423,0.01225293055176735,0.9327564239501953,0.04630191624164581,0.878337025642395,28.525146484375,1251.0130536502595,3.4027634764558697e-05,0.8352634310722351,0.7547555565834045,0.9836089015007019,0.9769516587257385,0.7481719851493835,0.9738049507141113,0.81292325258255,0.875,0.15625,0.5806705951690674,0.7910348773002625,1.0812817811965942
18490,0.6696788668632507,1.0271624326705933,0.007157084997743368,1.1880561113357544,0.05749212205410004,0.9636068940162659,28.433773040771484,1251.008665013541,3.397507466474537e-05,0.9037972688674927,0.7803946733474731,0.984799325466156,0.9808472990989685,0.7710394263267517,0.9715321063995361,0.8056408762931824,0.78125,0.25,0.6305608153343201,0.7468153834342957,1.405799150466919
18500,0.5906338691711426,0.9754019379615784,0.010172761976718903,0.8504893183708191,0.05326016619801521,0.9765051007270813,27.85348892211914,1251.0041180634466,3.392285464748298e-05,0.8109614253044128,0.7344251871109009,0.9836530089378357,0.9745631217956543,0.7724146842956543,0.9758267402648926,0.8111183047294617,0.84375,0.234375,0.6268397569656372,0.7775440216064453,0.9683436751365662
18510,0.6858152747154236,1.1018767356872559,0.023732347413897514,1.1446648836135864,0.04692445695400238,0.826845645904541,28.07390594482422,1250.999632393313,3.3870974848311544e-05,0.9093919396400452,0.7452555894851685,0.988277792930603,0.9818949103355408,0.7515669465065002,0.9737367630004883,0.8225439786911011,0.875,0.1875,0.686449408531189,0.7145008444786072,1.56161367893219
18520,0.5478336215019226,0.8645358085632324,0.03031047061085701,0.9962126016616821,0.04408751800656319,0.8988245725631714,28.94048500061035,1250.9950692162943,3.381943540188801e-05,0.7487967610359192,0.6698770523071289,0.9803873300552368,0.9763701558113098,0.7762196660041809,0.9743589162826538,0.8021571636199951,0.859375,0.15625,0.6961014270782471,0.7743659019470215,0.894729495048523
18530,0.6106793880462646,0.9765074253082275,0.01662505976855755,0.9995715618133545,0.03946271538734436,0.8345162272453308,28.634050369262695,1250.9906142445939,3.376823644198585e-05,0.8414252400398254,0.7691528797149658,0.9768997430801392,0.9632728695869446,0.7126798629760742,0.9705280661582947,0.8184539675712585,0.90625,0.125,0.6639911532402039,0.730834424495697,0.9351616501808167
18540,0.5885298252105713,1.0347929000854492,0.006704831961542368,0.793915867805481,0.048044946044683456,0.7953604459762573,28.83688735961914,1250.9861084552372,3.3717378101494886e-05,0.8040104508399963,0.7182687520980835,0.9881356954574585,0.9847265481948853,0.7459040284156799,0.9736006259918213,0.810818612575531,0.875,0.125,0.6518664360046387,0.7637322545051575,0.7970458269119263
18550,0.5753707885742188,1.0531693696975708,0.010124067775905132,0.7059918642044067,0.05395215377211571,1.009195327758789,28.371570587158203,1250.9816646114118,3.36668605124208e-05,0.784826397895813,0.6981854438781738,0.9825528860092163,0.9737996459007263,0.7458882331848145,0.9782999753952026,0.8383898735046387,0.890625,0.125,0.6567996740341187,0.762649655342102,0.6213054656982422
18560,0.6348240375518799,1.01067316532135,0.03377457335591316,1.0433597564697266,0.06351715326309204,0.9996148943901062,28.857736587524414,1250.9771693697955,3.3616683805884805e-05,0.8334169387817383,0.6619762182235718,0.9872419238090515,0.984187662601471,0.7795665264129639,0.9721629619598389,0.8067563772201538,0.875,0.1875,0.7212951183319092,0.7640846371650696,0.9458996057510376
18570,0.6184895634651184,1.0133148431777954,0.012157794088125229,0.971795916557312,0.048802390694618225,0.9328858256340027,28.87101173400879,1250.972764665617,3.356684811212336e-05,0.8553203344345093,0.7894359827041626,0.9861816763877869,0.9842796921730042,0.7604517340660095,0.9719681739807129,0.8082717657089233,0.84375,0.234375,0.5825796723365784,0.7598128914833069,1.2143359184265137
18580,0.5876395106315613,0.9543507099151611,0.007942711003124714,1.0054017305374146,0.05274001881480217,0.9171794056892395,28.79312515258789,1250.968275127418,3.351735356048783e-05,0.8201442956924438,0.7750158905982971,0.9842758178710938,0.9786220788955688,0.7436069250106812,0.979197084903717,0.8405969738960266,0.859375,0.171875,0.5845250487327576,0.7058025598526001,0.8667988777160645
18590,0.6622544527053833,0.9630350470542908,0.003887452185153961,1.2564951181411743,0.04701336845755577,1.0881822109222412,28.78943634033203,1250.9640346118579,3.346820027944408e-05,0.8431791663169861,0.6030823588371277,0.9885320067405701,0.9881116151809692,0.81093829870224,0.973208487033844,0.7900705337524414,0.921875,0.125,0.6684061884880066,0.794344425201416,0.6566529870033264
18600,0.6069616675376892,0.98952317237854,0.01701328158378601,0.9887374639511108,0.051046404987573624,0.970310628414154,28.528804779052734,1250.959487921876,3.341938839657225e-05,0.8113792538642883,0.6813919544219971,0.9808196425437927,0.98406982421875,0.7945035696029663,0.9692111611366272,0.8017311096191406,0.859375,0.140625,0.6254055500030518,0.7391073703765869,0.7829602360725403
18610,0.5581796765327454,1.0035006999969482,0.005511024035513401,0.6902956366539001,0.051894042640924454,0.8612341284751892,28.893611907958984,1250.955189762296,3.337091803856626e-05,0.7821862697601318,0.7466886639595032,0.9845944046974182,0.979781985282898,0.7669806480407715,0.9736842513084412,0.8070175051689148,0.890625,0.15625,0.5973536372184753,0.7706518173217773,0.8831997513771057
18620,0.6440564393997192,1.118525743484497,0.010390974581241608,0.9367469549179077,0.06301963329315186,1.0085787773132324,28.415876388549805,1250.9507038495178,3.33227893312337e-05,0.9009034633636475,0.8561568260192871,0.9822911620140076,0.9670397639274597,0.6721863150596619,0.9743998646736145,0.8340059518814087,0.828125,0.328125,0.6937428116798401,0.7426528334617615,0.8183556795120239
18630,0.6467879414558411,1.0405020713806152,0.009810068644583225,0.984089195728302,0.0570925734937191,0.9248077869415283,29.009479522705078,1250.9462666261045,3.3275002399495305e-05,0.9165905714035034,0.8993421792984009,0.9910553693771362,0.9907231330871582,0.8120677471160889,0.9686939716339111,0.7807681560516357,0.78125,0.234375,0.5684424638748169,0.6303713917732239,1.697094202041626
18640,0.5403280258178711,0.9310461282730103,0.030477430671453476,0.7213792204856873,0.03943329676985741,0.6944617033004761,28.341989517211914,1250.9418264086132,3.322755736738475e-05,0.7638601660728455,0.7451071739196777,0.9785101413726807,0.968919575214386,0.7439379096031189,0.9737858176231384,0.8266591429710388,0.96875,0.03125,0.6052546501159668,0.6984489560127258,0.9725926518440247
18650,0.6459858417510986,1.0153762102127075,0.009962883777916431,1.0334032773971558,0.05183993652462959,0.8668450713157654,29.23890495300293,1250.9370597473303,3.318045435804826e-05,0.8973924517631531,0.838021993637085,0.9841030836105347,0.9759525656700134,0.7133628726005554,0.9785364866256714,0.846458911895752,0.90625,0.109375,0.5920257568359375,0.6667017340660095,1.1285014152526855
18660,0.5919950604438782,0.9917657375335693,0.014487851411104202,0.9445269107818604,0.02850191295146942,1.2872999906539917,28.978466033935547,1250.9325547358749,3.3133693493744373e-05,0.7677097320556641,0.585715651512146,0.9854611158370972,0.9807692766189575,0.7561926245689392,0.9692044258117676,0.7809135317802429,0.859375,0.15625,0.688197672367096,0.8504963517189026,0.22790828347206116
18670,0.6159306764602661,0.9790701866149902,0.006460585165768862,1.1043938398361206,0.04213676601648331,0.8337863683700562,28.497297286987305,1250.9281158594672,3.308727489584353e-05,0.8418753147125244,0.7531487941741943,0.982304036617279,0.9684714078903198,0.6923917531967163,0.9717081189155579,0.8093699216842651,0.890625,0.125,0.6138049960136414,0.7368645071983337,0.46844643354415894
18680,0.5410281419754028,0.8887367844581604,0.028780139982700348,0.8281869888305664,0.03398136422038078,0.9831361770629883,28.77935218811035,1250.9235836190292,3.3041198684827784e-05,0.7314282059669495,0.6346668601036072,0.9804401993751526,0.9705047011375427,0.7635394930839539,0.9726983904838562,0.8124271035194397,0.921875,0.078125,0.658087432384491,0.7995671033859253,0.35911041498184204
18690,0.489676296710968,0.8800867795944214,0.008130621165037155,0.6374192833900452,0.0470932200551033,1.085443377494812,28.67095375061035,1250.9192343558063,3.299546498029057e-05,0.6848645210266113,0.6506274938583374,0.9828397035598755,0.9786852598190308,0.7578475475311279,0.9753151535987854,0.8261367082595825,0.890625,0.109375,0.6473997831344604,0.8211485147476196,0.8992997407913208
18700,0.6302302479743958,0.9805598855018616,0.01704522967338562,1.029801368713379,0.048402898013591766,1.0722672939300537,28.992719650268555,1250.914699313577,3.2950073900936234e-05,0.8441594839096069,0.7130975127220154,0.9872722625732422,0.9810226559638977,0.7741047143936157,0.972519040107727,0.8039926886558533,0.875,0.15625,0.6483649015426636,0.7527064085006714,1.183483600616455
18710,0.5872913599014282,0.9461442232131958,0.015534657053649426,0.9847262501716614,0.049239177256822586,0.7770528793334961,29.026506423950195,1250.9102939110965,3.290502556457992e-05,0.8246424794197083,0.7911704182624817,0.9845408797264099,0.9823035597801208,0.7584682703018188,0.9762241244316101,0.8188066482543945,0.84375,0.15625,0.6146160364151001,0.7023706436157227,1.0736395120620728
18720,0.5988702774047852,0.9578381180763245,0.01643965020775795,1.136145830154419,0.04928145930171013,0.9087467193603516,28.7354679107666,1250.9056320798566,3.286032008814708e-05,0.8006245493888855,0.6725141406059265,0.9887353181838989,0.9867345094680786,0.7739365100860596,0.9738908410072327,0.8161527514457703,0.90625,0.09375,0.6556139588356018,0.7385947108268738,0.8337812423706055
18730,0.5963404774665833,0.9504508376121521,0.006184072233736515,0.9942904114723206,0.06418855488300323,0.7193096280097961,29.03406524658203,1250.9011080340981,3.28159575876733e-05,0.8299487233161926,0.7786941528320312,0.9819296598434448,0.9750127196311951,0.7460038661956787,0.9737813472747803,0.8172286748886108,0.921875,0.109375,0.5856537818908691,0.7015077471733093,0.889009952545166
18740,0.7103440165519714,1.0324116945266724,0.014654097147285938,1.2885013818740845,0.06682835519313812,1.1019055843353271,28.7076473236084,1250.8965727438638,3.2771938178303947e-05,0.938465416431427,0.760404646396637,0.9835990071296692,0.9840534925460815,0.7549691796302795,0.962995707988739,0.7592992186546326,0.859375,0.203125,0.7172192335128784,0.6759030222892761,1.8100303411483765
18750,0.5446805953979492,0.8704084157943726,0.0017304024659097195,1.0339735746383667,0.04391392320394516,0.6740230321884155,28.413799285888672,1250.8926987590203,3.2728261974293864e-05,0.7505674362182617,0.6862895488739014,0.9837392568588257,0.9768125414848328,0.7694275379180908,0.9738103151321411,0.8140350580215454,0.890625,0.109375,0.682465136051178,0.7661107182502747,1.0396517515182495
18760,0.6390427350997925,1.0882865190505981,0.015543515793979168,0.9062337875366211,0.06132659688591957,1.077857494354248,29.10050392150879,1250.8889888919578,3.268492908900708e-05,0.8917779326438904,0.8424506187438965,0.9878965616226196,0.9837359189987183,0.7340120673179626,0.9724616408348083,0.8089526295661926,0.734375,0.328125,0.6064175963401794,0.716344952583313,1.2521028518676758
18770,0.6077294945716858,0.9522191286087036,0.013047977350652218,1.065867304801941,0.0420135073363781,0.7586421966552734,28.41745376586914,1250.8849719413697,3.264193963491657e-05,0.8183555603027344,0.7020869255065918,0.9833345413208008,0.9747308492660522,0.7263846397399902,0.9751458764076233,0.8267077803611755,0.9375,0.078125,0.6473079323768616,0.7507558465003967,0.8506644368171692
18780,0.5701496601104736,0.9485946893692017,0.012390999123454094,0.8624117374420166,0.04691417142748833,0.8174816370010376,29.119386672973633,1250.881152204732,3.259929372360383e-05,0.7942484617233276,0.7469959855079651,0.9828207492828369,0.9774460792541504,0.7568735480308533,0.9758073091506958,0.8308866620063782,0.9375,0.0625,0.590630054473877,0.7332518696784973,1.06678307056427
18790,0.558775007724762,0.8662084937095642,0.012208933010697365,1.0054703950881958,0.04329082742333412,0.9476123452186584,28.848440170288086,1250.8773477950506,3.255699146575875e-05,0.7470348477363586,0.6275327801704407,0.9849808216094971,0.9846980571746826,0.8114438652992249,0.9706210494041443,0.7789661288261414,0.875,0.140625,0.6933830380439758,0.770892858505249,0.9377221465110779
18800,0.6295155882835388,0.983803927898407,0.01269646268337965,1.015284776687622,0.05185190960764885,0.9063429832458496,29.200944900512695,1250.8733663111282,3.251503297117918e-05,0.877479076385498,0.8265448212623596,0.9782485961914062,0.9761747717857361,0.7445996999740601,0.9714407324790955,0.8121097087860107,0.859375,0.15625,0.5562168955802917,0.6707550287246704,1.6831259727478027
18810,0.6021015048027039,1.0207860469818115,0.013726207427680492,0.9423679709434509,0.04571446403861046,0.9297451376914978,29.01802635192871,1250.8696930984534,3.247341834877079e-05,0.8240484595298767,0.7398231029510498,0.9885861873626709,0.9878430962562561,0.8039330244064331,0.972848117351532,0.7945164442062378,0.859375,0.171875,0.6068880558013916,0.7265372276306152,0.8136175274848938
18820,0.6693165302276611,1.034462809562683,0.030878404155373573,1.228905439376831,0.053323496133089066,0.8228073716163635,28.28672981262207,1250.8657361869239,3.2432147706546644e-05,0.9175537824630737,0.8274574279785156,0.9844501614570618,0.9807846546173096,0.7512483596801758,0.9720656871795654,0.7928549647331238,0.8125,0.234375,0.5861060619354248,0.7083072662353516,1.098657250404358
18830,0.5424834489822388,0.9241148233413696,0.010540432296693325,0.8053082227706909,0.055985499173402786,1.1917996406555176,28.644880294799805,1250.8620538574494,3.2391221151627036e-05,0.7446461915969849,0.6738756895065308,0.9855682253837585,0.9834843873977661,0.7709963917732239,0.9807425141334534,0.8517063856124878,0.9375,0.109375,0.6292813420295715,0.7731436491012573,0.7706106305122375
18840,0.6125146746635437,0.9673680663108826,0.005958593916147947,1.1262521743774414,0.04770984500646591,0.8270375728607178,28.397716522216797,1250.8581506476787,3.2350638790239096e-05,0.8231632709503174,0.702161967754364,0.9861800670623779,0.9835756421089172,0.745006799697876,0.9746561646461487,0.8109773993492126,0.9375,0.078125,0.6976286172866821,0.7564406991004944,0.922013521194458
18850,0.5876772403717041,0.8809260129928589,0.010766702704131603,1.0528563261032104,0.04257611557841301,1.062574028968811,28.688777923583984,1250.8542309033023,3.231040072771666e-05,0.8075809478759766,0.733012318611145,0.9822156429290771,0.9772072434425354,0.7626656293869019,0.9720858335494995,0.8099688291549683,0.90625,0.09375,0.6104283928871155,0.7560316920280457,0.7217702269554138
18860,0.5518214106559753,0.836091160774231,0.009739200584590435,1.0091606378555298,0.04629039764404297,0.9933053851127625,28.59984016418457,1250.8503318027313,3.2270507068499854e-05,0.754387617111206,0.6752206683158875,0.9834369421005249,0.9818165898323059,0.7778946161270142,0.9711665511131287,0.7940828204154968,0.875,0.171875,0.6904802918434143,0.7244613170623779,0.9422285556793213
18870,0.5880917906761169,0.9184920787811279,0.003282343503087759,0.9888522028923035,0.05521838366985321,0.7583843469619751,28.601430892944336,1250.8464564286135,3.223095791613492e-05,0.8104735016822815,0.7412723302841187,0.9866928458213806,0.9869624972343445,0.8174522519111633,0.9754683375358582,0.7888998985290527,0.921875,0.078125,0.6262128353118896,0.7187607288360596,2.4001922607421875
18880,0.6370047330856323,0.9324402213096619,0.007285451982170343,1.2677593231201172,0.03660750761628151,0.7747049927711487,28.970252990722656,1250.842583895176,3.219175337327391e-05,0.8412646651268005,0.6808663606643677,0.9844679832458496,0.9829603433609009,0.7763345837593079,0.973054051399231,0.8048780560493469,0.921875,0.078125,0.6359211802482605,0.7551482915878296,0.5857940316200256
18890,0.668123185634613,0.9719312787055969,0.011923512443900108,1.325609564781189,0.040876492857933044,1.156651496887207,28.69645118713379,1250.8386429016493,3.215289354167442e-05,0.8831939697265625,0.7169026136398315,0.9841192960739136,0.9822143316268921,0.7872991561889648,0.9734638929367065,0.8001856207847595,0.859375,0.140625,0.6262505650520325,0.7603791952133179,0.9639842510223389
18900,0.6960539817810059,1.0724047422409058,0.009750919416546822,1.2410043478012085,0.054542966187000275,1.0697065591812134,29.483856201171875,1250.8348490066362,3.21143785221993e-05,0.9264637231826782,0.7680323719978333,0.9852376580238342,0.97978675365448,0.7460514903068542,0.9735705256462097,0.8143623471260071,0.90625,0.125,0.6271716356277466,0.6350372433662415,1.289400339126587
18910,0.5748510360717773,0.9934269785881042,0.003802297171205282,0.8447577357292175,0.04838106036186218,0.8332695960998535,29.46588134765625,1250.831121580376,3.207620841481647e-05,0.7941773533821106,0.7310877442359924,0.9843389987945557,0.9815986156463623,0.7690500020980835,0.9693058729171753,0.7793771624565125,0.859375,0.15625,0.6357877254486084,0.7808161377906799,0.924066960811615
18920,0.6113730669021606,0.919419527053833,0.015804417431354523,1.1755609512329102,0.053105827420949936,0.8976004123687744,28.864900588989258,1250.8272271808469,3.2038383318598577e-05,0.8590725660324097,0.8256650567054749,0.9836151599884033,0.9830632209777832,0.7621099948883057,0.9756849408149719,0.814803421497345,0.90625,0.09375,0.5410787463188171,0.7212774157524109,1.5080183744430542
18930,0.5854105353355408,0.8938798904418945,0.013951528817415237,1.0372647047042847,0.04041524603962898,0.7946670055389404,28.953540802001953,1250.8234419478006,3.200090333172278e-05,0.7852473258972168,0.6661226749420166,0.9866520166397095,0.9832765460014343,0.7638770937919617,0.9806398153305054,0.8422251343727112,0.9375,0.0625,0.6738623976707458,0.7255938053131104,0.9715089797973633
18940,0.5948007106781006,0.953740119934082,0.012605302967131138,0.9144232273101807,0.04348012059926987,0.993543267250061,28.74311065673828,1250.8194381421429,3.1963768551470504e-05,0.81089848279953,0.7203258872032166,0.9827526211738586,0.9777471423149109,0.7492132186889648,0.9756782650947571,0.8057090044021606,0.828125,0.21875,0.6875805258750916,0.7711470127105713,1.2426965236663818
18950,0.5753557682037354,0.9488615989685059,0.012361428700387478,0.7950165271759033,0.04422080144286156,0.8362448215484619,28.790464401245117,1250.815297617476,3.192697907422714e-05,0.7938880324363708,0.7284408807754517,0.9833661317825317,0.9831353425979614,0.7856977581977844,0.9736695289611816,0.8115363121032715,0.90625,0.09375,0.6030919551849365,0.6868698000907898,0.8013655543327332
18960,0.6097815632820129,0.9615549445152283,0.024109477177262306,0.9317225813865662,0.04336320236325264,1.0170871019363403,28.71875,1250.811283028992,3.1890534995481836e-05,0.8139464259147644,0.6805495023727417,0.9843423962593079,0.9803921580314636,0.7590194940567017,0.9708361029624939,0.8026132583618164,0.859375,0.140625,0.6808995604515076,0.7764925360679626,0.8634199500083923
18970,0.6355293989181519,1.0314407348632812,0.01780865155160427,1.1365020275115967,0.052483972162008286,0.8211393356323242,29.050994873046875,1250.8073459874263,3.185443640982727e-05,0.8756504058837891,0.8004034161567688,0.9855841398239136,0.9762690663337708,0.7275534272193909,0.9758993983268738,0.823235273361206,0.90625,0.109375,0.6024792790412903,0.734719455242157,1.5043708086013794
18980,0.5712510347366333,0.9141311049461365,0.016492363065481186,0.9230813980102539,0.046097949147224426,0.8103735446929932,29.048627853393555,1250.8033779174875,3.181868341095931e-05,0.7751773595809937,0.6797544956207275,0.987138032913208,0.981935977935791,0.7326029539108276,0.9746142625808716,0.8286683559417725,0.859375,0.15625,0.7259117364883423,0.7451612949371338,1.2625174522399902
18990,0.6308005452156067,0.9994884133338928,0.017394566908478737,1.0165915489196777,0.04224346950650215,0.999064028263092,29.366485595703125,1250.7993734199686,3.178327609167693e-05,0.8823777437210083,0.8385905623435974,0.9793810844421387,0.9681270122528076,0.7490347623825073,0.9742575883865356,0.812980592250824,0.828125,0.171875,0.544151246547699,0.6541770696640015,0.9053913354873657
19000,0.5523222088813782,1.0246208906173706,0.0027233187574893236,0.5208049416542053,0.06643161922693253,1.0115350484848022,29.33963394165039,1250.7955911819197,3.174821454388177e-05,0.7763826847076416,0.7468682527542114,0.9848501086235046,0.9801679849624634,0.7376476526260376,0.9720883965492249,0.8120694160461426,0.78125,0.265625,0.6532043218612671,0.7939325571060181,0.7934052348136902
19010,0.6335139870643616,0.9052526950836182,0.022722342982888222,1.107507586479187,0.04437346011400223,0.890288770198822,28.483369827270508,1250.7917345267172,3.171349885857805e-05,0.8608360290527344,0.7577400803565979,0.9834561347961426,0.979391872882843,0.7613477110862732,0.9688332080841064,0.7925026416778564,0.921875,0.078125,0.575318455696106,0.7004366517066956,0.6510950922966003
19020,0.6333392858505249,1.0507303476333618,0.04052010551095009,0.8644292950630188,0.05318242311477661,0.9718332290649414,29.343154907226562,1250.7879150591787,3.16791291258723e-05,0.8651143312454224,0.772583544254303,0.9881969690322876,0.9838297367095947,0.7555001974105835,0.9759225845336914,0.8260233998298645,0.8125,0.21875,0.5813882946968079,0.7450377345085144,0.8040257096290588
19030,0.6414754390716553,0.9468084573745728,0.015206408686935902,1.2880475521087646,0.049752745777368546,1.0180315971374512,28.800647735595703,1250.7839861485315,3.164510543497307e-05,0.8874542117118835,0.8199291825294495,0.9822058081626892,0.9816762804985046,0.7877166271209717,0.9732469320297241,0.7927984595298767,0.875,0.125,0.5735706686973572,0.6616217494010925,1.418017029762268
19040,0.5606421232223511,0.9208614230155945,0.008610431104898453,0.8588804602622986,0.05198823660612106,0.6452749967575073,28.5976619720459,1250.7800185415465,3.161142787419077e-05,0.8125967979431152,0.8398488759994507,0.9859169721603394,0.9828464984893799,0.7707585692405701,0.9725556373596191,0.7923496961593628,0.890625,0.125,0.5375943183898926,0.6944694519042969,1.5664769411087036
19050,0.6519504189491272,1.034112811088562,0.00711863674223423,0.9094002842903137,0.056795865297317505,0.815963864326477,29.286449432373047,1250.7761073851475,3.1578096530937406e-05,0.9473011493682861,0.9845022559165955,0.9819106459617615,0.9761605262756348,0.73848557472229,0.9732415080070496,0.8108882308006287,0.84375,0.1875,0.47801071405410767,0.6205533742904663,1.652034044265747
19060,0.5681482553482056,0.9180102348327637,0.030437398701906204,1.0307598114013672,0.045176830142736435,0.7483900189399719,29.10222816467285,1250.7722871822743,3.154511149172633e-05,0.7820985317230225,0.7131674885749817,0.9853822588920593,0.9769809246063232,0.7580483555793762,0.9774652123451233,0.8262632489204407,0.921875,0.078125,0.6670002937316895,0.732589066028595,1.1011993885040283
19070,0.6500614881515503,1.0392818450927734,0.016092048957943916,1.0863505601882935,0.0545758418738842,0.9928390383720398,29.102087020874023,1250.768439519707,3.151247284217209e-05,0.8525443077087402,0.6749426126480103,0.9834519028663635,0.9765996932983398,0.7767587900161743,0.9770423769950867,0.8215780854225159,0.828125,0.1875,0.6890856623649597,0.741951048374176,0.6202343702316284
19080,0.6547867655754089,1.0006465911865234,0.009450526908040047,1.192711353302002,0.048262786120176315,1.0221196413040161,28.654870986938477,1250.764627135829,3.148018066699013e-05,0.9013240337371826,0.8217909336090088,0.9868070483207703,0.9837342500686646,0.7468008995056152,0.9719226956367493,0.8036477565765381,0.84375,0.171875,0.6108725666999817,0.6982565522193909,1.7340009212493896
19090,0.7256823182106018,1.0762637853622437,0.007798120845109224,1.2414084672927856,0.05288436636328697,0.9961928129196167,29.056671142578125,1250.7608401578173,3.144823504999658e-05,0.9568452835083008,0.770543098449707,0.9866881370544434,0.9841025471687317,0.7799245119094849,0.9774399995803833,0.8093656301498413,0.796875,0.234375,0.6499802470207214,0.6949094533920288,1.3301496505737305
19100,0.6502789855003357,1.1057754755020142,0.0315314456820488,0.9568014740943909,0.07139813899993896,1.2203867435455322,29.178878784179688,1250.757012430532,3.14166360741081e-05,0.89481520652771,0.8151207566261292,0.9798259735107422,0.970660388469696,0.7264708876609802,0.9696842432022095,0.7968840003013611,0.828125,0.25,0.6470136046409607,0.7686410546302795,0.6567597985267639
19110,0.5706345438957214,1.0276024341583252,0.03451329469680786,0.877335786819458,0.04865141585469246,0.9015874862670898,29.067394256591797,1250.7532967664476,3.138538382134161e-05,0.7671681046485901,0.6551117897033691,0.9881869554519653,0.9867454767227173,0.814357578754425,0.9749784469604492,0.7946743369102478,0.796875,0.234375,0.6983786225318909,0.7724969387054443,0.9173875451087952
19120,0.6535020470619202,0.9713999032974243,0.03760221228003502,1.1672528982162476,0.06003820151090622,0.7978073358535767,29.95281982421875,1250.7494411099028,3.1354478372814084e-05,0.8981718420982361,0.8155660033226013,0.9834370017051697,0.9833665490150452,0.7520027756690979,0.9639348983764648,0.7709923982620239,0.8125,0.203125,0.647260308265686,0.6628603935241699,1.4560445547103882
19130,0.6126636862754822,0.9821181297302246,0.015932973474264145,0.9947309494018555,0.04514455422759056,0.9099327325820923,28.964405059814453,1250.7456122207839,3.132391980874234e-05,0.8055083155632019,0.6428154110908508,0.983769416809082,0.9793714284896851,0.7758247256278992,0.978729248046875,0.8358633518218994,0.890625,0.109375,0.6785657405853271,0.7872927784919739,0.678176760673523
19140,0.6510498523712158,1.040476679801941,0.029494615271687508,1.1580135822296143,0.04985791817307472,0.9078863859176636,28.78956413269043,1250.741824805317,3.1293708208442865e-05,0.8863704204559326,0.7844018936157227,0.9848464131355286,0.9801748394966125,0.7335798740386963,0.9742439985275269,0.8047248721122742,0.859375,0.15625,0.6197119355201721,0.6848800778388977,1.2773027420043945
19150,0.6065311431884766,0.9527319073677063,0.007119535468518734,1.226307988166809,0.04965886473655701,0.9954996705055237,29.463918685913086,1250.7379881918343,3.126384365033154e-05,0.8190555572509766,0.7084146738052368,0.9857317209243774,0.9825113415718079,0.7900775671005249,0.9749643802642822,0.8099099397659302,0.84375,0.15625,0.6175696849822998,0.7520399689674377,1.1060453653335571
19160,0.6898844838142395,1.287603735923767,0.021221987903118134,0.9108980894088745,0.046218764036893845,0.9219600558280945,28.84814453125,1250.734285277648,3.1234326211923535e-05,0.9396998882293701,0.8327179551124573,0.9834155440330505,0.9746174812316895,0.6957125663757324,0.9741427302360535,0.8197641968727112,0.78125,0.25,0.6675641536712646,0.7413223385810852,1.1687746047973633
19170,0.65682452917099,0.9758380651473999,0.01711379736661911,1.1818408966064453,0.043104659765958786,1.180678129196167,28.68868637084961,1250.7304657988257,3.1205155969832966e-05,0.8703662753105164,0.7118058204650879,0.9823395013809204,0.9763081669807434,0.7450131773948669,0.962022066116333,0.7838942408561707,0.765625,0.265625,0.7030068635940552,0.7878427505493164,1.3507368564605713
19180,0.6448141932487488,0.9860520958900452,0.02178485319018364,1.0696433782577515,0.0506519079208374,0.8506824970245361,29.59769058227539,1250.7267081543412,3.117633299977289e-05,0.8772453665733337,0.7747704982757568,0.9867445230484009,0.9830259084701538,0.7687327861785889,0.9793379902839661,0.8314899206161499,0.84375,0.171875,0.6284301280975342,0.724883496761322,1.2871437072753906
19190,0.6770744323730469,1.0206010341644287,0.03136754408478737,1.1724858283996582,0.04784544184803963,0.9447113275527954,29.235435485839844,1250.7229068588551,3.1147857376554923e-05,0.8755851984024048,0.6617025136947632,0.9890890717506409,0.9847756624221802,0.7699494361877441,0.9798007011413574,0.8334975242614746,0.84375,0.1875,0.7108715772628784,0.766236424446106,0.6008763909339905
19200,0.6431648135185242,0.956691324710846,0.007335268426686525,1.3031336069107056,0.03580234944820404,1.152451515197754,29.113359451293945,1250.7188420304783,3.111972917408912e-05,0.8476466536521912,0.6816061735153198,0.9831849336624146,0.9792362451553345,0.7659410834312439,0.9707457423210144,0.8001651167869568,0.8125,0.21875,0.6604387164115906,0.7793246507644653,0.6613562107086182
19210,0.5761294960975647,1.0791370868682861,0.00503008347004652,0.7098497152328491,0.061965640634298325,0.991550624370575,29.0101318359375,1250.7149865721824,3.109194846538385e-05,0.856840968132019,0.9357049465179443,0.9854062795639038,0.9754305481910706,0.719042181968689,0.9791138172149658,0.8429477214813232,0.875,0.140625,0.4809042513370514,0.598331868648529,1.4544917345046997
19220,0.6700935363769531,0.9939719438552856,0.00448134308680892,1.3439745903015137,0.05445318669080734,1.0825519561767578,29.225549697875977,1250.7110286705906,3.10645153225455e-05,0.9071140289306641,0.7900682687759399,0.9863226413726807,0.9822828769683838,0.7683978080749512,0.9705261588096619,0.8013850450515747,0.734375,0.3125,0.6519933342933655,0.7063519954681396,0.7841516733169556
19230,0.691782534122467,1.111512303352356,0.013915911316871643,1.1811802387237549,0.04336985573172569,0.8036869764328003,29.12265968322754,1250.7072852940805,3.1037429816778294e-05,0.938019871711731,0.8207911252975464,0.9850916862487793,0.9799836874008179,0.7239230871200562,0.9695751667022705,0.8168238997459412,0.84375,0.1875,0.6235950589179993,0.6910896301269531,0.9084407091140747
19240,0.6142546534538269,0.9459065794944763,0.011708704754710197,1.0640698671340942,0.044654469937086105,0.8298015594482422,28.32508659362793,1250.7032874850297,3.1010692018384216e-05,0.8611799478530884,0.8230843544006348,0.9806805849075317,0.9773807525634766,0.7345600724220276,0.9692521095275879,0.8065094947814941,0.84375,0.15625,0.5974255204200745,0.6661559343338013,1.8047884702682495
19250,0.672454833984375,1.052466869354248,0.023539051413536072,1.1865543127059937,0.04296213388442993,0.8262926936149597,29.238922119140625,1250.699475430177,3.0984301996762714e-05,0.8593505620956421,0.62298583984375,0.9889200925827026,0.9882742762565613,0.7757052183151245,0.974562406539917,0.8048484921455383,0.890625,0.109375,0.7240500450134277,0.7646161317825317,0.8652226328849792
19260,0.6605300903320312,1.1663775444030762,0.006661662831902504,1.0995160341262817,0.06008363142609596,1.0981260538101196,28.767467498779297,1250.6956605218977,3.0958259820410565e-05,0.8869235515594482,0.7546447515487671,0.9846897125244141,0.9743589758872986,0.7373115420341492,0.9784268736839294,0.8301762938499451,0.796875,0.25,0.6581621766090393,0.7872969508171082,0.9044178128242493
19270,0.6391817927360535,0.9729862809181213,0.022477297112345695,1.1496038436889648,0.043389756232500076,0.7837886214256287,29.18572235107422,1250.6917986088638,3.093256555692171e-05,0.8639798760414124,0.7493269443511963,0.98585444688797,0.985126793384552,0.7592991590499878,0.9736190438270569,0.8131868243217468,0.828125,0.203125,0.6491175889968872,0.7351106405258179,1.0798745155334473
19280,0.5878294110298157,0.9415732622146606,0.035960543900728226,0.9877493977546692,0.0394277423620224,0.7275429964065552,28.80167579650879,1250.687959352534,3.090721927298705e-05,0.7542362809181213,0.5546895861625671,0.9917298555374146,0.9913980960845947,0.8128892183303833,0.9733874797821045,0.7784352898597717,0.859375,0.140625,0.7495923042297363,0.8006808161735535,0.8122679591178894
19290,0.5847047567367554,0.8788488507270813,0.003554156981408596,1.1225076913833618,0.04806727543473244,0.8726347088813782,28.88530921936035,1250.6843087723798,3.0882221034394286e-05,0.7799820303916931,0.6509242057800293,0.9810923933982849,0.9765632748603821,0.7554916143417358,0.9730495810508728,0.8050603866577148,0.921875,0.09375,0.7003646492958069,0.759861409664154,1.2963144779205322
19300,0.6354808807373047,0.950677752494812,0.03759489953517914,1.0920946598052979,0.06717247515916824,1.2736351490020752,28.992958068847656,1250.6805446336843,3.085757090602775e-05,0.8661690950393677,0.76896071434021,0.9906548261642456,0.9895628690719604,0.7802927494049072,0.9636929035186768,0.7519868612289429,0.875,0.125,0.6168691515922546,0.7601540088653564,1.4571590423583984
19310,0.603651225566864,0.9608349204063416,0.031585693359375,0.9858514070510864,0.06203534081578255,0.9689469933509827,29.135053634643555,1250.6768329641052,3.083326895186822e-05,0.8364254236221313,0.7759140133857727,0.9844944477081299,0.9848892092704773,0.7533117532730103,0.965972363948822,0.7865404486656189,0.890625,0.15625,0.5966218709945679,0.727388858795166,1.2147748470306396
19320,0.6129024624824524,1.0395026206970215,0.0037913667038083076,0.9404575228691101,0.050429850816726685,1.054601788520813,28.80219078063965,1250.6731589895671,3.0809315234992816e-05,0.831337571144104,0.7281169891357422,0.9869610071182251,0.9806981682777405,0.7736353278160095,0.9763738512992859,0.8224582672119141,0.859375,0.1875,0.6251953840255737,0.7606161832809448,1.0616847276687622
19330,0.6444023251533508,0.9584003686904907,0.009608613327145576,1.1012232303619385,0.04756918177008629,0.989199161529541,29.488792419433594,1250.6693501490893,3.078570981757474e-05,0.8620473742485046,0.7254834175109863,0.9871120452880859,0.989005982875824,0.7834081649780273,0.9704583883285522,0.7873111963272095,0.828125,0.203125,0.6758282780647278,0.743370532989502,1.0005908012390137
19340,0.632496178150177,1.023597002029419,0.013077640905976295,1.1707327365875244,0.04544306546449661,0.8173059225082397,29.22946548461914,1250.6654474490504,3.076245276088316e-05,0.843562126159668,0.7035530209541321,0.9839234352111816,0.974469006061554,0.7246584296226501,0.9735453128814697,0.8165989518165588,0.90625,0.09375,0.6560373306274414,0.7801153063774109,1.138353943824768
19350,0.6941580176353455,1.157922625541687,0.024458488449454308,0.9345645904541016,0.05947798117995262,0.8985068798065186,29.276397705078125,1250.6615835951336,3.0739544125283105e-05,0.9292188286781311,0.7835360765457153,0.9886746406555176,0.9863089323043823,0.7340103983879089,0.9703162908554077,0.8110426068305969,0.828125,0.21875,0.6525264382362366,0.7265771627426147,1.5139031410217285
19360,0.6623530983924866,1.0771251916885376,0.01403077319264412,0.9833198189735413,0.07573536038398743,0.9444118738174438,28.792537689208984,1250.6576928177376,3.071698397023519e-05,0.9116944074630737,0.8311376571655273,0.9777003526687622,0.9654476046562195,0.7195807695388794,0.9714335799217224,0.8114707469940186,0.84375,0.171875,0.6812111735343933,0.6857343316078186,1.1616774797439575
19370,0.5819634199142456,0.907359778881073,0.0033838318195194006,1.0109984874725342,0.04505119472742081,1.0403611660003662,28.554567337036133,1250.6538878029821,3.069477235429559e-05,0.787390410900116,0.6847566366195679,0.9826964139938354,0.9810588359832764,0.7730689644813538,0.973600447177887,0.8018432855606079,0.859375,0.21875,0.6040735840797424,0.7725070714950562,0.38208428025245667
19380,0.5892311930656433,0.9558265209197998,0.012509527616202831,0.9308217763900757,0.05170362442731857,0.8496659398078918,28.76668930053711,1250.6501200882292,3.0672909335115806e-05,0.7934690117835999,0.6807926297187805,0.9886875152587891,0.9900217652320862,0.8058483600616455,0.9692039489746094,0.7750885486602783,0.921875,0.078125,0.6416987776756287,0.7321720719337463,1.3821284770965576
19390,0.6901956796646118,0.9921478033065796,0.02783149853348732,1.1877143383026123,0.049243681132793427,0.959476113319397,28.789438247680664,1250.6463445842342,3.065139496944249e-05,0.9281134605407715,0.7930593490600586,0.9855296015739441,0.9801349639892578,0.7554464936256409,0.9681949615478516,0.7977960109710693,0.90625,0.09375,0.6113017797470093,0.6912768483161926,1.557481288909912
19400,0.5346847772598267,0.9346746206283569,0.034170761704444885,0.7329190969467163,0.03298146650195122,0.6733462810516357,28.87746810913086,1250.6425133742086,3.0630229313117435e-05,0.7210022807121277,0.6210582852363586,0.984122633934021,0.9682539701461792,0.7280701398849487,0.9797301888465881,0.8345888257026672,0.953125,0.046875,0.6739007830619812,0.8118298053741455,0.8945693373680115
19410,0.5786153078079224,0.9026767611503601,0.025808060541749,0.976804256439209,0.045346587896347046,0.8256174921989441,29.58633041381836,1250.638629562802,3.060941242107726e-05,0.8119789361953735,0.7778786420822144,0.982265830039978,0.976902186870575,0.7340328693389893,0.9731253981590271,0.823810875415802,0.828125,0.203125,0.6418634653091431,0.7358794808387756,1.3430273532867432
19420,0.6178518533706665,0.9975197315216064,0.01886627823114395,1.0477025508880615,0.06332791596651077,0.7823242545127869,29.266510009765625,1250.634856020162,3.05889443473534e-05,0.8203109502792358,0.6748635768890381,0.9854291677474976,0.9799523949623108,0.76328444480896,0.9747050404548645,0.8093922734260559,0.84375,0.15625,0.7133328914642334,0.7145385146141052,0.6895211338996887
19430,0.5805003046989441,1.0675417184829712,0.004435734357684851,0.697003960609436,0.043840810656547546,0.7708849906921387,28.080781936645508,1250.6310123660178,3.0568825145071874e-05,0.7906847596168518,0.700614869594574,0.9842081665992737,0.9773169159889221,0.7714263200759888,0.9765223860740662,0.8327993154525757,0.90625,0.125,0.6319295167922974,0.7993921041488647,0.8052964806556702
19440,0.6479644179344177,0.9823557138442993,0.008566202595829964,1.2495393753051758,0.046252306550741196,1.0808125734329224,29.699129104614258,1250.6271133761957,3.0549054866453207e-05,0.8519731760025024,0.6800292730331421,0.9893035292625427,0.9878036379814148,0.7765182852745056,0.9735789895057678,0.8067175149917603,0.875,0.140625,0.7007222175598145,0.7159047722816467,1.1559534072875977
19450,0.6575626134872437,1.030357003211975,0.02275729924440384,1.0782923698425293,0.04728148505091667,0.8020704984664917,28.753847122192383,1250.6232741268275,3.052963356281226e-05,0.8734869360923767,0.7197476625442505,0.9855507016181946,0.9798862338066101,0.7464630007743835,0.9781157374382019,0.8275752067565918,0.9375,0.0625,0.6532836556434631,0.697336733341217,1.1887344121932983
19460,0.6081992387771606,1.0082060098648071,0.014075263403356075,0.9388247132301331,0.054698336869478226,0.8115441203117371,28.9416561126709,1250.6194050182073,3.051056128455813e-05,0.8506219983100891,0.8080758452415466,0.9902774095535278,0.9884002208709717,0.7750404477119446,0.9746734499931335,0.8096399903297424,0.90625,0.09375,0.6038391590118408,0.6718636155128479,2.3853721618652344
19470,0.5913078188896179,0.9287066459655762,0.021762331947684288,0.9953494071960449,0.04510438069701195,0.9906992316246033,28.994945526123047,1250.6155069358792,3.049183808119396e-05,0.774316668510437,0.6100295782089233,0.9858956336975098,0.9783427119255066,0.7277342081069946,0.9778908491134644,0.8482117652893066,0.90625,0.09375,0.7572816014289856,0.8055799007415771,0.6781540513038635
19480,0.6753290295600891,1.0185633897781372,0.016781413927674294,1.1344228982925415,0.055677272379398346,0.8637662529945374,28.887012481689453,1250.6115665207951,3.047346400131691e-05,0.8935849070549011,0.7275195121765137,0.9862558841705322,0.9845110177993774,0.7792845964431763,0.9690837860107422,0.7893435955047607,0.796875,0.21875,0.6914000511169434,0.6984876990318298,1.7424471378326416
19490,0.6043294668197632,1.1147825717926025,0.008286667056381702,0.7641336917877197,0.04637366533279419,0.9870893359184265,28.936227798461914,1250.607491824345,3.0455439092617923e-05,0.8201000690460205,0.7192354202270508,0.9864663481712341,0.9779542088508606,0.7128025889396667,0.9771023392677307,0.815254807472229,0.875,0.140625,0.6627389192581177,0.7661543488502502,1.011569619178772
19500,0.6502640843391418,1.0441312789916992,0.006588606629520655,1.1106576919555664,0.05223099887371063,0.9712424874305725,29.186214447021484,1250.6034799597824,3.0437763401881657e-05,0.9065684676170349,0.8543478846549988,0.9781009554862976,0.9642289876937866,0.6957725286483765,0.9720790982246399,0.8275299072265625,0.90625,0.1875,0.5975250601768494,0.6742323040962219,1.6128133535385132
19510,0.7292684316635132,1.1255372762680054,0.027240952476859093,1.3278393745422363,0.06119841709733009,1.0952153205871582,29.35394859313965,1250.5995719438392,3.0420436974986357e-05,1.0012699365615845,0.9066717624664307,0.9855800271034241,0.9784957766532898,0.6998258233070374,0.9705861806869507,0.8103311061859131,0.796875,0.25,0.5999840497970581,0.6744582653045654,1.265683889389038
19520,0.6134152412414551,0.9856846928596497,0.01529703289270401,1.0581387281417847,0.06226971000432968,0.7808865904808044,29.106908798217773,1250.5957533655755,3.0403459856903743e-05,0.871638298034668,0.860743522644043,0.9843248128890991,0.9758036732673645,0.7373449206352234,0.9746760129928589,0.8114949464797974,0.953125,0.046875,0.5664944648742676,0.6234150528907776,1.5492196083068848
19530,0.6114619374275208,0.9555987119674683,0.07745447754859924,0.96489417552948,0.05854511260986328,0.8907445073127747,29.390613555908203,1250.5917477369119,3.0386832091698865e-05,0.8168103694915771,0.6844947934150696,0.9844917058944702,0.9817618131637573,0.757783830165863,0.9697917699813843,0.7892388701438904,0.859375,0.140625,0.7174050807952881,0.7529891729354858,1.1580390930175781
19540,0.6177777051925659,1.032010555267334,0.024393882602453232,0.8675051927566528,0.05214706435799599,0.8780909776687622,29.132848739624023,1250.5879628936916,3.0370553722530056e-05,0.8445568084716797,0.7559304237365723,0.9837565422058105,0.9804456233978271,0.7476453185081482,0.9720274209976196,0.7887067198753357,0.859375,0.1875,0.6466141939163208,0.7749010324478149,1.1680432558059692
19550,0.6274024248123169,0.9775046110153198,0.01241983100771904,1.098842978477478,0.05752754211425781,0.7830063700675964,28.659555435180664,1250.5842141524236,3.035462479164871e-05,0.8665350675582886,0.7971088290214539,0.984348714351654,0.9790794849395752,0.7430975437164307,0.9695378541946411,0.7926583886146545,0.890625,0.109375,0.6245511174201965,0.6338585615158081,1.0511555671691895
19560,0.5936175584793091,0.9364133477210999,0.013060246594250202,0.9983202219009399,0.06178591027855873,0.7790442109107971,29.264217376708984,1250.5805602181408,3.033904534039924e-05,0.8116482496261597,0.7267688512802124,0.9857383370399475,0.9783757925033569,0.7997180223464966,0.9785858988761902,0.8198287487030029,0.859375,0.140625,0.6948295831680298,0.6883442997932434,1.3813632726669312
19570,0.7092199325561523,1.053908348083496,0.025284726172685623,1.1514774560928345,0.06099000200629234,0.968984842300415,28.96467399597168,1250.5766976865928,3.0323815409219042e-05,0.9693708419799805,0.8671696186065674,0.9883910417556763,0.9877628087997437,0.7702437043190002,0.9789048433303833,0.8098094463348389,0.796875,0.234375,0.6124731302261353,0.6080236434936523,2.094775438308716
19580,0.6740575432777405,0.949898362159729,0.022966500371694565,1.2468780279159546,0.05291035398840904,0.8491523861885071,28.94627571105957,1250.57285941775,3.030893503763821e-05,0.9125463962554932,0.7949628829956055,0.9868861436843872,0.9825356602668762,0.7634326815605164,0.9784098863601685,0.830637514591217,0.859375,0.1875,0.5960401892662048,0.6764230132102966,0.9772391319274902
19590,0.57088303565979,0.909981906414032,0.006559126079082489,0.962073028087616,0.04424349591135979,0.9094472527503967,29.413185119628906,1250.569077956771,3.029440426427962e-05,0.7949650883674622,0.7469400763511658,0.9871358871459961,0.9834368228912354,0.7551704049110413,0.980711817741394,0.8439438343048096,0.90625,0.109375,0.5713990330696106,0.7405704259872437,0.8146343231201172
19600,0.6186315417289734,0.9660853743553162,0.009195222519338131,1.0694564580917358,0.038738492876291275,1.0544544458389282,29.23583221435547,1250.565199198144,3.028022312685868e-05,0.805124044418335,0.6216417551040649,0.9832403659820557,0.9737672805786133,0.7605485320091248,0.9736924767494202,0.8225619792938232,0.828125,0.171875,0.7658961415290833,0.7778555154800415,0.6261675953865051
19610,0.6237267255783081,0.9737201929092407,0.010316184721887112,1.1811599731445312,0.05743475258350372,0.9123485684394836,29.023038864135742,1250.5613679930177,3.0266391662183335e-05,0.8469560146331787,0.7440975904464722,0.9834176301956177,0.9801353812217712,0.7654564380645752,0.9699944257736206,0.7886039614677429,0.8125,0.1875,0.6669317483901978,0.7688937783241272,0.7458987832069397
19620,0.6248618960380554,0.897273600101471,0.013239654712378979,1.2129225730895996,0.04312615841627121,0.7698380947113037,28.878292083740234,1250.5575389746696,3.0252909906153944e-05,0.8387163877487183,0.7128483653068542,0.9836626052856445,0.9847270846366882,0.7778635621070862,0.9686423540115356,0.802177369594574,0.96875,0.03125,0.6518222689628601,0.7223268151283264,1.0826023817062378
19630,0.6125989556312561,1.031299114227295,0.020583584904670715,0.9082580208778381,0.05007421225309372,1.1644775867462158,28.82637596130371,1250.5536607968543,3.0239777893763154e-05,0.8197889924049377,0.6906334757804871,0.9896342754364014,0.9852542281150818,0.7501155138015747,0.9740219116210938,0.7969639301300049,0.859375,0.15625,0.6656718254089355,0.7318481802940369,0.9132450222969055
19640,0.7253856658935547,0.927180826663971,0.022173713892698288,1.5899550914764404,0.043888576328754425,1.0544859170913696,28.99457550048828,1250.5497338699936,3.022699565909582e-05,0.9523800015449524,0.7566477656364441,0.9869058728218079,0.9895340800285339,0.7858080863952637,0.9588596224784851,0.7683629393577576,0.8125,0.203125,0.653150737285614,0.6811981201171875,0.7972934246063232
19650,0.5767773985862732,0.889661967754364,0.019612140953540802,1.0433598756790161,0.04186217114329338,0.9942973852157593,28.724597930908203,1250.5458944216011,3.0214563235328998e-05,0.765756368637085,0.629929780960083,0.9809719324111938,0.9705209732055664,0.7113655805587769,0.9730398058891296,0.8179046511650085,0.890625,0.109375,0.7303361892700195,0.8023855090141296,1.0586844682693481
19660,0.5894923210144043,0.9994575381278992,0.011208027601242065,0.8671125769615173,0.041178543120622635,0.917462944984436,28.939905166625977,1250.54202393558,3.0202480654731694e-05,0.7834725975990295,0.6466009616851807,0.9812502264976501,0.9725971221923828,0.7889499664306641,0.9747334122657776,0.8003802299499512,0.921875,0.078125,0.679022490978241,0.7441924810409546,0.999413251876831
19670,0.6125868558883667,0.9618313312530518,0.04366070404648781,1.0136487483978271,0.04069151356816292,1.2125900983810425,28.650115966796875,1250.5381141307505,3.0190747948664945e-05,0.8296500444412231,0.7235438227653503,0.9868634343147278,0.9833666682243347,0.762834906578064,0.9708693027496338,0.799886167049408,0.90625,0.109375,0.6565253734588623,0.7397216558456421,1.4991565942764282
19680,0.6347726583480835,0.9409719109535217,0.014780518598854542,1.2183641195297241,0.04145921766757965,0.9739999175071716,28.692644119262695,1250.5342623865058,3.017936514758164e-05,0.8532142639160156,0.7281386852264404,0.9871383905410767,0.9828878045082092,0.7503227591514587,0.9730472564697266,0.8013885021209717,0.78125,0.21875,0.683565616607666,0.701189398765564,0.6372330784797668
19690,0.6425669193267822,1.0623990297317505,0.022134996950626373,0.950476348400116,0.041485078632831573,1.0084563493728638,28.89908790588379,1250.5301954958804,3.0168332281026495e-05,0.8484573364257812,0.6863012909889221,0.9853958487510681,0.983485221862793,0.7574861645698547,0.9693159461021423,0.7841808199882507,0.890625,0.125,0.6570585370063782,0.7274510264396667,0.5293355584144592
19700,0.6268903017044067,1.0799448490142822,0.0035697706043720245,0.9467715620994568,0.05187366157770157,0.9068911671638489,29.034835815429688,1250.5265160485553,3.0157649377635902e-05,0.8780989646911621,0.8373621106147766,0.9813029766082764,0.9741118550300598,0.7687011957168579,0.9787517189979553,0.8185538649559021,0.796875,0.234375,0.5812000036239624,0.6947476267814636,1.2543996572494507
19710,0.6051693558692932,0.9478601813316345,0.018129749223589897,1.0406187772750854,0.03516543284058571,0.9042614698410034,28.52640151977539,1250.5226411599692,3.0147316465137984e-05,0.8106271028518677,0.6848591566085815,0.9878678917884827,0.9877097010612488,0.7937908172607422,0.9705322980880737,0.7743238806724548,0.875,0.15625,0.6142688989639282,0.7769861817359924,0.7088853120803833
19720,0.649911642074585,1.0558459758758545,0.005619996692985296,0.943268358707428,0.04875221103429794,0.8705719113349915,28.622859954833984,1250.5191098470816,3.013733357035236e-05,0.8953559994697571,0.8181478381156921,0.9869814515113831,0.9857509732246399,0.762823760509491,0.9748991131782532,0.8231484293937683,0.8125,0.203125,0.5991515517234802,0.6630858778953552,1.4554327726364136
19730,0.6208664178848267,0.9929110407829285,0.015413900837302208,1.021558403968811,0.04475950822234154,1.1447869539260864,28.74266242980957,1250.5151643819133,3.0127700719190206e-05,0.8594970107078552,0.7954353094100952,0.9862031936645508,0.9793939590454102,0.7300498485565186,0.9735363721847534,0.8270041942596436,0.796875,0.234375,0.6586235761642456,0.7333713173866272,1.4077328443527222
19740,0.5585596561431885,0.8473498225212097,0.01613670587539673,1.0383435487747192,0.03725427761673927,0.6822293400764465,29.294301986694336,1250.511449422822,3.0118417936654115e-05,0.7277334928512573,0.5639128684997559,0.9853257536888123,0.9827382564544678,0.7858656048774719,0.9768778681755066,0.8238705992698669,0.90625,0.09375,0.7043449282646179,0.8143994808197021,0.3857390284538269
19750,0.5929722189903259,1.0591061115264893,0.005847567226737738,0.9082710146903992,0.06860355287790298,1.2035671472549438,28.89049530029297,1250.5074404750972,3.0109485246838106e-05,0.8379982113838196,0.8167532682418823,0.9812964797019958,0.9518377184867859,0.6818360090255737,0.9746336936950684,0.8410700559616089,0.8125,0.296875,0.6693040132522583,0.7474012970924377,0.8593323230743408
19760,0.6839777827262878,1.1162413358688354,0.022884970530867577,1.0927027463912964,0.04437561333179474,0.9437580704689026,28.970998764038086,1250.503653699645,3.0100902672927426e-05,0.8891681432723999,0.6839677691459656,0.9861903190612793,0.9849188923835754,0.7423401474952698,0.9721980094909668,0.7994202375411987,0.875,0.15625,0.7167128324508667,0.7317124605178833,0.8196532726287842
19770,0.6808881163597107,1.0628869533538818,0.013383322395384312,1.261735200881958,0.05150166526436806,0.8233005404472351,29.19454002380371,1250.4999775465628,3.0092670237198667e-05,0.9268198609352112,0.819772481918335,0.9879080057144165,0.9818122982978821,0.731471598148346,0.9731153249740601,0.8093979358673096,0.828125,0.171875,0.6291806697845459,0.6768603324890137,1.3734221458435059
19780,0.706955075263977,1.0791473388671875,0.020795902237296104,1.1889586448669434,0.05342070013284683,0.8403061628341675,28.612049102783203,1250.4963246365887,3.0084787961019565e-05,0.9549680948257446,0.826710045337677,0.9853522181510925,0.9830988645553589,0.7467740178108215,0.9766647219657898,0.824785053730011,0.828125,0.1875,0.6139028668403625,0.680700421333313,1.2557815313339233
19790,0.6730840802192688,1.0827916860580444,0.011340508237481117,1.0751712322235107,0.060164567083120346,0.9785786271095276,28.408266067504883,1250.4924928856335,3.0077255864849012e-05,0.8981092572212219,0.750083863735199,0.9864157438278198,0.9815450310707092,0.7822695374488831,0.9764876961708069,0.8194922804832458,0.890625,0.15625,0.6349206566810608,0.7087583541870117,1.1573597192764282
19800,0.6240994930267334,1.0495764017105103,0.0273195318877697,0.959733247756958,0.054029058665037155,0.9848496913909912,28.6173095703125,1250.488609612751,3.007007396823699e-05,0.866308867931366,0.8073645830154419,0.9875985980033875,0.9811965823173523,0.7112831473350525,0.970191240310669,0.7967479228973389,0.8125,0.234375,0.6785405874252319,0.7405441999435425,1.540776252746582
19810,0.6097034215927124,0.9764658808708191,0.005188277922570705,1.095560073852539,0.038644932210445404,0.8750277757644653,29.293745040893555,1250.4846567223901,3.006324228982449e-05,0.8225615620613098,0.7095271348953247,0.9835519194602966,0.9832586050033569,0.7826636433601379,0.9722513556480408,0.8004509210586548,0.859375,0.1875,0.6254666447639465,0.7466931939125061,0.8688501119613647
19820,0.6331743001937866,0.9593968987464905,0.0026604689192026854,1.096889615058899,0.045102961361408234,0.8478769659996033,29.55475616455078,1250.4808343935927,3.0056760847343548e-05,0.8147897720336914,0.605384886264801,0.989523708820343,0.9863191843032837,0.7371602654457092,0.976151704788208,0.8197183609008789,0.875,0.15625,0.7302877902984619,0.802810549736023,0.8644906282424927
19830,0.6380605101585388,1.0565744638442993,0.017640745267271996,1.0974866151809692,0.05729413032531738,1.0060133934020996,29.08114242553711,1250.4768900666263,3.0050629657617115e-05,0.8627253770828247,0.7488828897476196,0.98667973279953,0.9812608361244202,0.7435709834098816,0.9731055498123169,0.8013225197792053,0.921875,0.078125,0.667866051197052,0.7050657868385315,1.0010437965393066
19840,0.5507521629333496,0.8921354413032532,0.016215505078434944,0.8815727233886719,0.04641469940543175,0.8136559724807739,29.355602264404297,1250.47308074671,3.0044848736559e-05,0.7517377138137817,0.6699517965316772,0.9895386099815369,0.9890140891075134,0.7947782278060913,0.974042534828186,0.7896530628204346,0.953125,0.078125,0.6211947202682495,0.7370385527610779,1.3305336236953735
19850,0.6014494895935059,1.031171202659607,0.055784713476896286,0.8563217520713806,0.04388754069805145,1.2127567529678345,29.516456604003906,1250.4691181518417,3.0039418099173953e-05,0.8191337585449219,0.7256141304969788,0.988487958908081,0.9876659512519836,0.7759895324707031,0.9688783884048462,0.7862767577171326,0.890625,0.171875,0.6084045767784119,0.7568231821060181,0.8499771356582642
19860,0.7499783039093018,1.0726317167282104,0.03144817799329758,1.4188445806503296,0.05861821398139,1.2212259769439697,28.99281120300293,1250.4652900397703,3.003433775955747e-05,1.0284936428070068,0.92838454246521,0.9825072884559631,0.9805080890655518,0.7470035552978516,0.9683524370193481,0.7927519679069519,0.8125,0.234375,0.580116868019104,0.6376476287841797,1.37370765209198
19870,0.6724666357040405,1.0870274305343628,0.023957638069987297,0.996985137462616,0.06431348621845245,0.8186464905738831,28.658447265625,1250.461394590698,3.0029607730895854e-05,0.9082046151161194,0.7857933044433594,0.983296275138855,0.9738017916679382,0.7176588773727417,0.9722935557365417,0.814500093460083,0.9375,0.0625,0.6093999743461609,0.6612285375595093,1.2419745922088623
19880,0.6012277603149414,0.9902345538139343,0.009747043251991272,0.8707124590873718,0.04548715054988861,0.9715664386749268,29.27866554260254,1250.4575696182744,3.002522802546618e-05,0.8127085566520691,0.7049360275268555,0.9854136109352112,0.9812889695167542,0.7683422565460205,0.9737541079521179,0.798928439617157,0.875,0.140625,0.6799607276916504,0.7779272198677063,0.846663236618042
19890,0.7289727330207825,1.1415108442306519,0.035378266125917435,1.169250726699829,0.06277216225862503,1.055341362953186,28.432880401611328,1250.4535676982957,3.0021198654636224e-05,0.9772682785987854,0.827651858329773,0.9811010956764221,0.9663844704627991,0.6745839715003967,0.9693102240562439,0.8122743964195251,0.78125,0.234375,0.67689049243927,0.696203887462616,1.193548321723938
19900,0.5675837397575378,0.9588464498519897,0.01387635339051485,0.9512011408805847,0.034987591207027435,1.0766597986221313,28.99999237060547,1250.4496445084826,3.001751962886442e-05,0.7375733852386475,0.5666322112083435,0.9906188249588013,0.987466037273407,0.7952656149864197,0.9840356707572937,0.8590814471244812,0.875,0.21875,0.7426381707191467,0.8503982424736023,0.49567702412605286
19910,0.5684759616851807,0.8952274918556213,0.016826463863253593,0.9562339782714844,0.048282019793987274,0.8818991780281067,28.643468856811523,1250.4458114481024,3.0014190957699886e-05,0.7980548143386841,0.7652628421783447,0.9859247207641602,0.9831032156944275,0.8029882311820984,0.9755348563194275,0.8028571009635925,0.828125,0.203125,0.6402415037155151,0.7080055475234985,1.191200852394104
19920,0.5545034408569336,0.942090630531311,0.011159911751747131,0.9129806756973267,0.044597674161195755,0.8989635109901428,28.62130355834961,1250.4420375924756,3.00112126497824e-05,0.766120433807373,0.7053899168968201,0.9854971766471863,0.9817989468574524,0.7426789999008179,0.9752330780029297,0.8123332262039185,0.890625,0.140625,0.6865280866622925,0.7323639988899231,0.9268471002578735
19930,0.5838758945465088,0.9400812983512878,0.023833537474274635,1.0402392148971558,0.038733065128326416,0.972328245639801,28.7534122467041,1250.4384119840624,3.0008584712842317e-05,0.8092185258865356,0.7511420249938965,0.9848645329475403,0.9855877161026001,0.7859448194503784,0.967584490776062,0.7729049921035767,0.90625,0.140625,0.5802727341651917,0.75532066822052,0.9011027812957764
19940,0.691084086894989,1.0582706928253174,0.010507049970328808,1.274857997894287,0.04645420238375664,0.8843041658401489,28.800216674804688,1250.4344296611216,3.000630715370057e-05,0.9601823091506958,0.8969939947128296,0.9859264492988586,0.9770740866661072,0.6996501684188843,0.9722670912742615,0.8141543865203857,0.859375,0.171875,0.6069676280021667,0.6264480948448181,1.471740484237671
19950,0.6379161477088928,0.9919270277023315,0.00665259500965476,1.0572457313537598,0.04200492054224014,0.8637121319770813,29.19463348388672,1250.430391884998,3.0004379978268725e-05,0.9033035635948181,0.8846246600151062,0.9828141927719116,0.9760459661483765,0.7251500487327576,0.9684284925460815,0.7929539084434509,0.859375,0.140625,0.5526672601699829,0.5954039096832275,1.8473395109176636
19960,0.5899152755737305,0.8961507678031921,0.019047271460294724,0.9871984124183655,0.04246827960014343,0.7911909222602844,28.658977508544922,1250.4263677450642,3.0002803191548873e-05,0.8041545748710632,0.7141309380531311,0.9852513670921326,0.9835049510002136,0.773501992225647,0.9713027477264404,0.7951598763465881,0.921875,0.078125,0.5866261124610901,0.772064745426178,0.9746233820915222
19970,0.5969793796539307,1.0822904109954834,0.012933826074004173,0.7792302966117859,0.0493532158434391,0.9148041009902954,29.217605590820312,1250.422258992535,3.000157679763363e-05,0.8325186967849731,0.7851309776306152,0.9807249307632446,0.9713677167892456,0.7314049601554871,0.9721970558166504,0.801734447479248,0.875,0.140625,0.580141544342041,0.7091143727302551,0.9415023326873779
19980,0.5529233813285828,0.8505474328994751,0.007932103238999844,1.000053882598877,0.042395565658807755,0.78718101978302,29.779739379882812,1250.4183705630908,3.0000700799706186e-05,0.7525171041488647,0.6653122901916504,0.982804536819458,0.9790277481079102,0.7755217552185059,0.9718358516693115,0.816724956035614,0.9375,0.0625,0.6622951030731201,0.7446012496948242,0.8461108207702637
19990,0.5763207077980042,0.9689154624938965,0.013231311924755573,0.8603563904762268,0.042763207107782364,0.7193310856819153,28.946731567382812,1250.414459816626,3.000017520004023e-05,0.8037494421005249,0.7580957412719727,0.9791069626808167,0.9702993631362915,0.7370880246162415,0.9741337299346924,0.8188745379447937,0.96875,0.03125,0.5996867418289185,0.7309140563011169,1.1323293447494507
20000,0.6071389317512512,1.0047094821929932,0.04373348876833916,0.8552668690681458,0.046740125864744186,0.9308845400810242,29.146373748779297,1250.4107056375203,2.9999999999999997e-05,0.8068357110023499,0.6656558513641357,0.9892845749855042,0.9843442440032959,0.7744097709655762,0.9766628742218018,0.8126657605171204,0.890625,0.125,0.6987550854682922,0.7805421352386475,0.8454473614692688
