step,loss,loss_num,loss_order,loss_grammar,grad_norm,logit_max,weight_norm,lr
10,7.8419599533081055,7.8112077713012695,7.988034248352051,7.823891639709473,1.9918652772903442,2.791165351867676,1274.060714115637,2.2e-06
20,7.773332118988037,7.821152210235596,7.798501014709473,7.695001125335693,2.2644729614257812,2.8376448154449463,1274.060043499829,4.2000000000000004e-06
30,7.667398929595947,7.7690043449401855,7.6704325675964355,7.527352333068848,2.059687376022339,2.852011203765869,1274.0588184147518,6.2e-06
40,7.567251682281494,7.795287132263184,7.367985725402832,7.293910503387451,1.8713781833648682,2.869102716445923,1274.0571990133778,8.200000000000001e-06
50,7.3919997215271,7.7807817459106445,7.044722557067871,7.0105366706848145,1.9746633768081665,2.9808461666107178,1274.0546822469905,1.02e-05
60,7.2758708000183105,7.7639994621276855,6.735543727874756,6.732499122619629,1.73312246799469,3.0310192108154297,1274.0512567651542,1.22e-05
70,7.075484752655029,7.7579450607299805,6.44284200668335,6.43487548828125,1.7747923135757446,3.3218441009521484,1274.0469427012315,1.42e-05
80,7.036411285400391,7.713271617889404,6.167113304138184,6.214901447296143,1.4801527261734009,3.6274819374084473,1274.0412903054594,1.62e-05
90,6.808482646942139,7.698446750640869,5.970953464508057,5.9030585289001465,1.6572225093841553,3.9399783611297607,1274.0349402782163,1.8200000000000002e-05
100,6.731130123138428,7.660869598388672,5.741625785827637,5.771639347076416,1.4958386421203613,4.299444675445557,1274.0284348278485,2.0200000000000003e-05
110,6.588033676147461,7.683295249938965,5.740397930145264,5.483066082000732,1.5443090200424194,4.713317394256592,1274.021431660519,2.22e-05
120,6.5142669677734375,7.670220375061035,5.3169755935668945,5.29617977142334,1.4548603296279907,5.2217183113098145,1274.0141439253885,2.4200000000000002e-05
130,6.356609344482422,7.625614166259766,5.181061744689941,5.008906364440918,1.4645752906799316,5.904060363769531,1274.0068807970222,2.6200000000000003e-05
140,6.296176433563232,7.574679374694824,5.344430923461914,4.836648941040039,1.3734818696975708,6.572719573974609,1273.9986181397412,2.8199999999999998e-05
150,6.106472015380859,7.537984848022461,5.01911735534668,4.539538860321045,1.3879475593566895,7.199690341949463,1273.9897013702864,3.02e-05
160,6.081608295440674,7.473657131195068,4.787573337554932,4.397181034088135,1.2698472738265991,7.634552478790283,1273.9802676181794,3.2200000000000003e-05
170,6.05446195602417,7.552055835723877,4.60849142074585,4.341394901275635,1.1457608938217163,8.107783317565918,1273.9691855873677,3.4200000000000005e-05
180,5.633026599884033,7.471571922302246,4.297682285308838,3.8241610527038574,1.3277337551116943,8.392622947692871,1273.9572787636457,3.62e-05
190,5.610406398773193,7.447662353515625,3.9184958934783936,3.686525344848633,1.148780107498169,8.663097381591797,1273.9438001207961,3.82e-05
200,5.480213165283203,7.3293914794921875,4.003605842590332,3.312973737716675,1.1299773454666138,8.815020561218262,1273.9285014291559,4.02e-05
210,5.531088829040527,7.399872303009033,3.8935413360595703,3.341691255569458,0.9597236514091492,8.986029624938965,1273.9121538489878,4.22e-05
220,5.383430480957031,7.332292556762695,3.890373706817627,3.1615211963653564,0.9905642867088318,9.138896942138672,1273.8953035049058,4.4200000000000004e-05
230,5.201871871948242,7.372908115386963,3.6499762535095215,2.9713547229766846,1.0034860372543335,9.178353309631348,1273.877347468656,4.6200000000000005e-05
240,5.240214824676514,7.3184733390808105,3.4617300033569336,2.857356548309326,0.8430240154266357,9.445862770080566,1273.8584033359027,4.82e-05
250,5.240702152252197,7.30902624130249,3.4241974353790283,2.8080601692199707,0.7700889110565186,9.452553749084473,1273.8387932075943,5.02e-05
260,5.022639751434326,7.367054462432861,3.5431714057922363,2.5581815242767334,0.8244285583496094,9.518600463867188,1273.8184361943536,5.22e-05
270,4.917543888092041,7.181615352630615,3.0640082359313965,2.283967971801758,0.8222083449363708,9.655037879943848,1273.7969270383692,5.420000000000001e-05
280,4.789956092834473,7.23396635055542,3.154829502105713,2.197842597961426,0.8149310350418091,9.650737762451172,1273.77502102477,5.620000000000001e-05
290,4.749843120574951,7.12203311920166,2.76692533493042,2.064072847366333,0.737256646156311,9.70730972290039,1273.7519323714444,5.82e-05
300,4.806657314300537,7.068967819213867,3.3026838302612305,2.077624559402466,0.7112903594970703,9.836559295654297,1273.7280391277143,6.02e-05
310,4.768275260925293,7.111186504364014,3.269279718399048,1.9789111614227295,0.6983336210250854,9.850597381591797,1273.7037729119982,6.220000000000001e-05
320,4.460570812225342,6.982556343078613,2.723182439804077,1.6461623907089233,0.7386990189552307,9.954651832580566,1273.6791303257937,6.42e-05
330,4.401514053344727,7.070374011993408,2.828216552734375,1.6532766819000244,0.8008716702461243,9.967121124267578,1273.6544237222058,6.620000000000001e-05
340,4.493919372558594,6.969180583953857,2.8636651039123535,1.706979513168335,0.693492591381073,10.034942626953125,1273.6298062735339,6.82e-05
350,4.454189300537109,6.774747371673584,2.885073661804199,1.656494379043579,0.6187430024147034,10.109230995178223,1273.6047997605344,7.02e-05
360,4.327180862426758,6.856662273406982,2.6373696327209473,1.5630816221237183,0.6900253891944885,10.119061470031738,1273.580189446534,7.22e-05
370,4.1141252517700195,6.7055583000183105,2.247363567352295,1.3543903827667236,0.6697413921356201,10.245782852172852,1273.555677041544,7.42e-05
380,4.169966220855713,6.617084503173828,2.2350845336914062,1.2773799896240234,0.614359438419342,10.22916030883789,1273.5304218537774,7.620000000000001e-05
390,3.9346070289611816,6.757898807525635,2.2120373249053955,1.1325206756591797,0.6756671667098999,10.298616409301758,1273.5049378405095,7.82e-05
400,3.959712266921997,6.547226428985596,2.2098259925842285,1.0863550901412964,0.5884168148040771,10.372366905212402,1273.4796686863172,8.020000000000001e-05
410,4.005033016204834,6.718047618865967,2.5136168003082275,1.1302034854888916,0.6138132214546204,10.465980529785156,1273.4537623116344,8.22e-05
420,4.034186363220215,6.627609729766846,2.548292398452759,1.140000343322754,0.5957499742507935,10.501598358154297,1273.4279007826126,8.42e-05
430,4.1424384117126465,6.745390892028809,2.45412540435791,1.1989411115646362,0.49729230999946594,10.565021514892578,1273.402448728404,8.620000000000001e-05
440,3.962709903717041,6.40904426574707,2.3826420307159424,1.0196186304092407,0.5131627917289734,10.66893482208252,1273.3759469960748,8.82e-05
450,3.8952176570892334,6.526623249053955,2.3310887813568115,0.8454394936561584,0.5373502373695374,10.668445587158203,1273.3496238731339,9.020000000000001e-05
460,3.866692304611206,6.447580337524414,2.357292890548706,0.9438384771347046,0.598447859287262,10.728957176208496,1273.3238136143666,9.22e-05
470,3.7366557121276855,6.31004524230957,1.997437596321106,0.8807192444801331,0.5395216941833496,10.772141456604004,1273.296972430419,9.42e-05
480,3.794801712036133,6.33115816116333,2.0769662857055664,0.8711751103401184,0.4868277907371521,10.853791236877441,1273.2697698515735,9.620000000000001e-05
490,3.7244551181793213,6.405339241027832,1.899444818496704,0.8114425539970398,0.4928033649921417,10.88266372680664,1273.2426421078962,9.82e-05
500,3.8750736713409424,6.540256023406982,2.1470401287078857,0.9260871410369873,0.4574025571346283,11.005278587341309,1273.214740590561,0.0001
510,3.6994733810424805,6.035501003265381,1.9491448402404785,0.7108754515647888,0.5102086067199707,11.012505531311035,1273.1860708825106,9.99999415999866e-05
520,3.608227014541626,6.256234645843506,2.2000577449798584,0.7247345447540283,0.5596063137054443,11.005183219909668,1273.1571411681361,9.999976640009794e-05
530,3.7440409660339355,6.400767803192139,2.1297190189361572,0.7249948978424072,0.45385074615478516,11.072237014770508,1273.1287141288046,9.99994744007888e-05
540,3.598205327987671,6.3147501945495605,2.141061782836914,0.6870331168174744,0.4763806164264679,11.182509422302246,1273.1008876168023,9.999906560281705e-05
550,3.6324801445007324,6.347879409790039,2.0846409797668457,0.6438878774642944,0.49859195947647095,11.241742134094238,1273.0750171523973,9.999854000724376e-05
560,3.662022829055786,6.28556489944458,1.68621826171875,0.7273867130279541,0.44599005579948425,11.211956024169922,1273.0489272364719,9.999789761543314e-05
570,3.6328673362731934,6.245298862457275,1.9185608625411987,0.6823881268501282,0.514582097530365,11.29427433013916,1273.0218303979625,9.999713842905256e-05
580,3.6611359119415283,6.069181442260742,2.18559193611145,0.6893138289451599,0.4503926932811737,11.339274406433105,1272.997317834448,9.999626245007253e-05
590,3.653738260269165,6.294727325439453,1.8972262144088745,0.6821246147155762,0.4256715774536133,11.430849075317383,1272.9720461106294,9.999526968076671e-05
600,3.5729639530181885,6.149769306182861,1.5463796854019165,0.6358428597450256,0.5637490153312683,11.464311599731445,1272.9470664949126,9.999416012371186e-05
610,3.4398367404937744,6.0847344398498535,1.8425079584121704,0.5800164341926575,0.5004420876502991,11.47632122039795,1272.920042563081,9.999293378178792e-05
620,3.4326257705688477,5.920899391174316,1.7680613994598389,0.5368144512176514,0.5445374846458435,11.551084518432617,1272.8968352668362,9.999159065817795e-05
630,3.593526601791382,6.08937406539917,1.66913902759552,0.6846198439598083,0.5781046152114868,11.577691078186035,1272.8735501442375,9.999013075636805e-05
640,3.5791568756103516,6.0485100746154785,1.9811253547668457,0.5832517147064209,0.4588424563407898,11.610786437988281,1272.848649133004,9.99885540801475e-05
650,3.511951446533203,6.037654399871826,1.9062573909759521,0.5577390789985657,0.4217001795768738,11.611238479614258,1272.8235323342906,9.998686063360869e-05
660,3.3933351039886475,6.039527893066406,1.6155204772949219,0.518332302570343,0.4945751428604126,11.728523254394531,1272.799085274833,9.9985050421147e-05
670,3.3626112937927246,6.0555267333984375,1.5722193717956543,0.4999532699584961,0.8311682939529419,11.763055801391602,1272.7758383345965,9.998312344746097e-05
680,3.3483128547668457,5.758542537689209,1.7984768152236938,0.5185065269470215,0.9540315866470337,11.75073528289795,1272.7510750736742,9.998107971755216e-05
690,3.45784330368042,5.87388801574707,1.983210563659668,0.5344417691230774,0.6174741387367249,11.760231971740723,1272.7269338496626,9.997891923672517e-05
700,3.427753448486328,5.929016590118408,1.8425321578979492,0.5264115333557129,0.6027914881706238,11.781183242797852,1272.7030576967734,9.997664201058768e-05
710,3.425743818283081,6.077730655670166,2.1235787868499756,0.5093089938163757,0.4624212980270386,11.942248344421387,1272.6797832438792,9.997424804505034e-05
720,3.4870691299438477,5.96154260635376,1.9106842279434204,0.4745015799999237,0.46327468752861023,11.912649154663086,1272.6564486153727,9.997173734632681e-05
730,3.336183547973633,5.989091873168945,1.9473246335983276,0.4940687119960785,0.6006340980529785,11.925766944885254,1272.633664095025,9.996910992093378e-05
740,3.365748167037964,5.970805644989014,1.6990894079208374,0.47268232703208923,0.5999844670295715,11.97083854675293,1272.6102178433257,9.996636577569086e-05
750,3.4592177867889404,5.925520420074463,1.9483842849731445,0.5231825709342957,0.7642759084701538,12.035940170288086,1272.5870854947195,9.996350491772064e-05
760,3.6088366508483887,6.169521331787109,1.9613397121429443,0.5129204392433167,0.549886167049408,12.154874801635742,1272.5643296730816,9.996052735444863e-05
770,3.381638765335083,5.741508960723877,1.7973765134811401,0.480659157037735,0.6764627695083618,12.031196594238281,1272.5414528808656,9.995743309360326e-05
780,3.5258939266204834,6.037605285644531,1.7250484228134155,0.48715347051620483,0.5789777636528015,12.069856643676758,1272.518883759779,9.995422214321588e-05
790,3.2943735122680664,5.895186424255371,1.7831339836120605,0.4613937437534332,0.5181928873062134,12.087170600891113,1272.4967804903783,9.995089451162068e-05
800,3.39674711227417,5.884364604949951,1.8691550493240356,0.46119070053100586,0.7335292100906372,12.193319320678711,1272.4743744747338,9.99474502074547e-05
810,3.1104047298431396,5.723026752471924,1.6895955801010132,0.39298567175865173,0.6094979643821716,12.221038818359375,1272.4530448767732,9.994388923965784e-05
820,3.4236299991607666,5.970961570739746,1.7064218521118164,0.4673021733760834,0.6509166359901428,12.213199615478516,1272.4331474293115,9.99402116174728e-05
830,3.181455135345459,5.899679660797119,1.6747177839279175,0.4105237126350403,0.9332093000411987,12.310701370239258,1272.410878750618,9.993641735044503e-05
840,3.30963134765625,5.664543151855469,1.775773286819458,0.44795769453048706,0.9344272613525391,12.318625450134277,1272.3897110568016,9.993250644842278e-05
850,3.3499104976654053,5.586912155151367,1.6810824871063232,0.4518994987010956,0.4854177236557007,12.336413383483887,1272.3682932354968,9.9928478921557e-05
860,3.096167802810669,5.850679397583008,1.5976985692977905,0.4050328731536865,0.6526147723197937,12.339550018310547,1272.3468019889528,9.992433478030138e-05
870,3.218488931655884,5.678468227386475,1.5362457036972046,0.4242320656776428,0.7929717898368835,12.444244384765625,1272.3255792684943,9.992007403541229e-05
880,3.3502562046051025,5.863713264465332,1.749453067779541,0.43848416209220886,1.070111870765686,12.426284790039062,1272.3047306783642,9.991569669794869e-05
890,3.0496628284454346,5.540177822113037,1.4995653629302979,0.39609619975090027,0.7054241299629211,12.396605491638184,1272.2837975608318,9.991120277927223e-05
900,3.3378872871398926,5.863898754119873,1.689051628112793,0.39495420455932617,0.9334136247634888,12.579039573669434,1272.2632104555314,9.990659229104712e-05
910,3.183330774307251,5.7256760597229,1.7521703243255615,0.4545845091342926,0.5498882532119751,12.512785911560059,1272.2434220295956,9.990186524524014e-05
920,3.317181348800659,5.688043594360352,1.5783188343048096,0.4002266228199005,0.9655254483222961,12.60922908782959,1272.223357044022,9.98970216541206e-05
930,3.2338829040527344,5.682174205780029,1.792726993560791,0.38994935154914856,0.6183392405509949,12.519343376159668,1272.2028197234101,9.989206153026032e-05
940,3.1948208808898926,5.637345314025879,1.9095830917358398,0.38921380043029785,0.7230931520462036,12.499942779541016,1272.1816628226186,9.988698488653359e-05
950,3.2929158210754395,5.6725754737854,1.7448062896728516,0.3813096880912781,0.5173175930976868,12.690594673156738,1272.1607085166252,9.988179173611711e-05
960,3.099050283432007,5.5443115234375,1.7123713493347168,0.3952246904373169,0.8010212779045105,12.676261901855469,1272.1404104541307,9.987648209248997e-05
970,3.3279550075531006,5.751129627227783,1.6544864177703857,0.41910892724990845,1.4081306457519531,12.852336883544922,1272.120827580774,9.98710559694337e-05
980,3.3559389114379883,5.679056167602539,1.8848048448562622,0.3710636794567108,1.097126841545105,12.584474563598633,1272.1015584701922,9.986551338103208e-05
990,3.1265830993652344,5.688722133636475,1.724555253982544,0.3843565583229065,0.5493825078010559,12.766523361206055,1272.0819807200016,9.985985434167123e-05
1000,3.2209630012512207,5.777844429016113,1.3155312538146973,0.3784373700618744,1.7825993299484253,12.657927513122559,1272.0618172831248,9.985407886603945e-05
1010,3.1165361404418945,5.577735900878906,1.5469907522201538,0.3810212314128876,0.6847034692764282,12.72348690032959,1272.0423838491151,9.984818696912737e-05
1020,3.2265751361846924,5.560164451599121,1.4576231241226196,0.40789592266082764,1.8766651153564453,12.715376853942871,1272.0227467018656,9.98421786662277e-05
1030,3.1816482543945312,5.768251895904541,1.6027915477752686,0.3658418655395508,0.7185471653938293,12.831028938293457,1272.0017738281533,9.983605397293534e-05
1040,3.297743320465088,5.824234485626221,1.7432218790054321,0.3649511933326721,0.6107264757156372,12.729289054870605,1271.980982711185,9.98298129051473e-05
1050,3.191769599914551,5.646703720092773,1.6670656204223633,0.35083022713661194,0.622803807258606,12.91086483001709,1271.959834905458,9.982345547906258e-05
1060,3.104907751083374,5.611936569213867,1.8844367265701294,0.35029083490371704,1.6645313501358032,12.744142532348633,1271.9394866763005,9.981698171118227e-05
1070,3.0018277168273926,5.395305633544922,1.666871428489685,0.3415752649307251,0.7227516770362854,12.822153091430664,1271.9194555870033,9.981039161830939e-05
1080,3.0485622882843018,5.401946544647217,1.738595724105835,0.3598105013370514,0.8548707962036133,13.064882278442383,1271.8993977854416,9.980368521754887e-05
1090,3.1595757007598877,5.637121200561523,1.5531361103057861,0.3874179720878601,2.6671948432922363,12.88123893737793,1271.8791551188724,9.979686252630758e-05
1100,3.107694149017334,5.439217567443848,1.8908934593200684,0.32661163806915283,1.3184810876846313,13.01474380493164,1271.8593287905378,9.978992356229419e-05
1110,3.0636227130889893,5.429381370544434,1.4013458490371704,0.3544771671295166,1.1544139385223389,12.891225814819336,1271.8403594403778,9.978286834351917e-05
1120,3.2463271617889404,5.585061073303223,1.490451693534851,0.3800252676010132,1.7404005527496338,13.057672500610352,1271.8214891726866,9.977569688829475e-05
1130,3.128335475921631,5.467105865478516,1.717247724533081,0.34233537316322327,0.7397269606590271,12.99649429321289,1271.8015707965544,9.97684092152348e-05
1140,2.9203569889068604,5.2794508934021,1.390570044517517,0.33933719992637634,1.0718451738357544,12.960461616516113,1271.78263068554,9.976100534325493e-05
1150,3.063478708267212,5.273596286773682,1.6612918376922607,0.33923861384391785,1.1227073669433594,13.08774185180664,1271.7640835023942,9.97534852915723e-05
1160,3.134186267852783,5.430862903594971,1.7389309406280518,0.3379767835140228,0.6927412152290344,12.899221420288086,1271.745072499473,9.974584907970562e-05
1170,3.131744384765625,5.345423698425293,1.7598984241485596,0.35348135232925415,0.7735674977302551,12.97770881652832,1271.7258571002208,9.97380967274751e-05
1180,3.143235683441162,5.419777870178223,1.7143340110778809,0.3862801790237427,2.419544219970703,13.053853034973145,1271.7074825932762,9.973022825500239e-05
1190,3.0913379192352295,5.379448890686035,1.758208155632019,0.3303591310977936,1.3659478425979614,13.109627723693848,1271.6899588862152,9.97222436827106e-05
1200,2.999181032180786,5.3872246742248535,1.722090721130371,0.3155854344367981,1.0985407829284668,13.101960182189941,1271.6711788616947,9.971414303132409e-05
1210,3.057936191558838,5.444581031799316,1.683896780014038,0.3519071936607361,1.0392512083053589,12.950322151184082,1271.6522707229776,9.970592632186858e-05
1220,3.0808753967285156,5.35793399810791,2.004706621170044,0.34279173612594604,0.9717725515365601,13.259787559509277,1271.6327995764825,9.969759357567099e-05
1230,3.1786837577819824,5.5193376541137695,1.8288276195526123,0.3309902548789978,1.6450660228729248,13.174567222595215,1271.613946435575,9.968914481435942e-05
1240,3.045980930328369,5.345759391784668,1.5547575950622559,0.3416513204574585,0.8405923843383789,13.385858535766602,1271.5949412733994,9.968058005986315e-05
1250,3.0357213020324707,5.281957149505615,1.697065830230713,0.32524996995925903,0.7449246048927307,13.202692031860352,1271.5761196285075,9.967189933441243e-05
1260,2.9889628887176514,5.3359856605529785,1.6418086290359497,0.29975229501724243,0.7403814196586609,13.265076637268066,1271.5576281086906,9.966310266053861e-05
1270,2.984783887863159,5.338179588317871,1.6141990423202515,0.3286106288433075,1.0210413932800293,13.120162963867188,1271.539551669483,9.96541900610739e-05
1280,2.9845035076141357,5.28102970123291,1.6345497369766235,0.29025375843048096,1.1637225151062012,13.318475723266602,1271.5217474238777,9.964516155915151e-05
1290,2.8387675285339355,5.120934963226318,1.7096738815307617,0.31133052706718445,0.941555380821228,13.210441589355469,1271.5034823896092,9.963601717820538e-05
1300,3.0487310886383057,5.24804162979126,1.7755250930786133,0.29227784276008606,1.14946448802948,13.280651092529297,1271.4862520663085,9.96267569419703e-05
1310,2.970576286315918,5.141549110412598,1.8528586626052856,0.31688639521598816,1.1282917261123657,13.276735305786133,1271.4671701798109,9.96173808744817e-05
1320,2.9187026023864746,5.129759311676025,1.8745194673538208,0.31795674562454224,0.8292953372001648,13.373481750488281,1271.4480822820606,9.96078890000757e-05
1330,3.097564220428467,5.302289962768555,1.641068696975708,0.30813997983932495,0.9834374189376831,13.3787202835083,1271.4297646824314,9.9598281343389e-05
1340,2.874907970428467,5.062463760375977,1.4718929529190063,0.3023090660572052,0.8397095799446106,13.466365814208984,1271.4126535365283,9.958855792935884e-05
1350,3.0527679920196533,5.3178205490112305,1.8330596685409546,0.3079192340373993,0.7069985866546631,13.405734062194824,1271.3948618134732,9.957871878322283e-05
1360,2.7845466136932373,5.02583122253418,1.4362738132476807,0.3350776135921478,0.8396874666213989,13.421628952026367,1271.37704688379,9.956876393051906e-05
1370,2.956176519393921,5.192229270935059,1.4492696523666382,0.2639309763908386,1.275079369544983,13.316162109375,1271.3596052249864,9.95586933970859e-05
1380,2.9729104042053223,5.159012317657471,1.5324246883392334,0.29488447308540344,0.8452644944190979,13.559412002563477,1271.3422349538537,9.954850720906197e-05
1390,3.022365093231201,5.20927619934082,1.5668543577194214,0.32997217774391174,1.094391942024231,13.42183780670166,1271.3242921271026,9.953820539288612e-05
1400,2.9523231983184814,5.105019569396973,1.4103431701660156,0.2942623198032379,0.7236431837081909,13.425034523010254,1271.3063395456393,9.95277879752973e-05
1410,2.936692953109741,5.0306243896484375,1.6327484846115112,0.28496047854423523,0.7047088742256165,13.379999160766602,1271.2872934941406,9.951725498333448e-05
1420,2.9706106185913086,5.165894031524658,1.4918615818023682,0.3202858567237854,0.8725097179412842,13.420276641845703,1271.2687361941323,9.950660644433664e-05
1430,3.0359537601470947,5.1201372146606445,1.7953089475631714,0.2977867126464844,0.9416003823280334,13.578953742980957,1271.2507695473103,9.949584238594264e-05
1440,3.118795156478882,5.292982578277588,1.572615623474121,0.32631632685661316,0.9490240216255188,13.734539985656738,1271.232853341677,9.948496283609122e-05
1450,2.8695902824401855,5.148215293884277,1.614847183227539,0.3064880669116974,1.351758360862732,13.472561836242676,1271.2141716377887,9.947396782302088e-05
1460,2.776273727416992,4.905338287353516,1.6395739316940308,0.27074891328811646,0.7720927000045776,13.742937088012695,1271.1952736166938,9.946285737526974e-05
1470,2.739708185195923,4.809133052825928,1.4644824266433716,0.2988773286342621,1.4840202331542969,13.523995399475098,1271.1773474941792,9.945163152167565e-05
1480,2.7925896644592285,4.985208511352539,1.5302672386169434,0.2792246639728546,1.3062684535980225,13.754773139953613,1271.1591717652157,9.944029029137591e-05
1490,2.908390760421753,5.1271443367004395,1.8112949132919312,0.2988053858280182,1.4386005401611328,13.615476608276367,1271.140638662608,9.942883371380733e-05
1500,2.8108553886413574,4.9280924797058105,1.5654635429382324,0.24770326912403107,0.7905962467193604,13.650361061096191,1271.1225861084279,9.941726181870608e-05
1510,2.921368360519409,5.055081844329834,1.6342922449111938,0.2829474210739136,1.5618942975997925,13.758801460266113,1271.1044469453975,9.94055746361077e-05
1520,2.8092548847198486,4.942793369293213,1.5890249013900757,0.3171173632144928,0.9883758425712585,13.733654975891113,1271.0869077922468,9.939377219634689e-05
1530,2.9492266178131104,5.0714216232299805,1.8492567539215088,0.28023582696914673,1.7005478143692017,13.711809158325195,1271.069464945224,9.938185453005758e-05
1540,2.879687786102295,4.941248893737793,1.5640608072280884,0.2855928838253021,1.4901992082595825,13.766676902770996,1271.051933177521,9.936982166817273e-05
1550,2.8186914920806885,4.824396133422852,1.5220333337783813,0.2924947440624237,1.219510555267334,13.717329025268555,1271.0354190139992,9.935767364192428e-05
1560,2.8404719829559326,4.945173263549805,1.7031705379486084,0.28821036219596863,0.7836517095565796,13.898887634277344,1271.0187215826338,9.934541048284317e-05
1570,2.8638651371002197,5.004801273345947,1.1754076480865479,0.28590652346611023,2.5410900115966797,13.710819244384766,1271.0014943200474,9.933303222275907e-05
1580,2.897397994995117,5.123108863830566,1.8068625926971436,0.2853042185306549,0.9612855911254883,13.904016494750977,1270.9836894796201,9.932053889380048e-05
1590,2.820707082748413,4.893555641174316,1.655900001525879,0.3218846917152405,1.6322201490402222,14.003697395324707,1270.9665337359465,9.930793052839452e-05
1600,2.762604236602783,4.8679022789001465,1.519426941871643,0.320239782333374,1.3296005725860596,14.03564453125,1270.949416240554,9.92952071592669e-05
1610,2.6380629539489746,4.753067970275879,1.5616464614868164,0.2953706681728363,1.18705415725708,13.835258483886719,1270.9325223247474,9.928236881944187e-05
1620,2.5407793521881104,4.781505107879639,1.4371033906936646,0.2576148808002472,0.950168788433075,13.741599082946777,1270.9162145971707,9.926941554224203e-05
1630,2.6319262981414795,4.653792381286621,1.568374514579773,0.2852382957935333,1.0530509948730469,13.707398414611816,1270.8987600441558,9.925634736128836e-05
1640,2.7794198989868164,4.9784040451049805,1.6182513236999512,0.29895853996276855,1.415169596672058,13.930222511291504,1270.8814642428931,9.924316431050005e-05
1650,2.66646671295166,4.7528886795043945,1.3971059322357178,0.28785666823387146,1.131880283355713,13.821401596069336,1270.86452145202,9.922986642409447e-05
1660,2.90781831741333,4.838011741638184,1.6971266269683838,0.28359100222587585,1.185310959815979,13.919720649719238,1270.8481017467416,9.921645373658697e-05
1670,2.7657506465911865,4.821000099182129,1.8380348682403564,0.2679761052131653,2.468069076538086,13.961997032165527,1270.8315926035211,9.920292628279099e-05
1680,2.710203170776367,4.827095031738281,1.8413833379745483,0.26608461141586304,2.234440565109253,13.961936950683594,1270.8147578831877,9.91892840978178e-05
1690,2.9660515785217285,5.005386829376221,1.9353291988372803,0.3124118447303772,2.650027275085449,13.943181037902832,1270.797889069352,9.917552721707642e-05
1700,2.8941357135772705,4.81240701675415,1.7434595823287964,0.29593709111213684,2.074157953262329,13.809122085571289,1270.7819808605686,9.916165567627362e-05
1710,2.796321153640747,4.836064338684082,1.6533739566802979,0.25936946272850037,1.6580127477645874,13.92150592803955,1270.7661744210586,9.914766951141376e-05
1720,2.5940585136413574,4.596761703491211,1.555077075958252,0.2489354908466339,1.228009819984436,13.94662857055664,1270.7494797448715,9.913356875879873e-05
1730,2.6155219078063965,4.610616683959961,1.5414035320281982,0.2431885451078415,0.8252818584442139,13.99975299835205,1270.7321629264245,9.911935345502782e-05
1740,2.833383560180664,4.955270290374756,1.53215754032135,0.2931210696697235,1.8049023151397705,13.956313133239746,1270.7161087241543,9.910502363699764e-05
1750,2.4663970470428467,4.635246276855469,1.561263084411621,0.27388009428977966,0.8958878517150879,14.025198936462402,1270.6996329308965,9.909057934190205e-05
1760,2.729243755340576,4.6831865310668945,1.7736997604370117,0.26674580574035645,0.7903364896774292,14.105491638183594,1270.6834432346218,9.907602060723202e-05
1770,2.650269031524658,4.745378494262695,1.462073564529419,0.2867332994937897,1.3520563840866089,14.089424133300781,1270.667019273876,9.906134747077557e-05
1780,2.6773462295532227,4.668255805969238,1.447960376739502,0.27220219373703003,2.409128189086914,14.635354042053223,1270.6496289663896,9.904655997061765e-05
1790,2.5964200496673584,4.556689262390137,1.3393328189849854,0.27764490246772766,2.096508502960205,14.169177055358887,1270.632869955721,9.903165814514004e-05
1800,2.6794965267181396,4.643567085266113,1.6790149211883545,0.2878979444503784,0.9672396779060364,14.078851699829102,1270.6160883947905,9.901664203302126e-05
1810,2.6224112510681152,4.630986213684082,1.4954612255096436,0.25429514050483704,1.3484978675842285,14.0360746383667,1270.5985627963653,9.900151167323648e-05
1820,2.679070472717285,4.732842445373535,1.6384756565093994,0.2540290653705597,1.667410135269165,14.175474166870117,1270.5827210801547,9.898626710505741e-05
1830,2.589251756668091,4.4606032371521,1.5161882638931274,0.28306394815444946,1.839016318321228,14.253032684326172,1270.5663602878208,9.897090836805216e-05
1840,2.772003173828125,5.0035624504089355,1.9064160585403442,0.22661171853542328,2.0630674362182617,14.15603256225586,1270.549453902111,9.89554355020852e-05
1850,2.5525712966918945,4.580392837524414,1.4925943613052368,0.2560531497001648,0.9108450412750244,14.137740135192871,1270.532809840812,9.893984854731725e-05
1860,2.610384941101074,4.534636497497559,1.1465057134628296,0.2864687740802765,1.2270127534866333,14.228428840637207,1270.5163973309693,9.892414754420509e-05
1870,2.686136245727539,4.631620407104492,1.7190278768539429,0.2759415805339813,1.129900336265564,14.377960205078125,1270.4995941895725,9.890833253350157e-05
1880,2.6756832599639893,4.637914657592773,1.4759856462478638,0.25534385442733765,0.811899721622467,14.370025634765625,1270.4826347209603,9.889240355625543e-05
1890,2.5383222103118896,4.555837154388428,1.777591586112976,0.2902616560459137,0.9155146479606628,14.182788848876953,1270.4660106484598,9.887636065381125e-05
1900,2.534538745880127,4.433175563812256,1.5813974142074585,0.2254662811756134,1.3134257793426514,14.269536972045898,1270.4499256263875,9.886020386780927e-05
1910,2.6309239864349365,4.633813858032227,1.7719628810882568,0.24713338911533356,0.8428634405136108,14.33006477355957,1270.4333658883675,9.88439332401853e-05
1920,2.4416325092315674,4.484446048736572,1.4016685485839844,0.23037153482437134,1.0626187324523926,14.354839324951172,1270.4169999546727,9.882754881317072e-05
1930,2.518561840057373,4.398314476013184,1.3864318132400513,0.27624011039733887,1.7346309423446655,14.420289993286133,1270.4012108140034,9.881105062929221e-05
1940,2.599146842956543,4.549115180969238,1.5176973342895508,0.2540016174316406,1.2757281064987183,14.27881908416748,1270.385241897153,9.879443873137174e-05
1950,2.531196355819702,4.386398792266846,1.6136797666549683,0.26810896396636963,0.9249763488769531,14.415035247802734,1270.369725717101,9.87777131625264e-05
1960,2.6064751148223877,4.566695213317871,1.755706548690796,0.26925429701805115,1.6983221769332886,14.412895202636719,1270.3529922550965,9.876087396616837e-05
1970,2.6341731548309326,4.576336860656738,1.7687832117080688,0.2887435555458069,1.5458306074142456,14.331743240356445,1270.3368873827733,9.874392118600471e-05
1980,2.6116881370544434,4.558403968811035,1.9226161241531372,0.2399178296327591,1.4741559028625488,14.795442581176758,1270.3216628289879,9.872685486603735e-05
1990,2.493309736251831,4.470913887023926,1.6973178386688232,0.2582610547542572,1.527326226234436,14.56075382232666,1270.3063398769707,9.870967505056283e-05
2000,2.530482769012451,4.444446086883545,1.7284290790557861,0.26248255372047424,1.6392219066619873,14.431607246398926,1270.290618799616,9.869238178417235e-05
2010,2.6274752616882324,4.573624134063721,1.7765827178955078,0.2681700885295868,2.3882806301116943,14.88868236541748,1270.2748069266518,9.867497511175156e-05
2020,2.5361647605895996,4.383565425872803,1.5512645244598389,0.26430922746658325,1.0882306098937988,14.547003746032715,1270.2587923454732,9.865745507848045e-05
2030,2.5374984741210938,4.36701774597168,1.5562995672225952,0.27949258685112,2.3902809619903564,14.532258033752441,1270.2434794896908,9.863982172983323e-05
2040,2.5339813232421875,4.414424419403076,1.5482889413833618,0.2580656111240387,1.5449222326278687,14.5725736618042,1270.2278015791228,9.862207511157829e-05
2050,2.556920289993286,4.501601219177246,1.557008147239685,0.25693657994270325,1.7294814586639404,14.537108421325684,1270.2114065416276,9.860421526977794e-05
2060,2.6209120750427246,4.415430545806885,1.5789523124694824,0.28063076734542847,1.4170180559158325,14.539434432983398,1270.1958642045308,9.858624225078841e-05
2070,2.397458553314209,4.254572868347168,1.6591010093688965,0.25066041946411133,1.4560372829437256,14.564305305480957,1270.180427838982,9.856815610125968e-05
2080,2.52024507522583,4.295689105987549,1.739200472831726,0.24672473967075348,1.1312446594238281,14.564531326293945,1270.1649183263228,9.854995686813538e-05
2090,2.584496259689331,4.602198123931885,1.4379960298538208,0.26326948404312134,1.9382297992706299,14.663602828979492,1270.149398982881,9.853164459865262e-05
2100,2.5073773860931396,4.39754056930542,1.5163214206695557,0.261736124753952,0.9938836693763733,14.691264152526855,1270.1335468332038,9.851321934034195e-05
2110,2.56903076171875,4.404665946960449,1.37238609790802,0.2563653290271759,0.9033418893814087,14.753341674804688,1270.118127854315,9.849468114102712e-05
2120,2.690905809402466,4.453526020050049,1.6962864398956299,0.2505784034729004,1.9995347261428833,14.73247241973877,1270.1023943721423,9.84760300488251e-05
2130,2.4059863090515137,4.255240440368652,1.6790522336959839,0.2713957130908966,1.3972983360290527,14.694591522216797,1270.086056525194,9.845726611214586e-05
2140,2.467273235321045,4.292036056518555,1.6108839511871338,0.25999394059181213,1.3622363805770874,14.773428916931152,1270.0697202658348,9.843838937969223e-05
2150,2.4413504600524902,4.20952844619751,1.580772876739502,0.22285212576389313,1.0666680335998535,14.746391296386719,1270.0536959709464,9.841939990045983e-05
2160,2.6098735332489014,4.481191158294678,1.8571141958236694,0.2627217173576355,2.7771432399749756,14.62437629699707,1270.0382592774647,9.84002977237369e-05
2170,2.540644407272339,4.499797344207764,1.7276610136032104,0.22816094756126404,2.4710094928741455,14.707802772521973,1270.022644683457,9.838108289910425e-05
2180,2.6362597942352295,4.364405155181885,1.6377668380737305,0.24093367159366608,1.7955236434936523,14.895048141479492,1270.0076341577444,9.836175547643502e-05
2190,2.5485851764678955,4.399509906768799,1.5400583744049072,0.2573608458042145,1.8810079097747803,14.909329414367676,1269.9927010052725,9.834231550589462e-05
2200,2.5995397567749023,4.3284783363342285,1.8516523838043213,0.25116226077079773,1.510898232460022,14.77820873260498,1269.9787078633674,9.832276303794058e-05
2210,2.506061553955078,4.385666370391846,1.6471431255340576,0.26888635754585266,3.13759446144104,14.885787010192871,1269.9643250834408,9.830309812332244e-05
2220,2.403358221054077,4.273806095123291,1.7886762619018555,0.2514118254184723,2.3773648738861084,14.790558815002441,1269.9498224811116,9.828332081308159e-05
2230,2.625185251235962,4.41315221786499,1.4347749948501587,0.25749653577804565,1.7888805866241455,14.850372314453125,1269.935214436724,9.826343115855113e-05
2240,2.4667582511901855,4.2831220626831055,1.6031028032302856,0.23361600935459137,1.2189422845840454,14.935731887817383,1269.9214319953712,9.82434292113558e-05
2250,2.5603482723236084,4.49124002456665,1.668366551399231,0.28203973174095154,2.009085178375244,14.906147003173828,1269.9068670079203,9.822331502341176e-05
2260,2.4330155849456787,4.191312789916992,1.6799705028533936,0.22395949065685272,1.3945305347442627,14.982538223266602,1269.8921680133847,9.820308864692652e-05
2270,2.474118232727051,4.336075305938721,1.4916185140609741,0.21764209866523743,1.7563719749450684,15.037943840026855,1269.8774279971387,9.818275013439877e-05
2280,2.593897819519043,4.322569847106934,1.674054503440857,0.2435530126094818,2.4229724407196045,15.002612113952637,1269.862525252239,9.816229953861829e-05
2290,2.4054505825042725,4.206979274749756,1.6159517765045166,0.24130266904830933,2.667031764984131,15.002333641052246,1269.8477257517945,9.814173691266569e-05
2300,2.35489559173584,4.229813575744629,1.6546870470046997,0.2108517289161682,1.7469669580459595,14.728525161743164,1269.8345806646587,9.812106230991248e-05
2310,2.4211573600769043,4.219165325164795,1.4351716041564941,0.22620952129364014,3.7102787494659424,14.969021797180176,1269.819746208671,9.810027578402073e-05
2320,2.49784517288208,4.231184482574463,1.8029893636703491,0.2436288595199585,1.391595721244812,14.821844100952148,1269.8058027802274,9.807937738894303e-05
2330,2.494489908218384,4.225064754486084,1.5038436651229858,0.22764790058135986,1.1922320127487183,15.171734809875488,1269.7915733767743,9.805836717892233e-05
2340,2.514904737472534,4.226497650146484,1.7829612493515015,0.23083965480327606,1.932877779006958,15.058066368103027,1269.776102340652,9.803724520849184e-05
2350,2.466348648071289,4.316789150238037,1.4662611484527588,0.24311062693595886,1.2649328708648682,15.130072593688965,1269.7612985131245,9.801601153247482e-05
2360,2.411831855773926,4.210444450378418,1.7551226615905762,0.2578078806400299,1.5437146425247192,15.147748947143555,1269.7466546404692,9.799466620598442e-05
2370,2.5020909309387207,4.319340705871582,1.4822746515274048,0.22399552166461945,2.2757859230041504,15.083017349243164,1269.733037986211,9.797320928442366e-05
2380,2.4353880882263184,4.117167949676514,1.6645628213882446,0.2518928349018097,1.1681429147720337,15.144059181213379,1269.7185382908933,9.795164082348522e-05
2390,2.422325372695923,4.263647079467773,1.3177578449249268,0.22229768335819244,1.4398274421691895,15.098569869995117,1269.7045345755887,9.79299608791512e-05
2400,2.315138816833496,4.031618595123291,1.4415298700332642,0.21330048143863678,2.8300721645355225,15.361590385437012,1269.6905167775346,9.790816950769313e-05
2410,2.545905828475952,4.372901916503906,1.6061164140701294,0.23460237681865692,2.2193422317504883,15.146011352539062,1269.6757931201544,9.788626676567176e-05
2420,2.4776222705841064,4.175724506378174,1.5961261987686157,0.2453150451183319,2.8823342323303223,15.163676261901855,1269.6609320076464,9.786425270993685e-05
2430,2.4135921001434326,4.146677494049072,1.287675380706787,0.26119884848594666,2.004098653793335,15.164326667785645,1269.6466027385047,9.784212739762715e-05
2440,2.3356130123138428,4.149786949157715,1.4609187841415405,0.23052562773227692,1.676878809928894,15.261327743530273,1269.632358555997,9.781989088617014e-05
2450,2.390512228012085,4.155614376068115,1.6167556047439575,0.22504237294197083,2.257139205932617,16.04085350036621,1269.6178544798167,9.779754323328192e-05
2460,2.2914605140686035,4.028268337249756,1.5520691871643066,0.2212340235710144,3.121947765350342,15.279788970947266,1269.6030991044956,9.777508449696709e-05
2470,2.438408136367798,4.194068908691406,1.519797444343567,0.24660919606685638,2.060356855392456,15.151411056518555,1269.5886087385952,9.775251473551855e-05
2480,2.2211501598358154,3.905367851257324,1.5238291025161743,0.25397780537605286,2.0842180252075195,15.51993465423584,1269.5747467143165,9.772983400751741e-05
2490,2.369189739227295,4.030028343200684,1.661466360092163,0.2508121728897095,1.342501163482666,15.436870574951172,1269.5614985760574,9.770704237183276e-05
2500,2.2202227115631104,3.8570845127105713,1.390089988708496,0.2549634575843811,1.6032129526138306,15.19614028930664,1269.54755905536,9.768413988762156e-05
2510,2.3800337314605713,4.2082014083862305,1.518027424812317,0.23605217039585114,1.7889653444290161,15.333789825439453,1269.533620695005,9.766112661432849e-05
2520,2.240610361099243,3.988551616668701,1.2567980289459229,0.21104171872138977,1.758466124534607,15.2421236038208,1269.5198262491713,9.763800261168581e-05
2530,2.3598790168762207,4.064884662628174,1.717732548713684,0.2539415955543518,1.8664193153381348,15.358916282653809,1269.5050364471836,9.761476793971315e-05
2540,2.4052536487579346,4.202630043029785,1.6938989162445068,0.21696314215660095,1.5660847425460815,15.325931549072266,1269.490497923938,9.759142265871744e-05
2550,2.158637285232544,3.7517080307006836,1.6757264137268066,0.2639264166355133,2.555495500564575,15.41009521484375,1269.4765650151535,9.756796682929263e-05
2560,2.364079236984253,4.1851959228515625,1.2847148180007935,0.20866914093494415,1.388376235961914,15.308597564697266,1269.4628120289437,9.754440051231967e-05
2570,2.244889259338379,4.020114898681641,1.3168399333953857,0.19183461368083954,1.3361945152282715,15.584309577941895,1269.44795211497,9.752072376896624e-05
2580,2.2830655574798584,4.004772663116455,1.4792182445526123,0.24213619530200958,1.8885040283203125,15.326128005981445,1269.4345393044184,9.749693666068664e-05
2590,2.3791143894195557,4.010176658630371,1.5824192762374878,0.24461086094379425,1.2436058521270752,15.512939453125,1269.4206349051515,9.74730392492217e-05
2600,2.46756649017334,4.264258861541748,1.7356245517730713,0.2327641397714615,2.009347438812256,15.40630054473877,1269.407314006609,9.744903159659843e-05
2610,2.435330867767334,4.234556198120117,1.4984588623046875,0.2277338206768036,1.9903498888015747,15.537177085876465,1269.3933977379336,9.74249137651301e-05
2620,2.345838785171509,4.097010135650635,1.608526349067688,0.25259917974472046,1.6283636093139648,15.292016983032227,1269.37941564023,9.740068581741586e-05
2630,2.1420414447784424,3.7717936038970947,1.6484657526016235,0.19273686408996582,1.9910796880722046,15.578311920166016,1269.3648930571937,9.737634781634071e-05
2640,2.3665709495544434,3.9709103107452393,1.8852777481079102,0.23635204136371613,2.1809580326080322,15.403095245361328,1269.3520960163378,9.735189982507531e-05
2650,2.399527072906494,4.0655198097229,1.6801213026046753,0.22203108668327332,1.6465222835540771,15.515640258789062,1269.338593860783,9.732734190707577e-05
2660,2.2565484046936035,3.898076057434082,1.5827921628952026,0.23625914752483368,1.2810989618301392,15.537930488586426,1269.323880752589,9.73026741260836e-05
2670,2.3329992294311523,3.955143928527832,1.5097213983535767,0.2786504030227661,1.5603691339492798,15.543682098388672,1269.3095639967082,9.727789654612534e-05
2680,2.2507870197296143,3.9887542724609375,1.5035537481307983,0.20038050413131714,1.449841022491455,15.468605995178223,1269.2949315921105,9.725300923151262e-05
2690,2.4724957942962646,4.101443290710449,1.9273780584335327,0.24488148093223572,1.3727970123291016,15.382498741149902,1269.2807839599132,9.72280122468419e-05
2700,2.2384979724884033,3.801647186279297,1.5842262506484985,0.22938354313373566,1.9150595664978027,15.544888496398926,1269.2665568744503,9.72029056569942e-05
2710,2.418442964553833,4.148192405700684,1.703771948814392,0.22797220945358276,1.5330853462219238,15.457771301269531,1269.2530615951491,9.717768952713513e-05
2720,2.416724443435669,4.070380687713623,1.6288288831710815,0.22739966213703156,2.4446842670440674,15.581123352050781,1269.2388636436103,9.715236392271454e-05
2730,2.243147850036621,3.856858730316162,1.666845440864563,0.23501886427402496,2.438448667526245,15.5803861618042,1269.2252414562793,9.712692890946645e-05
2740,2.2267544269561768,3.9146077632904053,1.5514476299285889,0.2124507874250412,1.231755018234253,15.592617988586426,1269.2106915291156,9.71013845534089e-05
2750,2.2187697887420654,3.868671178817749,1.6409270763397217,0.19256053864955902,1.272932529449463,15.666327476501465,1269.1972223286082,9.707573092084368e-05
2760,2.2733826637268066,3.8738930225372314,1.4407916069030762,0.22802871465682983,1.2872380018234253,15.542688369750977,1269.1840428507674,9.704996807835622e-05
2770,2.2665276527404785,3.955918312072754,1.6090859174728394,0.2162555456161499,1.9340893030166626,15.708739280700684,1269.1701458402933,9.702409609281545e-05
2780,2.303910732269287,3.9178433418273926,1.7594231367111206,0.22721906006336212,1.851422905921936,15.682007789611816,1269.1566994187099,9.699811503137357e-05
2790,2.341218948364258,4.1541643142700195,1.5799285173416138,0.212042897939682,1.3801589012145996,15.732787132263184,1269.143399410064,9.697202496146584e-05
2800,2.2163004875183105,3.7743239402770996,1.4806026220321655,0.23304811120033264,1.4995020627975464,15.925966262817383,1269.1303673449527,9.694582595081057e-05
2810,2.2352242469787598,3.8383877277374268,1.5196409225463867,0.24763831496238708,1.2126864194869995,15.74520206451416,1269.1167595735467,9.691951806740867e-05
2820,2.2888832092285156,3.889232873916626,1.653732180595398,0.19142279028892517,2.8033392429351807,15.71794605255127,1269.1033084453843,9.689310137954382e-05
2830,2.106269121170044,3.6066176891326904,1.6785353422164917,0.21953102946281433,1.7325512170791626,15.912893295288086,1269.0892177177477,9.686657595578195e-05
2840,2.1227879524230957,3.596067428588867,1.6775153875350952,0.20191526412963867,2.0648128986358643,15.828219413757324,1269.0756421122392,9.683994186497132e-05
2850,2.195746898651123,3.819406032562256,1.5663633346557617,0.23653647303581238,2.340592861175537,15.647233009338379,1269.061505044769,9.68131991762422e-05
2860,2.2511942386627197,3.8357815742492676,1.7056224346160889,0.23771750926971436,2.091482639312744,15.550246238708496,1269.0473915948799,9.678634795900675e-05
2870,1.966249942779541,3.511253833770752,1.2813448905944824,0.22567442059516907,1.322342872619629,15.66090202331543,1269.0345721816739,9.675938828295879e-05
2880,2.307727575302124,3.8393001556396484,1.8538342714309692,0.22160540521144867,1.571781873703003,15.702600479125977,1269.0215412030473,9.673232021807369e-05
2890,2.0489587783813477,3.4606354236602783,1.6541591882705688,0.24296614527702332,1.2203949689865112,15.931822776794434,1269.0084668233635,9.670514383460814e-05
2900,2.1069300174713135,3.613534450531006,1.4725148677825928,0.2099369466304779,1.281559705734253,15.883705139160156,1268.9950599444776,9.667785920309994e-05
2910,2.2303881645202637,3.9434056282043457,1.4623850584030151,0.22021906077861786,2.2581675052642822,15.923551559448242,1268.9811157276404,9.665046639436793e-05
2920,2.1988298892974854,3.655897617340088,1.778879165649414,0.22446715831756592,2.6096396446228027,15.752289772033691,1268.967001290546,9.662296547951163e-05
2930,1.9867675304412842,3.4580206871032715,1.4413539171218872,0.20111069083213806,1.416468620300293,15.854897499084473,1268.9529122828337,9.659535652991123e-05
2940,2.2276663780212402,3.688976526260376,1.8311371803283691,0.22969995439052582,1.5220211744308472,15.67978572845459,1268.939489958086,9.656763961722732e-05
2950,2.2738516330718994,3.801133632659912,1.6012341976165771,0.21275341510772705,2.0795645713806152,15.723983764648438,1268.9261558550722,9.65398148134007e-05
2960,2.264946460723877,3.865478992462158,1.3433908224105835,0.23094159364700317,1.80081045627594,15.75336742401123,1268.912903076774,9.65118821906522e-05
2970,1.9722919464111328,3.477607011795044,1.44333016872406,0.23351627588272095,1.2637856006622314,16.029541015625,1268.8993449480618,9.648384182148252e-05
2980,2.2841591835021973,3.7899930477142334,1.5508002042770386,0.2417536973953247,1.9976427555084229,15.910243034362793,1268.8855616804958,9.645569377867201e-05
2990,2.3095626831054688,3.810269594192505,1.5257381200790405,0.22232437133789062,1.6322063207626343,16.02352523803711,1268.8719329896842,9.64274381352805e-05
3000,2.2436890602111816,3.917020797729492,1.5416661500930786,0.22317810356616974,3.4106037616729736,15.772817611694336,1268.8577499596831,9.639907496464709e-05
3010,2.213893175125122,3.7360317707061768,1.4723501205444336,0.19867751002311707,1.8047107458114624,16.136085510253906,1268.8437080946308,9.637060434038999e-05
3020,2.094423294067383,3.5596399307250977,1.6323959827423096,0.20723150670528412,1.3690000772476196,15.92097282409668,1268.8304627298114,9.63420263364063e-05
3030,2.234619379043579,3.841684579849243,1.556180477142334,0.22035092115402222,1.543923020362854,15.873885154724121,1268.8176671193683,9.631334102687183e-05
3040,2.355015993118286,4.0831828117370605,1.4971939325332642,0.1994016319513321,4.684553623199463,16.035856246948242,1268.8043719703487,9.628454848624091e-05
3050,2.025846004486084,3.5318808555603027,1.6655521392822266,0.2154581993818283,3.1165049076080322,15.969484329223633,1268.791190889243,9.625564878924622e-05
3060,2.078889846801758,3.629227876663208,1.4647550582885742,0.21049508452415466,2.5328311920166016,16.3671932220459,1268.77799384835,9.62266420108985e-05
3070,2.2863080501556396,3.8361740112304688,1.7617287635803223,0.22966456413269043,2.4236490726470947,16.02462387084961,1268.7650662791818,9.619752822648652e-05
3080,2.0670125484466553,3.6080901622772217,1.5283901691436768,0.19968581199645996,1.4960860013961792,15.92855167388916,1268.7515495956702,9.616830751157673e-05
3090,2.175736904144287,3.7151477336883545,1.5567524433135986,0.25577422976493835,1.5695054531097412,15.898662567138672,1268.7390908229142,9.613897994201312e-05
3100,2.227226734161377,3.7937216758728027,1.529069185256958,0.2007802128791809,1.6856540441513062,15.903218269348145,1268.7256096886274,9.610954559391703e-05
3110,2.0932466983795166,3.5589187145233154,1.6198259592056274,0.2371000349521637,1.9267704486846924,16.241994857788086,1268.7112013125745,9.608000454368702e-05
3120,2.118244171142578,3.759718656539917,1.4940146207809448,0.2169482260942459,1.3784360885620117,16.211124420166016,1268.698334461092,9.605035686799851e-05
3130,2.1803202629089355,3.7012081146240234,1.6388217210769653,0.22538265585899353,1.3376784324645996,15.986856460571289,1268.6854414139125,9.602060264380368e-05
3140,2.194124698638916,3.752387046813965,1.9172990322113037,0.22761443257331848,2.2152185440063477,16.107589721679688,1268.6725408653974,9.599074194833133e-05
3150,2.226680040359497,3.9214046001434326,1.2583651542663574,0.24450571835041046,2.3578922748565674,16.41657257080078,1268.6590611772904,9.596077485908656e-05
3160,2.1354153156280518,3.5833346843719482,1.6017571687698364,0.21863532066345215,1.8379813432693481,16.11054039001465,1268.6453664534754,9.593070145385064e-05
3170,2.1213526725769043,3.564764976501465,1.5894708633422852,0.21979071199893951,1.647884726524353,16.109888076782227,1268.6322076584306,9.590052181068075e-05
3180,1.8977162837982178,3.502591371536255,1.538767695426941,0.18440085649490356,1.7240887880325317,16.15293312072754,1268.6191648156973,9.58702360079099e-05
3190,1.9923774003982544,3.457019567489624,1.5053656101226807,0.21318070590496063,2.463006019592285,16.34195899963379,1268.6051977519207,9.583984412414655e-05
3200,2.2475926876068115,3.7550902366638184,1.7033113241195679,0.22246532142162323,3.907694101333618,16.246871948242188,1268.5916443919982,9.580934623827455e-05
3210,2.2487456798553467,3.7708921432495117,1.8366806507110596,0.220550537109375,2.7958168983459473,16.07061195373535,1268.578022744697,9.577874242945288e-05
3220,2.1191234588623047,3.4909560680389404,1.522589087486267,0.239839568734169,1.87913179397583,16.265518188476562,1268.5646665510799,9.574803277711545e-05
3230,2.1259515285491943,3.603250026702881,1.7509989738464355,0.20195727050304413,2.5362632274627686,16.126115798950195,1268.5516404136272,9.571721736097089e-05
3240,1.9988908767700195,3.4790642261505127,1.4017900228500366,0.2161693125963211,1.5739206075668335,16.11835289001465,1268.538658782999,9.568629626100231e-05
3250,2.2653560638427734,3.789830207824707,1.6198489665985107,0.2527540326118469,1.9403700828552246,16.14777374267578,1268.5258850223688,9.565526955746721e-05
3260,2.3272790908813477,3.847291946411133,1.698161244392395,0.21834906935691833,2.8030214309692383,16.28574562072754,1268.5127292867692,9.56241373308971e-05
3270,2.09116268157959,3.59139347076416,1.6221728324890137,0.22457826137542725,4.041677474975586,16.1806583404541,1268.5000987105532,9.559289966209744e-05
3280,2.17818021774292,3.662281036376953,1.7883219718933105,0.21968424320220947,2.165865898132324,16.330106735229492,1268.4871154033667,9.556155663214736e-05
3290,2.1429333686828613,3.6867616176605225,1.5511338710784912,0.23995524644851685,2.6724774837493896,16.235633850097656,1268.4744089246842,9.553010832239945e-05
3300,2.225274085998535,3.7240090370178223,1.7935237884521484,0.2345685362815857,1.742510199546814,16.35013771057129,1268.4618427234489,9.549855481447954e-05
3310,2.222931385040283,3.5876517295837402,1.500928521156311,0.2275974005460739,4.132661819458008,16.413516998291016,1268.4486135974819,9.546689619028658e-05
3320,1.9187934398651123,3.3346924781799316,1.3731989860534668,0.21411871910095215,1.8568611145019531,16.14907455444336,1268.435209027895,9.543513253199225e-05
3330,2.052868127822876,3.5138626098632812,1.6966357231140137,0.20352362096309662,2.9627890586853027,16.461423873901367,1268.4214041677244,9.540326392204097e-05
3340,2.1862094402313232,3.6174681186676025,1.787977933883667,0.21765151619911194,1.4122295379638672,16.636404037475586,1268.4085102762633,9.537129044314944e-05
3350,2.062095880508423,3.502572536468506,1.5763217210769653,0.23883609473705292,2.9933080673217773,16.412784576416016,1268.3953604330427,9.533921217830667e-05
3360,2.123183488845825,3.655128240585327,1.5438668727874756,0.22720544040203094,4.901557922363281,16.37099838256836,1268.3830987456593,9.530702921077358e-05
3370,2.083505630493164,3.501486301422119,1.479138731956482,0.23240876197814941,1.7822134494781494,16.419395446777344,1268.3704986215755,9.527474162408287e-05
3380,2.011098623275757,3.385162353515625,1.469077706336975,0.235563725233078,1.5568833351135254,16.278718948364258,1268.357617823598,9.524234950203878e-05
3390,2.065298080444336,3.589972496032715,1.3007389307022095,0.23401080071926117,2.202197313308716,16.304092407226562,1268.3445520974813,9.520985292871689e-05
3400,2.033055305480957,3.3943030834198,1.6431468725204468,0.23800592124462128,1.4581032991409302,16.480010986328125,1268.3313122262873,9.51772519884639e-05
3410,2.09851336479187,3.579195022583008,1.5208462476730347,0.23339949548244476,3.2484757900238037,16.3911190032959,1268.317808031294,9.514454676589732e-05
3420,2.101497173309326,3.563596248626709,1.5977054834365845,0.2565610110759735,2.7100653648376465,16.46409034729004,1268.305147556406,9.511173734590545e-05
3430,2.214416027069092,3.7094521522521973,1.7385916709899902,0.21853527426719666,1.7110854387283325,16.39262580871582,1268.292209648029,9.507882381364697e-05
3440,2.023275136947632,3.429867744445801,1.4485602378845215,0.21417947113513947,1.5522913932800293,16.833799362182617,1268.2791121215841,9.504580625455079e-05
3450,2.08797287940979,3.499797821044922,1.6110069751739502,0.21963773667812347,1.9397573471069336,16.502742767333984,1268.2658278588624,9.501268475431582e-05
3460,2.1395697593688965,3.5862557888031006,1.6167906522750854,0.2191893309354782,1.5870745182037354,16.416624069213867,1268.252777112311,9.497945939891081e-05
3470,1.9836757183074951,3.5165634155273438,1.4447193145751953,0.19628670811653137,2.216947555541992,16.820659637451172,1268.2394470474371,9.494613027457401e-05
3480,2.1255083084106445,3.5227508544921875,1.600358486175537,0.22318971157073975,3.4937586784362793,16.729877471923828,1268.2266838919743,9.491269746781307e-05
3490,1.996665358543396,3.350637435913086,1.5640946626663208,0.26150527596473694,1.445104718208313,16.629825592041016,1268.2139840879167,9.487916106540466e-05
3500,2.0941245555877686,3.5821969509124756,1.5307350158691406,0.19335035979747772,1.743453860282898,16.67833709716797,1268.2010733280865,9.484552115439445e-05
3510,2.063753604888916,3.4486477375030518,1.7066364288330078,0.2100149393081665,2.1240572929382324,16.70627212524414,1268.1884903194873,9.481177782209669e-05
3520,2.0706167221069336,3.4404304027557373,1.8816742897033691,0.22072166204452515,2.602168083190918,16.97458839416504,1268.1750599414993,9.477793115609409e-05
3530,2.1105799674987793,3.6591556072235107,1.4142462015151978,0.22814519703388214,2.3310749530792236,16.49730110168457,1268.1615580184089,9.47439812442376e-05
3540,1.98331880569458,3.3706352710723877,1.456475853919983,0.2423160821199417,1.735195517539978,16.72243309020996,1268.148583506405,9.47099281746461e-05
3550,2.0225110054016113,3.381182909011841,1.3845868110656738,0.21928471326828003,1.9887597560882568,16.563438415527344,1268.13544294244,9.467577203570624e-05
3560,2.0626771450042725,3.3633060455322266,1.870402216911316,0.23555834591388702,2.5794975757598877,16.583051681518555,1268.1226356296615,9.464151291607221e-05
3570,1.9495128393173218,3.325629472732544,1.5432004928588867,0.23502038419246674,1.7148765325546265,16.597482681274414,1268.109340486876,9.460715090466546e-05
3580,1.9871236085891724,3.3913779258728027,1.386603832244873,0.17468953132629395,2.030515432357788,16.555267333984375,1268.0963054726888,9.457268609067454e-05
3590,1.9914250373840332,3.3903911113739014,1.4491592645645142,0.21980196237564087,1.7319402694702148,16.577877044677734,1268.0833432184031,9.453811856355482e-05
3600,2.0702922344207764,3.459970712661743,1.7877681255340576,0.24958135187625885,2.5912673473358154,16.6829833984375,1268.0700855486273,9.450344841302821e-05
3610,2.0590932369232178,3.4321537017822266,1.7690645456314087,0.23571902513504028,1.6775151491165161,16.669034957885742,1268.0572080160784,9.446867572908308e-05
3620,1.9017024040222168,3.240929365158081,1.4510202407836914,0.2012321799993515,1.5597255229949951,16.896320343017578,1268.0446711490304,9.443380060197387e-05
3630,1.9112651348114014,3.322781801223755,1.5975921154022217,0.2090051919221878,1.3909063339233398,16.959409713745117,1268.0329187142067,9.439882312222091e-05
3640,1.8777989149093628,3.1747138500213623,1.6072351932525635,0.2530113160610199,2.630626916885376,16.749441146850586,1268.0200760874104,9.436374338061026e-05
3650,1.95619535446167,3.395989179611206,1.3382903337478638,0.19372396171092987,2.0344808101654053,16.824825286865234,1268.0074616867523,9.43285614681933e-05
3660,1.9672051668167114,3.3520689010620117,1.6459519863128662,0.22200535237789154,1.9820688962936401,16.524084091186523,1267.9947352006823,9.429327747628671e-05
3670,1.8682029247283936,3.15547251701355,1.523602843284607,0.22453324496746063,2.3991193771362305,16.80780029296875,1267.9817116371123,9.425789149647205e-05
3680,2.0198872089385986,3.36348557472229,1.5426483154296875,0.22330965101718903,1.7397817373275757,16.97040557861328,1267.9688934831097,9.422240362059561e-05
3690,1.9358147382736206,3.2820675373077393,1.47018301486969,0.2099885493516922,1.6142175197601318,16.84706687927246,1267.9559424360912,9.418681394076819e-05
3700,2.0433738231658936,3.4001755714416504,1.5908714532852173,0.21215245127677917,1.4400686025619507,16.74755096435547,1267.9432795380187,9.415112254936477e-05
3710,1.9557801485061646,3.4369232654571533,1.27671480178833,0.2012902796268463,1.7958623170852661,16.439472198486328,1267.9310731248236,9.411532953902438e-05
3720,2.1007869243621826,3.4310152530670166,1.844507098197937,0.21150654554367065,2.186256170272827,16.680377960205078,1267.9181390970596,9.407943500264979e-05
3730,1.8259878158569336,3.1162571907043457,1.5929127931594849,0.22043682634830475,2.2166271209716797,16.719453811645508,1267.9063705817612,9.404343903340727e-05
3740,2.037398338317871,3.411069631576538,1.3469362258911133,0.21065786480903625,1.604249119758606,16.68924903869629,1267.8942812577827,9.400734172472638e-05
3750,1.9395403861999512,3.3632726669311523,1.461466908454895,0.20477715134620667,2.8439557552337646,16.703229904174805,1267.8817787949063,9.397114317029975e-05
3760,1.962514877319336,3.346756935119629,1.403566837310791,0.19327408075332642,1.5122792720794678,16.83832359313965,1267.8690662025983,9.393484346408272e-05
3770,1.7557201385498047,3.08437442779541,1.4430086612701416,0.18392790853977203,1.8756073713302612,16.812908172607422,1267.8562993661849,9.38984427002932e-05
3780,1.8988171815872192,3.267131805419922,1.5316318273544312,0.20634911954402924,2.8982021808624268,16.79901695251465,1267.8433384023588,9.386194097341147e-05
3790,1.9431506395339966,3.3404130935668945,1.5085760354995728,0.23324382305145264,2.076866626739502,16.73500633239746,1267.830917377743,9.382533837817977e-05
3800,1.9901946783065796,3.3779549598693848,1.4887056350708008,0.22886639833450317,4.724191665649414,16.922304153442383,1267.8186201190244,9.378863500960222e-05
3810,2.099184513092041,3.5367887020111084,1.7523669004440308,0.19930921494960785,3.5557188987731934,16.92462730407715,1267.8059479054516,9.375183096294444e-05
3820,2.0070013999938965,3.2459704875946045,1.5775296688079834,0.23081764578819275,2.31830096244812,17.09823226928711,1267.7932970973827,9.371492633373345e-05
3830,1.9367527961730957,3.2816317081451416,1.7567933797836304,0.22040043771266937,2.1505136489868164,16.941402435302734,1267.7811485169307,9.367792121775723e-05
3840,1.937841534614563,3.2290406227111816,1.5207005739212036,0.20923392474651337,1.865462064743042,17.01546287536621,1267.7687634607157,9.364081571106467e-05
3850,1.726685643196106,2.972532033920288,1.5544406175613403,0.1859714835882187,1.7021769285202026,17.130645751953125,1267.756439691499,9.360360990996519e-05
3860,1.9718729257583618,3.304720401763916,1.5379925966262817,0.23006097972393036,1.545552372932434,16.96717071533203,1267.744042114527,9.356630391102855e-05
3870,1.9434235095977783,3.280097007751465,1.628431797027588,0.21137939393520355,1.8271894454956055,16.997135162353516,1267.7313084519294,9.352889781108454e-05
3880,1.888283133506775,3.2099602222442627,1.4930847883224487,0.2148042619228363,1.5472792387008667,16.952512741088867,1267.7187425292157,9.349139170722281e-05
3890,1.869579792022705,3.1237008571624756,1.697527527809143,0.18012510240077972,1.7406457662582397,16.830989837646484,1267.7061940475173,9.345378569679254e-05
3900,1.9488416910171509,3.2394356727600098,1.521174430847168,0.17621269822120667,3.6566171646118164,17.1964168548584,1267.6937974334537,9.341607987740226e-05
3910,1.798194169998169,3.0477826595306396,1.46776282787323,0.23476316034793854,2.035860538482666,17.108768463134766,1267.6815216715581,9.337827434691953e-05
3920,1.9879945516586304,3.36075496673584,1.606610894203186,0.22791944444179535,1.8330469131469727,16.795639038085938,1267.669387493747,9.334036920347073e-05
3930,1.9384146928787231,3.0942418575286865,1.696531891822815,0.253579705953598,1.422876238822937,16.97037696838379,1267.656711694895,9.33023645454408e-05
3940,2.081559896469116,3.4023818969726562,1.8506324291229248,0.19886887073516846,1.9681669473648071,17.059009552001953,1267.6442826053915,9.326426047147296e-05
3950,1.798540711402893,3.1545140743255615,1.2444781064987183,0.18559680879116058,3.165010690689087,16.98971176147461,1267.6313975964147,9.322605708046845e-05
3960,1.9187289476394653,3.3347208499908447,1.5098159313201904,0.20061525702476501,2.644644260406494,17.0518798828125,1267.6186780538735,9.318775447158634e-05
3970,1.985650897026062,3.409791946411133,1.4972389936447144,0.18358933925628662,2.2468395233154297,17.009906768798828,1267.6056853729197,9.31493527442432e-05
3980,1.8925813436508179,3.2258405685424805,1.4913955926895142,0.23261699080467224,1.8517073392868042,17.208282470703125,1267.5931835172362,9.311085199811287e-05
3990,1.9110729694366455,3.2913784980773926,1.5407238006591797,0.20249341428279877,3.9368655681610107,16.874858856201172,1267.5811523978875,9.30722523331262e-05
4000,1.9095349311828613,3.181302070617676,1.7467538118362427,0.20176969468593597,2.6795599460601807,17.210729598999023,1267.5686945642578,9.303355384947076e-05
4010,1.6937686204910278,2.9325952529907227,1.28641676902771,0.18580938875675201,2.2237136363983154,17.01568031311035,1267.5565113938558,9.299475664759069e-05
4020,1.887730598449707,3.1566050052642822,1.7055635452270508,0.193715900182724,1.8333505392074585,17.30261993408203,1267.5442799820971,9.295586082818625e-05
4030,1.9302473068237305,3.149956703186035,1.4592063426971436,0.2338140606880188,1.633557915687561,17.08683967590332,1267.531873073455,9.291686649221376e-05
4040,1.9586539268493652,3.203885078430176,1.4455864429473877,0.21942880749702454,2.6446480751037598,17.089075088500977,1267.5199989179625,9.28777737408852e-05
4050,1.7803354263305664,3.084902763366699,1.5270463228225708,0.1938822865486145,3.2285666465759277,17.23781967163086,1267.5075746691036,9.2838582675668e-05
4060,1.9830584526062012,3.3672168254852295,1.638090968132019,0.20049141347408295,2.6560637950897217,17.416425704956055,1267.4953360836075,9.279929339828477e-05
4070,2.040835380554199,3.4012558460235596,1.6883612871170044,0.1742171049118042,1.759676456451416,17.23250389099121,1267.4826534990216,9.275990601071302e-05
4080,1.9255011081695557,3.154350519180298,1.6083680391311646,0.19440069794654846,2.278212070465088,17.0703125,1267.4700709341757,9.272042061518495e-05
4090,1.9311853647232056,3.2360551357269287,1.7196564674377441,0.1809019148349762,1.6939959526062012,17.25366973876953,1267.457183908751,9.268083731418714e-05
4100,1.9126421213150024,3.2461318969726562,1.5505486726760864,0.2114131897687912,1.8669337034225464,17.180282592773438,1267.4449710793476,9.26411562104602e-05
4110,1.9230841398239136,3.1983423233032227,1.7334991693496704,0.2022561877965927,4.014445781707764,17.276288986206055,1267.4324207283908,9.260137740699874e-05
4120,1.858746886253357,3.1609134674072266,1.408194661140442,0.20180951058864594,2.502772808074951,17.30522918701172,1267.4202091040552,9.256150100705083e-05
4130,1.8672140836715698,3.1823172569274902,1.4750361442565918,0.2077891230583191,2.243051290512085,17.256010055541992,1267.407526847593,9.252152711411792e-05
4140,1.907491683959961,3.116086006164551,1.6115542650222778,0.20806391537189484,2.284006118774414,17.273359298706055,1267.3950184938678,9.248145583195448e-05
4150,2.0385563373565674,3.2986133098602295,1.8230750560760498,0.19728615880012512,1.8155686855316162,17.10795021057129,1267.3819223848766,9.24412872645678e-05
4160,1.9104325771331787,3.1611201763153076,1.665540337562561,0.21796317398548126,2.0110421180725098,17.21832275390625,1267.3693342031552,9.240102151621764e-05
4170,1.9523239135742188,3.268704652786255,1.6952208280563354,0.2073136270046234,2.2112321853637695,17.063045501708984,1267.3566948671344,9.236065869141599e-05
4180,1.7628554105758667,3.0313289165496826,1.4705945253372192,0.21379072964191437,1.65272855758667,17.40566635131836,1267.3448111493606,9.232019889492685e-05
4190,1.924186110496521,3.2116641998291016,1.5470268726348877,0.20143796503543854,2.000148057937622,17.367155075073242,1267.3323192763598,9.227964223176591e-05
4200,1.8198572397232056,3.0866429805755615,1.3455891609191895,0.2070353478193283,1.7250397205352783,17.028444290161133,1267.3198176911305,9.223898880720026e-05
4210,1.8407926559448242,3.044346809387207,1.7914506196975708,0.19815969467163086,2.4885873794555664,17.192798614501953,1267.307882147079,9.21982387267481e-05
4220,1.9258229732513428,3.1919541358947754,1.7032636404037476,0.18714231252670288,2.1487345695495605,17.274587631225586,1267.2957737640431,9.215739209617858e-05
4230,1.8321424722671509,3.117485761642456,1.5662630796432495,0.19506104290485382,1.9333299398422241,17.192270278930664,1267.2845320081494,9.211644902151146e-05
4240,1.8590068817138672,3.2017862796783447,1.542057991027832,0.20398074388504028,2.749640464782715,17.427762985229492,1267.272821559996,9.207540960901674e-05
4250,1.9408272504806519,3.2270045280456543,1.4504212141036987,0.21189644932746887,2.123090982437134,17.2911376953125,1267.2612225995688,9.203427396521454e-05
4260,1.8459243774414062,3.0146656036376953,1.7404990196228027,0.2252396196126938,2.048435926437378,17.332134246826172,1267.249193398435,9.199304219687474e-05
4270,1.8844692707061768,3.1075727939605713,1.436826467514038,0.19849838316440582,1.78022301197052,17.430126190185547,1267.2374551810872,9.195171441101669e-05
4280,1.9112188816070557,3.2070229053497314,1.6450414657592773,0.19508244097232819,1.6900174617767334,17.310026168823242,1267.225317965694,9.191029071490898e-05
4290,1.8618720769882202,2.98979115486145,1.7489904165267944,0.23334626853466034,2.367844820022583,17.63693618774414,1267.2133844412735,9.186877121606918e-05
4300,1.926728367805481,3.1981632709503174,1.5710219144821167,0.20584268867969513,1.9111427068710327,17.2736873626709,1267.202379764813,9.182715602226341e-05
4310,1.9084197282791138,3.107055425643921,1.7952337265014648,0.21611228585243225,3.5664777755737305,17.2812557220459,1267.1909497963122,9.17854452415063e-05
4320,1.9107314348220825,3.278048038482666,1.3232771158218384,0.21334733068943024,4.896213054656982,17.265615463256836,1267.179713376296,9.174363898206052e-05
4330,1.9592056274414062,3.1800715923309326,1.8327515125274658,0.19977301359176636,1.794504165649414,17.387222290039062,1267.16869962306,9.170173735243655e-05
4340,1.928433895111084,3.159101724624634,1.6167500019073486,0.200251042842865,1.778389811515808,17.547277450561523,1267.1571134408114,9.16597404613924e-05
4350,1.9590345621109009,3.1851418018341064,1.7488847970962524,0.208347350358963,4.446279525756836,17.471416473388672,1267.1453360425676,9.161764841793339e-05
4360,1.9162806272506714,3.243610382080078,1.498537302017212,0.20173364877700806,5.19511604309082,17.30884552001953,1267.133154569978,9.157546133131176e-05
4370,1.83205246925354,3.1326828002929688,1.5239697694778442,0.1961589902639389,1.9329594373703003,17.5792179107666,1267.1218099727496,9.153317931102648e-05
4380,1.7697255611419678,3.135957956314087,1.5175470113754272,0.1851464956998825,1.8962178230285645,17.468786239624023,1267.1102351576576,9.149080246682292e-05
4390,1.8391201496124268,3.0084753036499023,1.653822660446167,0.21550492942333221,1.7503544092178345,17.526063919067383,1267.09924977619,9.144833090869252e-05
4400,1.7021745443344116,2.9031126499176025,1.2808380126953125,0.21092018485069275,2.010791301727295,17.59457778930664,1267.0880126565812,9.140576474687264e-05
4410,1.8587684631347656,3.0880820751190186,1.5298641920089722,0.19448167085647583,1.8676085472106934,17.772891998291016,1267.076663464328,9.136310409184609e-05
4420,1.8722896575927734,3.119218349456787,1.6332361698150635,0.20140789449214935,3.0217714309692383,17.462512969970703,1267.0649068059397,9.132034905434105e-05
4430,1.8903156518936157,3.1129469871520996,1.7255305051803589,0.2040206491947174,1.321396827697754,17.498607635498047,1267.0536662351233,9.127749974533058e-05
4440,1.8913629055023193,3.118138551712036,1.4891728162765503,0.21930178999900818,2.6263022422790527,18.23145294189453,1267.0414930357615,9.12345562760325e-05
4450,1.7149447202682495,2.986391544342041,1.2345788478851318,0.20029622316360474,1.6705530881881714,17.543420791625977,1267.0295185398413,9.119151875790896e-05
4460,1.8369083404541016,3.0346779823303223,1.5745073556900024,0.21525728702545166,2.387286901473999,17.40357208251953,1267.017080107509,9.114838730266629e-05
4470,1.9024826288223267,3.201655149459839,1.6502759456634521,0.20323719084262848,1.7594964504241943,17.400880813598633,1267.0052957481046,9.110516202225457e-05
4480,1.8011523485183716,3.0532751083374023,1.2633863687515259,0.1841157078742981,2.0502352714538574,17.57915687561035,1266.9932743515624,9.106184302886747e-05
4490,1.8552829027175903,2.9982500076293945,1.5991308689117432,0.21999208629131317,1.9345918893814087,17.746232986450195,1266.9809931500847,9.101843043494185e-05
4500,1.8628349304199219,3.105006456375122,1.3749077320098877,0.19690430164337158,3.694302558898926,17.75018882751465,1266.969567292195,9.097492435315756e-05
4510,1.7208150625228882,2.9264330863952637,1.43782639503479,0.17419663071632385,3.1698784828186035,17.64830207824707,1266.9589072994872,9.093132489643705e-05
4520,1.8156269788742065,3.1377580165863037,1.4021861553192139,0.19255539774894714,3.8331804275512695,17.574718475341797,1266.94799632844,9.088763217794518e-05
4530,1.8322829008102417,2.989902973175049,1.6045360565185547,0.18613772094249725,1.630611538887024,17.698455810546875,1266.9366646680842,9.084384631108883e-05
4540,1.888584852218628,3.0857348442077637,1.6555323600769043,0.2295609563589096,2.1731956005096436,17.712074279785156,1266.9247741751517,9.079996740951672e-05
4550,1.9076650142669678,3.1604628562927246,1.6822158098220825,0.20248004794120789,2.980058431625366,17.421409606933594,1266.913475667719,9.075599558711895e-05
4560,1.672561526298523,2.8430235385894775,1.3867777585983276,0.22795674204826355,4.017232894897461,17.67860984802246,1266.901588396237,9.071193095802689e-05
4570,1.9259780645370483,3.2073748111724854,1.717146635055542,0.18798691034317017,3.057952404022217,17.65701675415039,1266.8904972761673,9.066777363661273e-05
4580,1.722916603088379,2.936556100845337,1.4727660417556763,0.18433396518230438,2.177435874938965,17.95522117614746,1266.87861259796,9.062352373748931e-05
4590,1.957999587059021,3.196908712387085,1.7181999683380127,0.22915343940258026,2.7171285152435303,17.892606735229492,1266.8666930641796,9.05791813755097e-05
4600,1.737398624420166,2.979674816131592,1.3540887832641602,0.2098655253648758,1.9870299100875854,17.59449577331543,1266.8550161571645,9.053474666576703e-05
4610,1.8156379461288452,3.013760805130005,1.4702394008636475,0.21476493775844574,2.0244104862213135,17.613483428955078,1266.8433440905508,9.049021972359402e-05
4620,1.7367501258850098,2.9347500801086426,1.3303210735321045,0.15957273542881012,2.7924797534942627,17.513120651245117,1266.8321547650303,9.044560066456292e-05
4630,1.6533857583999634,2.8663768768310547,1.4056451320648193,0.16670478880405426,2.4294843673706055,17.739171981811523,1266.820541271642,9.040088960448497e-05
4640,1.7647311687469482,2.897301435470581,1.5761343240737915,0.193363219499588,1.450047492980957,17.603118896484375,1266.8088683915466,9.035608665941021e-05
4650,1.742722749710083,2.9047513008117676,1.4394772052764893,0.19323855638504028,2.058521270751953,17.562946319580078,1266.7979969450148,9.031119194562724e-05
4660,1.7287893295288086,2.838940382003784,1.7102601528167725,0.19402943551540375,1.7212952375411987,18.105497360229492,1266.7868286366268,9.02662055796628e-05
4670,1.7802265882492065,2.8842780590057373,1.6826311349868774,0.2080952227115631,1.3388793468475342,17.66929054260254,1266.7755435779864,9.022112767828151e-05
4680,1.9289798736572266,3.2101566791534424,1.2696914672851562,0.1713162362575531,2.310206890106201,17.75322914123535,1266.7638620679165,9.017595835848562e-05
4690,1.895919919013977,3.2020211219787598,1.479913353919983,0.18339893221855164,2.152641534805298,18.073230743408203,1266.7527527558316,9.013069773751462e-05
4700,1.820816159248352,2.934030294418335,1.6591427326202393,0.19298067688941956,2.048029661178589,17.657859802246094,1266.7416551455499,9.008534593284501e-05
4710,1.732733964920044,2.8634026050567627,1.4293155670166016,0.20929279923439026,2.3354837894439697,17.73766326904297,1266.7300304694857,9.003990306218992e-05
4720,1.7541934251785278,2.808993339538574,1.5415549278259277,0.2203475832939148,2.3782918453216553,17.760692596435547,1266.7186250050972,8.999436924349891e-05
4730,1.786269187927246,2.837510585784912,1.6392037868499756,0.22695034742355347,2.143170118331909,18.1558895111084,1266.7077695292535,8.994874459495752e-05
4740,1.887243628501892,3.1939852237701416,1.5309535264968872,0.21330603957176208,1.9523112773895264,17.46851921081543,1266.6965663518674,8.990302923498711e-05
4750,1.8143930435180664,3.0221288204193115,1.4098488092422485,0.2150111049413681,2.0674397945404053,17.756372451782227,1266.6854548805215,8.985722328224445e-05
4760,1.703993558883667,2.90398907661438,1.5423808097839355,0.1610918790102005,2.583794593811035,17.92093276977539,1266.6738977787643,8.981132685562149e-05
4770,1.7696313858032227,2.9719724655151367,1.504416584968567,0.20083071291446686,2.431910514831543,18.006752014160156,1266.6622581078661,8.976534007424496e-05
4780,1.7143092155456543,2.904731273651123,1.4575927257537842,0.17293983697891235,3.6059341430664062,17.570629119873047,1266.6502265825125,8.971926305747614e-05
4790,1.8135017156600952,2.963892936706543,1.684626579284668,0.20280738174915314,1.861216425895691,18.03141212463379,1266.6388354727335,8.967309592491052e-05
4800,1.8577286005020142,3.111039161682129,1.6702008247375488,0.18909123539924622,2.605853319168091,17.849544525146484,1266.6267535857917,8.962683879637747e-05
4810,1.9333126544952393,3.2105021476745605,1.57951021194458,0.22062303125858307,2.8312673568725586,17.8477840423584,1266.6148326063972,8.958049179193998e-05
4820,1.7392289638519287,2.920802116394043,1.6793781518936157,0.17855748534202576,2.8538784980773926,17.781652450561523,1266.602839822533,8.953405503189428e-05
4830,1.831786870956421,2.894526958465576,1.8021092414855957,0.18907900154590607,2.2788889408111572,18.070770263671875,1266.5919166390668,8.948752863676962e-05
4840,1.8159581422805786,3.0304982662200928,1.405413269996643,0.2003220021724701,2.4413721561431885,17.953895568847656,1266.5805892812534,8.944091272732784e-05
4850,1.7686837911605835,3.010615825653076,1.2572507858276367,0.20534436404705048,1.9758460521697998,17.97016716003418,1266.5692575847181,8.939420742456317e-05
4860,1.8814609050750732,3.0041024684906006,1.6478095054626465,0.19206608831882477,2.2130284309387207,18.302839279174805,1266.5585240110718,8.934741284970185e-05
4870,1.7301087379455566,2.8589866161346436,1.5675066709518433,0.192365363240242,1.6703697443008423,18.0098819732666,1266.5472299336154,8.930052912420181e-05
4880,1.718861699104309,2.861550807952881,1.4742555618286133,0.1989898979663849,2.347194194793701,17.685075759887695,1266.5357583346895,8.925355636975241e-05
4890,1.6576770544052124,2.7131080627441406,1.6443719863891602,0.18987515568733215,1.7911039590835571,18.031124114990234,1266.5246382224434,8.920649470827403e-05
4900,1.7434319257736206,2.8700459003448486,1.4934766292572021,0.1898069977760315,1.6884697675704956,17.971038818359375,1266.5133600392733,8.915934426191791e-05
4910,1.963634967803955,3.1171276569366455,1.7579208612442017,0.23722301423549652,1.8065985441207886,17.928903579711914,1266.5019075583102,8.911210515306567e-05
4920,1.8631478548049927,3.050877809524536,1.4469683170318604,0.208614781498909,2.6528244018554688,18.007978439331055,1266.4901661843724,8.906477750432904e-05
4930,1.818710446357727,2.8853824138641357,1.7238014936447144,0.20750287175178528,1.681681513786316,18.110660552978516,1266.478081470681,8.901736143854961e-05
4940,1.77371084690094,2.978890895843506,1.3895347118377686,0.17886541783809662,1.7938356399536133,17.9305419921875,1266.4663522385338,8.896985707879844e-05
4950,1.7508472204208374,2.9536116123199463,1.4914586544036865,0.1813080757856369,1.635129451751709,18.020299911499023,1266.4547897923944,8.892226454837576e-05
4960,1.7969084978103638,3.005491018295288,1.6138648986816406,0.16667847335338593,4.018965721130371,17.79475975036621,1266.4433462147433,8.887458397081066e-05
4970,1.8385111093521118,3.0295488834381104,1.3692814111709595,0.18961594998836517,3.340311050415039,18.29327964782715,1266.4321894588836,8.882681546986074e-05
4980,1.755493402481079,2.904859781265259,1.5307906866073608,0.19018074870109558,2.836700916290283,18.073686599731445,1266.4205666141474,8.877895916951186e-05
4990,1.6769285202026367,2.8939223289489746,1.672784686088562,0.1750500202178955,2.1632113456726074,17.978851318359375,1266.409654073164,8.87310151939777e-05
5000,1.735897421836853,2.8614206314086914,1.5529135465621948,0.2116052359342575,1.569499135017395,17.945573806762695,1266.3988722953438,8.868298366769954e-05
5010,1.7214730978012085,2.9398884773254395,1.4802738428115845,0.1859775334596634,2.14107346534729,18.108423233032227,1266.3875754873802,8.863486471534595e-05
5020,1.8222997188568115,3.0545921325683594,1.4980508089065552,0.18438680469989777,3.6953377723693848,18.15239143371582,1266.3764580555553,8.858665846181232e-05
5030,1.845724105834961,3.0176310539245605,1.5538872480392456,0.21396470069885254,3.762948751449585,17.75603485107422,1266.365703921351,8.853836503222073e-05
5040,1.7334340810775757,2.8729631900787354,1.446942687034607,0.21510444581508636,2.940373182296753,17.839567184448242,1266.3546063967021,8.848998455191944e-05
5050,1.7374136447906494,2.8614962100982666,1.6458269357681274,0.18355780839920044,3.2665581703186035,18.10544776916504,1266.344019270985,8.844151714648274e-05
5060,1.817169189453125,3.04651141166687,1.2344077825546265,0.18150988221168518,1.9887967109680176,17.918062210083008,1266.3325280151555,8.839296294171052e-05
5070,1.6149373054504395,2.6271274089813232,1.481692910194397,0.2078937292098999,1.4484189748764038,18.1363582611084,1266.3209348976854,8.834432206362788e-05
5080,1.724062442779541,2.847046136856079,1.5831879377365112,0.22539007663726807,3.4340779781341553,18.074203491210938,1266.3096146135892,8.829559463848498e-05
5090,1.7853683233261108,3.0232224464416504,1.3916031122207642,0.22151698172092438,2.9396305084228516,17.794965744018555,1266.297875248485,8.824678079275663e-05
5100,1.7821837663650513,2.898138999938965,1.7560447454452515,0.20314712822437286,2.058399200439453,17.93048858642578,1266.2863689734863,8.819788065314186e-05
5110,1.8315109014511108,3.006239414215088,1.4338912963867188,0.19080877304077148,2.6541213989257812,18.272653579711914,1266.2754143333334,8.814889434656375e-05
5120,1.7641414403915405,2.799358606338501,1.602800965309143,0.2186674326658249,1.757177710533142,18.061758041381836,1266.2640428227228,8.809982200016898e-05
5130,1.756394863128662,2.8722898960113525,1.4395885467529297,0.18954351544380188,3.733605146408081,18.463186264038086,1266.252592634137,8.805066374132762e-05
5140,1.8999879360198975,3.131652355194092,1.3018405437469482,0.20057736337184906,4.011378288269043,18.12579345703125,1266.2413053920232,8.800141969763267e-05
5150,1.651042103767395,2.7625207901000977,1.263084888458252,0.18088851869106293,1.8618429899215698,17.6510066986084,1266.2302771676198,8.795208999689981e-05
5160,1.9609320163726807,3.096595048904419,1.8435276746749878,0.23554670810699463,1.8895057439804077,17.978445053100586,1266.21907734544,8.790267476716705e-05
5170,1.6933667659759521,2.838395833969116,1.4454982280731201,0.18013007938861847,2.201725721359253,17.91992950439453,1266.2075987661976,8.78531741366944e-05
5180,1.851130485534668,3.007930278778076,1.5021134614944458,0.1998804807662964,1.7166203260421753,18.30826759338379,1266.1963030620486,8.780358823396352e-05
5190,1.6716094017028809,2.775038003921509,1.5789629220962524,0.18675662577152252,2.3169913291931152,18.41653823852539,1266.1848513168138,8.775391718767741e-05
5200,1.8536369800567627,2.9249136447906494,1.83139967918396,0.19171957671642303,1.80532968044281,18.365556716918945,1266.173210231485,8.770416112676006e-05
5210,1.699882984161377,2.713954448699951,1.8240234851837158,0.19617022573947906,1.946030855178833,18.158403396606445,1266.1620839394711,8.76543201803561e-05
5220,1.631903886795044,2.6734743118286133,1.581953763961792,0.1793895661830902,1.9926581382751465,18.507061004638672,1266.1507045061644,8.760439447783054e-05
5230,1.826261281967163,2.966749906539917,1.6701966524124146,0.2047186642885208,2.4841620922088623,18.274707794189453,1266.1391926353303,8.755438414876829e-05
5240,1.5630981922149658,2.6190426349639893,1.5064873695373535,0.16978220641613007,1.9525226354599,18.015209197998047,1266.1278359668136,8.750428932297403e-05
5250,1.6783798933029175,2.7906744480133057,1.5566380023956299,0.20178231596946716,2.1250648498535156,18.216646194458008,1266.1164484105934,8.745411013047166e-05
5260,1.6323939561843872,2.712345838546753,1.4197049140930176,0.17721576988697052,2.298849105834961,18.453615188598633,1266.1048231124898,8.74038467015041e-05
5270,1.7979199886322021,2.909503936767578,1.5121990442276,0.18215948343276978,1.78018057346344,18.18988609313965,1266.0935221443708,8.73534991665329e-05
5280,1.6320061683654785,2.7638955116271973,1.3677481412887573,0.17580106854438782,1.931670069694519,18.546064376831055,1266.0816829476614,8.73030676562379e-05
5290,1.7691972255706787,2.8652281761169434,1.5810630321502686,0.1792834848165512,2.7566583156585693,18.422317504882812,1266.06980984892,8.725255230151694e-05
5300,1.7547892332077026,2.8833415508270264,1.4997605085372925,0.2050222009420395,2.3147003650665283,18.238739013671875,1266.0584746019297,8.720195323348545e-05
5310,1.7423897981643677,2.891427516937256,1.6828582286834717,0.19473519921302795,2.8978042602539062,18.093812942504883,1266.0482196236987,8.715127058347615e-05
5320,1.6830464601516724,2.737515926361084,1.7325551509857178,0.18531809747219086,2.425550937652588,18.086559295654297,1266.0372109573796,8.710050448303872e-05
5330,1.6801053285598755,2.8090028762817383,1.2941396236419678,0.2024250477552414,1.8636353015899658,18.242143630981445,1266.0257016908135,8.70496550639394e-05
5340,1.712544560432434,2.8083040714263916,1.7737830877304077,0.20291729271411896,2.2161195278167725,18.370651245117188,1266.0145001134576,8.69987224581607e-05
5350,1.7540615797042847,2.8478927612304688,1.542244553565979,0.20046931505203247,1.6595284938812256,18.669174194335938,1266.0030014520903,8.694770679790112e-05
5360,1.5461102724075317,2.5941805839538574,1.4106475114822388,0.1695898473262787,2.0247652530670166,18.32244110107422,1265.9914835207142,8.689660821557463e-05
5370,1.5692840814590454,2.7137088775634766,1.2190725803375244,0.17205971479415894,3.154707431793213,18.520811080932617,1265.980437973068,8.684542684381045e-05
5380,1.7472816705703735,2.8844845294952393,1.562774896621704,0.17783933877944946,2.342357873916626,18.250843048095703,1265.9691197790296,8.679416281545274e-05
5390,1.72598397731781,2.842052459716797,1.598846197128296,0.19958089292049408,1.7206060886383057,17.96522331237793,1265.9577549388296,8.674281626356014e-05
5400,1.6857686042785645,2.7586774826049805,1.6617355346679688,0.19174723327159882,2.8199212551116943,18.475631713867188,1265.9463765516916,8.669138732140554e-05
5410,1.7440263032913208,2.9775967597961426,1.5648863315582275,0.16862653195858002,1.8447438478469849,18.46949005126953,1265.93493818188,8.663987612247559e-05
5420,1.7998454570770264,2.985880136489868,1.4539004564285278,0.1891353577375412,2.50026273727417,18.587203979492188,1265.9231592818073,8.658828280047056e-05
5430,1.781923532485962,2.8221676349639893,1.7468794584274292,0.1846986562013626,4.01356315612793,18.357717514038086,1265.9119550144394,8.653660748930379e-05
5440,1.728582739830017,2.9942562580108643,1.4786896705627441,0.1890764981508255,2.365110397338867,18.794254302978516,1265.9014102499814,8.648485032310145e-05
5450,1.6298205852508545,2.6041388511657715,1.6226941347122192,0.20119667053222656,1.5046707391738892,18.645824432373047,1265.8903274707386,8.643301143620218e-05
5460,1.849977731704712,2.968700885772705,1.7442935705184937,0.17871642112731934,2.5693023204803467,18.352909088134766,1265.8799474458165,8.63810909631567e-05
5470,1.5485761165618896,2.607147455215454,1.4682347774505615,0.182016983628273,2.67508602142334,18.513458251953125,1265.869511921998,8.632908903872752e-05
5480,1.729268193244934,2.8178250789642334,1.524735927581787,0.18452857434749603,1.897024154663086,18.449758529663086,1265.8590366073636,8.627700579788858e-05
5490,1.7623069286346436,2.855036497116089,1.7054442167282104,0.19795452058315277,1.8531458377838135,18.007347106933594,1265.8484862510247,8.622484137582484e-05
5500,1.7351821660995483,2.775446653366089,1.6832941770553589,0.19086888432502747,1.9542772769927979,18.218759536743164,1265.8377078554613,8.617259590793198e-05
5510,1.6033447980880737,2.6143975257873535,1.583795428276062,0.1703130155801773,1.9039217233657837,18.824331283569336,1265.8273145232877,8.612026952981605e-05
5520,1.706947922706604,2.808513879776001,1.553747534751892,0.2109042853116989,2.1899378299713135,18.326921463012695,1265.8171456046434,8.60678623772931e-05
5530,1.6688896417617798,2.728036880493164,1.6104637384414673,0.19053775072097778,3.0451338291168213,18.534509658813477,1265.8066155858462,8.601537458638885e-05
5540,1.6324455738067627,2.6659350395202637,1.5726618766784668,0.1753506064414978,2.653672456741333,18.361955642700195,1265.796321586789,8.596280629333829e-05
5550,1.5655840635299683,2.591360092163086,1.5834648609161377,0.1939944624900818,1.9024312496185303,18.576196670532227,1265.785707238621,8.591015763458538e-05
5560,1.5591840744018555,2.5853898525238037,1.495442271232605,0.1899401992559433,1.5379317998886108,18.232437133789062,1265.774999881511,8.58574287467827e-05
5570,1.7497836351394653,2.815985918045044,1.717055082321167,0.18080562353134155,1.8266098499298096,18.794721603393555,1265.764352456291,8.5804619766791e-05
5580,1.7628754377365112,2.839672565460205,1.7411670684814453,0.1908847838640213,1.8510805368423462,18.499500274658203,1265.7539448497607,8.575173083167896e-05
5590,1.6544685363769531,2.705592632293701,1.7367221117019653,0.18603619933128357,2.0898988246917725,19.0338191986084,1265.7441131684807,8.56987620787228e-05
5600,1.7468301057815552,2.8064138889312744,1.7835934162139893,0.2015240639448166,2.1026532649993896,18.389984130859375,1265.7335614856563,8.564571364540588e-05
5610,1.656167984008789,2.701314926147461,1.6526821851730347,0.162262961268425,2.7941176891326904,18.84170150756836,1265.7228755598144,8.559258566941837e-05
5620,1.6975773572921753,2.799563407897949,1.4948416948318481,0.19697988033294678,1.914223074913025,18.803186416625977,1265.7121175360244,8.553937828865696e-05
5630,1.6794772148132324,2.822613000869751,1.3473800420761108,0.19817230105400085,4.343268871307373,18.477787017822266,1265.7020298748369,8.548609164122435e-05
5640,1.7281476259231567,2.8452510833740234,1.3601676225662231,0.21771852672100067,4.807679176330566,18.78089714050293,1265.691779414659,8.543272586542905e-05
5650,1.663849949836731,2.6260933876037598,1.7564290761947632,0.17824868857860565,2.3375093936920166,18.547834396362305,1265.6813622246718,8.537928109978494e-05
5660,1.6781494617462158,2.8186087608337402,1.2142746448516846,0.19002561271190643,3.417332172393799,18.94916534423828,1265.67097365171,8.532575748301086e-05
5670,1.7245038747787476,2.8281185626983643,1.6237270832061768,0.177741140127182,2.223440408706665,18.360647201538086,1265.6602211914287,8.52721551540304e-05
5680,1.5648618936538696,2.535064220428467,1.5905091762542725,0.1885020136833191,1.5629321336746216,18.45139503479004,1265.6492150747845,8.521847425197143e-05
5690,1.6508550643920898,2.715080738067627,1.7163492441177368,0.17876437306404114,4.032391548156738,19.185808181762695,1265.6385603681913,8.516471491616571e-05
5700,1.5654661655426025,2.6038241386413574,1.6831940412521362,0.1642710119485855,2.0630300045013428,18.372730255126953,1265.6279645366367,8.511087728614862e-05
5710,1.6723324060440063,2.7200961112976074,1.5944122076034546,0.207134410738945,3.4289400577545166,18.541414260864258,1265.6171316542227,8.505696150165878e-05
5720,1.6344469785690308,2.7903923988342285,1.5281305313110352,0.17399482429027557,2.477376699447632,18.63270378112793,1265.6064149039757,8.500296770263761e-05
5730,1.5356485843658447,2.556769371032715,1.7056427001953125,0.16891440749168396,2.8959221839904785,18.521770477294922,1265.595373021145,8.494889602922905e-05
5740,1.6981626749038696,2.8366904258728027,1.3656164407730103,0.20657508075237274,2.1427550315856934,18.447235107421875,1265.5847017728208,8.489474662177916e-05
5750,1.77186119556427,2.936546564102173,1.6376835107803345,0.1719583421945572,2.0714073181152344,19.074867248535156,1265.573773970242,8.484051962083579e-05
5760,1.6990758180618286,2.7292187213897705,1.4229130744934082,0.18274527788162231,2.201799154281616,19.33180809020996,1265.56352396905,8.478621516714815e-05
5770,1.7822563648223877,2.839970111846924,1.5666303634643555,0.18569259345531464,2.0105340480804443,18.46045684814453,1265.5529802457306,8.473183340166651e-05
5780,1.7866262197494507,2.8671183586120605,1.6748977899551392,0.17337894439697266,1.89508056640625,18.509424209594727,1265.5425531442709,8.467737446554176e-05
5790,1.5971174240112305,2.6717119216918945,1.548419713973999,0.17634683847427368,2.460172414779663,19.051586151123047,1265.5319632776877,8.462283850012517e-05
5800,1.7437397241592407,2.844653606414795,1.6718627214431763,0.16450153291225433,1.8432352542877197,18.870380401611328,1265.5212937429703,8.456822564696789e-05
5810,1.6233352422714233,2.591618299484253,1.760312557220459,0.17841093242168427,2.271681785583496,18.75550651550293,1265.5106806228152,8.451353604782064e-05
5820,1.7167487144470215,2.746126651763916,1.7906379699707031,0.18032176792621613,1.8882222175598145,18.869741439819336,1265.4997337644547,8.445876984463334e-05
5830,1.68274986743927,2.745781183242798,1.4382593631744385,0.1814509630203247,3.2322278022766113,18.812862396240234,1265.4886423163537,8.440392717955476e-05
5840,1.6115354299545288,2.615414619445801,1.5952256917953491,0.15868793427944183,2.662064552307129,18.896987915039062,1265.4782873935114,8.43490081949321e-05
5850,1.6190038919448853,2.677596092224121,1.3968687057495117,0.18946018815040588,2.2537193298339844,18.943498611450195,1265.4681248548009,8.429401303331068e-05
5860,1.6157236099243164,2.686091661453247,1.4992172718048096,0.16658304631710052,2.2846291065216064,18.490863800048828,1265.4578716593135,8.423894183743353e-05
5870,1.7553136348724365,2.911818027496338,1.4243385791778564,0.17432795464992523,3.4399988651275635,18.647844314575195,1265.4477333388222,8.418379475024102e-05
5880,1.8351999521255493,2.8278019428253174,1.9681785106658936,0.2021782547235489,1.904451847076416,18.906286239624023,1265.4375321516943,8.412857191487053e-05
5890,1.712485671043396,2.8428592681884766,1.4192315340042114,0.17376704514026642,3.089723587036133,18.85099983215332,1265.427225081856,8.407327347465601e-05
5900,1.6191858053207397,2.810079574584961,1.2840381860733032,0.14176085591316223,2.1203651428222656,19.016864776611328,1265.4166179427618,8.401789957312768e-05
5910,1.6343389749526978,2.6702539920806885,1.5664753913879395,0.17014707624912262,3.0857009887695312,18.576547622680664,1265.4061420798691,8.396245035401162e-05
5920,1.5966421365737915,2.7026431560516357,1.3479841947555542,0.15311408042907715,3.4343433380126953,18.50476837158203,1265.395590495626,8.390692596122936e-05
5930,1.6795649528503418,2.6859214305877686,1.6556328535079956,0.1907292902469635,1.7768231630325317,18.814884185791016,1265.385272575924,8.38513265388976e-05
5940,1.729527473449707,2.7655904293060303,1.674208164215088,0.19075259566307068,1.6543422937393188,18.85679817199707,1265.3750390921446,8.379565223132778e-05
5950,1.6118440628051758,2.6006288528442383,1.6462980508804321,0.16941744089126587,2.9723427295684814,19.256372451782227,1265.3645032398244,8.373990318302566e-05
5960,1.6751024723052979,2.7735230922698975,1.6654553413391113,0.17115797102451324,4.0484747886657715,19.133256912231445,1265.3534607041045,8.368407953869104e-05
5970,1.704412817955017,2.790349245071411,1.5846339464187622,0.1909893900156021,3.511584520339966,18.982393264770508,1265.3427873979733,8.362818144321734e-05
5980,1.6241933107376099,2.66152286529541,1.235619068145752,0.1762278527021408,3.1127219200134277,18.851776123046875,1265.3324120354455,8.357220904169115e-05
5990,1.6415082216262817,2.6859543323516846,1.5740470886230469,0.19769734144210815,1.6612826585769653,18.980310440063477,1265.3219017482695,8.351616247939203e-05
6000,1.5872673988342285,2.6200923919677734,1.4140857458114624,0.21198983490467072,3.6466376781463623,19.190988540649414,1265.3119140996864,8.346004190179198e-05
6010,1.6537060737609863,2.652216911315918,1.753159761428833,0.1651660054922104,2.6833200454711914,18.91334342956543,1265.3021861381449,8.34038474545551e-05
6020,1.6831157207489014,2.7591283321380615,1.4442158937454224,0.18885891139507294,2.298146963119507,19.343503952026367,1265.2922010490056,8.334757928353721e-05
6030,1.6178990602493286,2.6898140907287598,1.2309168577194214,0.17823542654514313,3.9606263637542725,19.009441375732422,1265.2814293569422,8.329123753478554e-05
6040,1.7882494926452637,2.8411409854888916,1.8118997812271118,0.20241764187812805,2.495723009109497,19.07463836669922,1265.2708741652016,8.323482235453825e-05
6050,1.4986106157302856,2.6066601276397705,1.4376121759414673,0.16071724891662598,1.5541212558746338,19.254993438720703,1265.2602175464015,8.317833388922413e-05
6060,1.646464467048645,2.6668474674224854,1.4813333749771118,0.16186951100826263,4.034036636352539,19.275083541870117,1265.2498098327521,8.312177228546212e-05
6070,1.758233666419983,2.8392231464385986,1.6224693059921265,0.18084532022476196,2.1746599674224854,19.25229263305664,1265.2392684086742,8.306513769006107e-05
6080,1.6570461988449097,2.793522596359253,1.2660610675811768,0.18558630347251892,2.2103772163391113,18.945680618286133,1265.2291913039285,8.300843025001924e-05
6090,1.6450269222259521,2.669816255569458,1.541142225265503,0.2171396166086197,2.376755714416504,19.004602432250977,1265.2187381986967,8.295165011252397e-05
6100,1.5658016204833984,2.6320085525512695,1.4324473142623901,0.1682480126619339,2.6351730823516846,19.040552139282227,1265.2078717706977,8.289479742495132e-05
6110,1.6111018657684326,2.6257081031799316,1.5451077222824097,0.192939892411232,2.05857515335083,19.096595764160156,1265.1968677261575,8.28378723348656e-05
6120,1.741349220275879,2.675044059753418,1.9106289148330688,0.2019382119178772,2.002800464630127,18.775733947753906,1265.1862270561205,8.27808749900191e-05
6130,1.7353410720825195,2.7348175048828125,1.7895532846450806,0.18270885944366455,2.213939905166626,19.026880264282227,1265.1761186691815,8.272380553835164e-05
6140,1.5763435363769531,2.5988821983337402,1.4870667457580566,0.1627458781003952,2.110156536102295,19.139604568481445,1265.165448652774,8.266666412799016e-05
6150,1.631934404373169,2.753593683242798,1.3133519887924194,0.221859410405159,2.922147512435913,18.65375328063965,1265.155258137758,8.26094509072484e-05
6160,1.5216965675354004,2.5553195476531982,1.5416595935821533,0.15252786874771118,3.411339044570923,19.154354095458984,1265.1452280275448,8.25521660246265e-05
6170,1.6322221755981445,2.6253113746643066,1.433631181716919,0.19560404121875763,1.7354527711868286,19.22464942932129,1265.1344988772523,8.24948096288106e-05
6180,1.5838639736175537,2.5925071239471436,1.6674540042877197,0.16164271533489227,2.2313504219055176,19.038440704345703,1265.1249385813053,8.243738186867242e-05
6190,1.4546326398849487,2.444071054458618,1.3795844316482544,0.1505512297153473,1.7708771228790283,19.305171966552734,1265.1148331463814,8.237988289326894e-05
6200,1.6057909727096558,2.713305950164795,1.505650520324707,0.1681954562664032,2.604775905609131,19.178632736206055,1265.1045483266398,8.232231285184201e-05
6210,1.614250898361206,2.656184196472168,1.4636039733886719,0.14209890365600586,1.5773171186447144,18.798330307006836,1265.0942326127727,8.226467189381787e-05
6220,1.6111942529678345,2.64148211479187,1.5717965364456177,0.18550854921340942,2.9367258548736572,19.286487579345703,1265.0836798647608,8.220696016880688e-05
6230,1.722248911857605,2.779764413833618,1.6207600831985474,0.2070612758398056,2.6551034450531006,18.943052291870117,1265.0733986576108,8.214917782660305e-05
6240,1.6747373342514038,2.754164218902588,1.545800805091858,0.17394483089447021,2.1160471439361572,19.193675994873047,1265.063095742007,8.20913250171837e-05
6250,1.6469136476516724,2.6751513481140137,1.7038840055465698,0.15233461558818817,2.405674457550049,18.790042877197266,1265.053230256955,8.203340189070906e-05
6260,1.6874783039093018,2.682222366333008,1.6585396528244019,0.17825675010681152,1.6551849842071533,19.437761306762695,1265.0428545577695,8.197540859752182e-05
6270,1.592610478401184,2.5951120853424072,1.653199553489685,0.15627838671207428,3.78826904296875,18.92718505859375,1265.0327289750683,8.191734528814688e-05
6280,1.6695011854171753,2.75034761428833,1.4055287837982178,0.16829229891300201,2.091130018234253,19.337162017822266,1265.0226833793492,8.185921211329079e-05
6290,1.6826058626174927,2.654010057449341,1.8722093105316162,0.18261471390724182,2.157418727874756,19.024309158325195,1265.0124413292917,8.180100922384147e-05
6300,1.6189874410629272,2.6086339950561523,1.4638903141021729,0.19913475215435028,2.638949155807495,19.183744430541992,1265.0020890114452,8.174273677086779e-05
6310,1.5344995260238647,2.4750618934631348,1.4781525135040283,0.1781189888715744,1.9089421033859253,19.16193199157715,1264.991715672136,8.168439490561916e-05
6320,1.7448327541351318,2.7459256649017334,1.6831766366958618,0.19299878180027008,2.199383020401001,19.60006332397461,1264.9818364979008,8.162598377952522e-05
6330,1.4982452392578125,2.5137476921081543,1.3699744939804077,0.1653028130531311,3.70562744140625,18.692811965942383,1264.9715559616893,8.156750354419525e-05
6340,1.4906103610992432,2.4364800453186035,1.4484061002731323,0.18738900125026703,1.7688276767730713,19.39052963256836,1264.9614898329949,8.150895435141803e-05
6350,1.3998223543167114,2.269528865814209,1.4194618463516235,0.17449897527694702,1.7151910066604614,18.889633178710938,1264.951436929982,8.14503363531613e-05
6360,1.6047054529190063,2.558295249938965,1.595668077468872,0.18376551568508148,1.9622596502304077,19.29494285583496,1264.9409161356512,8.139164970157132e-05
6370,1.500312328338623,2.465672731399536,1.6590505838394165,0.1671316921710968,2.6156153678894043,19.05683708190918,1264.9301387447736,8.13328945489726e-05
6380,1.674160122871399,2.705331325531006,1.7561448812484741,0.1735495775938034,2.0786781311035156,19.50503921508789,1264.9197871202477,8.127407104786747e-05
6390,1.6330138444900513,2.673671007156372,1.5926274061203003,0.17685467004776,1.6885970830917358,19.492427825927734,1264.90926361401,8.121517935093557e-05
6400,1.712455153465271,2.7414324283599854,1.5942165851593018,0.19245857000350952,2.9382433891296387,18.972274780273438,1264.898376116053,8.115621961103366e-05
6410,1.6360582113265991,2.6415693759918213,1.6117814779281616,0.18055368959903717,2.7997348308563232,19.20348358154297,1264.887831081179,8.109719198119503e-05
6420,1.5171867609024048,2.5833499431610107,1.3125314712524414,0.14968936145305634,2.268968343734741,18.837278366088867,1264.8774644763748,8.103809661462923e-05
6430,1.5604298114776611,2.550647735595703,1.5492433309555054,0.14431749284267426,3.014690637588501,19.38518714904785,1264.8662988709675,8.097893366472157e-05
6440,1.496749997138977,2.43291974067688,1.290627121925354,0.20042696595191956,1.6430631875991821,19.28020477294922,1264.8552636448487,8.091970328503282e-05
6450,1.6038250923156738,2.61692476272583,1.6115868091583252,0.17790336906909943,3.8147292137145996,18.955537796020508,1264.8448875038707,8.086040562929878e-05
6460,1.5960983037948608,2.6014554500579834,1.649449110031128,0.16610315442085266,2.066652536392212,19.196741104125977,1264.8343548031476,8.080104085142981e-05
6470,1.6429692506790161,2.6628565788269043,1.5212421417236328,0.1909099668264389,1.6326591968536377,19.428434371948242,1264.824583599282,8.074160910551055e-05
6480,1.7171587944030762,2.7142598628997803,1.5680603981018066,0.1930266171693802,2.787809133529663,19.474170684814453,1264.8145273539128,8.068211054579944e-05
6490,1.7272025346755981,2.8197340965270996,1.6262739896774292,0.1881098449230194,5.543362617492676,19.199703216552734,1264.8037875929292,8.062254532672829e-05
6500,1.690369725227356,2.723646879196167,1.6092110872268677,0.20437364280223846,2.940258741378784,19.088605880737305,1264.7935382704802,8.056291360290201e-05
6510,1.7234795093536377,2.7693610191345215,1.6456084251403809,0.18353869020938873,1.7390953302383423,19.067216873168945,1264.7833512304974,8.050321552909808e-05
6520,1.591895341873169,2.6437063217163086,1.5180137157440186,0.18050196766853333,3.1114718914031982,19.48369026184082,1264.773093718769,8.044345126026619e-05
6530,1.6267163753509521,2.6818881034851074,1.4580408334732056,0.2059769332408905,1.8355369567871094,19.397945404052734,1264.7636878873357,8.038362095152789e-05
6540,1.4817631244659424,2.4631872177124023,1.494555950164795,0.17303399741649628,3.236112117767334,19.166654586791992,1264.7541791330862,8.032372475817605e-05
6550,1.552851676940918,2.498497486114502,1.598138689994812,0.16663408279418945,2.251953363418579,19.348222732543945,1264.7445263592022,8.026376283567465e-05
6560,1.5730620622634888,2.4886019229888916,1.64463472366333,0.1920945942401886,2.1149373054504395,19.47612190246582,1264.7350316077886,8.020373533965821e-05
6570,1.5895521640777588,2.5319721698760986,1.6569960117340088,0.2148924618959427,2.3894155025482178,19.559520721435547,1264.725229358375,8.014364242593146e-05
6580,1.6280457973480225,2.658458709716797,1.592602014541626,0.17309916019439697,2.559312343597412,19.44877815246582,1264.715423598467,8.008348425046893e-05
6590,1.4327592849731445,2.4038548469543457,1.4611462354660034,0.17347529530525208,2.9643924236297607,19.69461441040039,1264.7055598238596,8.002326096941457e-05
6600,1.4949675798416138,2.4546685218811035,1.4958696365356445,0.18323954939842224,2.635425567626953,19.07680320739746,1264.6956850394527,7.996297273908125e-05
6610,1.6100534200668335,2.6168251037597656,1.4041643142700195,0.16842497885227203,2.3841917514801025,19.667375564575195,1264.6851398791457,7.99026197159505e-05
6620,1.5776094198226929,2.5439395904541016,1.4918155670166016,0.16702178120613098,2.7250053882598877,19.440093994140625,1264.675498124482,7.984220205667193e-05
6630,1.5408716201782227,2.4912056922912598,1.6292492151260376,0.1841176152229309,1.7945863008499146,19.443904876708984,1264.6657743993032,7.9781719918063e-05
6640,1.4876703023910522,2.4764888286590576,1.5421512126922607,0.17701022326946259,3.1756460666656494,19.286781311035156,1264.6557874848597,7.97211734571085e-05
6650,1.608621597290039,2.6703855991363525,1.3916077613830566,0.19486919045448303,3.393838882446289,19.989200592041016,1264.6456907157642,7.966056283096016e-05
6660,1.4820778369903564,2.452996253967285,1.3195675611495972,0.1862870305776596,2.7117936611175537,19.385435104370117,1264.6360592690608,7.959988819693624e-05
6670,1.5550661087036133,2.692807912826538,1.1479591131210327,0.17136183381080627,2.096895456314087,19.241451263427734,1264.6259892260114,7.953914971252121e-05
6680,1.7100884914398193,2.6547579765319824,1.7799077033996582,0.19217514991760254,2.388571262359619,19.00816535949707,1264.616355183287,7.947834753536518e-05
6690,1.5587459802627563,2.519314765930176,1.5974286794662476,0.17585980892181396,2.573958396911621,19.333385467529297,1264.6070002267038,7.941748182328363e-05
6700,1.6400785446166992,2.6775026321411133,1.5589483976364136,0.1800793558359146,2.177581310272217,19.23891258239746,1264.597479111607,7.935655273425691e-05
6710,1.7459479570388794,2.7461025714874268,1.7256858348846436,0.22453881800174713,2.239003896713257,19.305280685424805,1264.588110442894,7.929556042642993e-05
6720,1.649671196937561,2.6563961505889893,1.5597399473190308,0.17959874868392944,2.2126810550689697,19.578216552734375,1264.5784253227787,7.923450505811162e-05
6730,1.5830575227737427,2.585308074951172,1.4639595746994019,0.18370969593524933,1.6323471069335938,19.37213897705078,1264.5687669117117,7.917338678777463e-05
6740,1.575868010520935,2.6045515537261963,1.5150742530822754,0.16906210780143738,2.9401073455810547,19.595882415771484,1264.5592205253436,7.911220577405484e-05
6750,1.5048604011535645,2.433659076690674,1.5782952308654785,0.18447840213775635,2.4617815017700195,19.7120361328125,1264.549335370948,7.905096217575106e-05
6760,1.6908639669418335,2.6461596488952637,1.8032668828964233,0.18795043230056763,1.9917526245117188,19.559432983398438,1264.5391636602978,7.898965615182443e-05
6770,1.4948760271072388,2.381169080734253,1.6561864614486694,0.15696468949317932,2.180710554122925,19.254051208496094,1264.5291527025954,7.892828786139821e-05
6780,1.4966989755630493,2.498450517654419,1.3436126708984375,0.15407900512218475,2.807406425476074,19.24420738220215,1264.5190214873357,7.886685746375722e-05
6790,1.6262260675430298,2.610769510269165,1.6777639389038086,0.18422318994998932,2.1943016052246094,19.288259506225586,1264.5092204845268,7.880536511834755e-05
6800,1.5514837503433228,2.507359266281128,1.4819096326828003,0.1858104020357132,2.442589044570923,19.112634658813477,1264.5000735335489,7.874381098477599e-05
6810,1.5873363018035889,2.585761308670044,1.3872480392456055,0.17969167232513428,1.5439907312393188,19.198144912719727,1264.4908476808994,7.868219522280975e-05
6820,1.4956634044647217,2.53877854347229,1.2666045427322388,0.18884286284446716,3.4509427547454834,19.80821418762207,1264.4814800837369,7.862051799237605e-05
6830,1.5842337608337402,2.6236629486083984,1.4109176397323608,0.18200553953647614,2.004608392715454,19.028427124023438,1264.4718811462885,7.855877945356154e-05
6840,1.5604872703552246,2.5085041522979736,1.6158181428909302,0.16526401042938232,3.525451898574829,19.39173126220703,1264.4624350436702,7.849697976661211e-05
6850,1.5684200525283813,2.617853879928589,1.472312331199646,0.167027547955513,4.072051525115967,19.167579650878906,1264.4529516519383,7.843511909193231e-05
6860,1.6102914810180664,2.64371395111084,1.4916595220565796,0.17981116473674774,2.046968460083008,20.026737213134766,1264.4432431949,7.837319759008498e-05
6870,1.4707183837890625,2.464872121810913,1.4891010522842407,0.1472606062889099,1.7466286420822144,19.374879837036133,1264.433195610444,7.831121542179087e-05
6880,1.6895846128463745,2.6681132316589355,1.6538329124450684,0.22251588106155396,3.2900216579437256,19.562959671020508,1264.4235779495455,7.824917274792816e-05
6890,1.5397038459777832,2.4800233840942383,1.6122498512268066,0.16090694069862366,2.059150457382202,19.72498321533203,1264.4142141755617,7.818706972953211e-05
6900,1.4869061708450317,2.4100356101989746,1.6505111455917358,0.16348843276500702,2.1384477615356445,20.068225860595703,1264.4045449273285,7.812490652779459e-05
6910,1.3925095796585083,2.2468812465667725,1.4881093502044678,0.18225811421871185,2.195413589477539,19.9572696685791,1264.395145177797,7.806268330406368e-05
6920,1.3643041849136353,2.202049970626831,1.4675054550170898,0.15620695054531097,1.7612457275390625,19.579633712768555,1264.3853059499165,7.800040021984325e-05
6930,1.4755606651306152,2.4565834999084473,1.272023320198059,0.16391617059707642,2.181968927383423,19.5670223236084,1264.375282851019,7.793805743679253e-05
6940,1.5489492416381836,2.5496768951416016,1.2574607133865356,0.1876794844865799,2.2645602226257324,20.073942184448242,1264.3659692010663,7.787565511672573e-05
6950,1.4691178798675537,2.48774790763855,1.226226568222046,0.18129518628120422,2.8550336360931396,19.768783569335938,1264.3566089492588,7.781319342161158e-05
6960,1.493476390838623,2.4644935131073,1.4515365362167358,0.17990493774414062,4.837713718414307,19.686294555664062,1264.34761588718,7.77506725135729e-05
6970,1.5951886177062988,2.60233211517334,1.6217386722564697,0.1631464809179306,3.0614657402038574,19.612905502319336,1264.3382871297717,7.768809255488622e-05
6980,1.534055471420288,2.47761869430542,1.5764307975769043,0.18521836400032043,2.859856605529785,19.651409149169922,1264.3287954979767,7.762545370798134e-05
6990,1.4649442434310913,2.390418291091919,1.5434105396270752,0.166233092546463,2.3505821228027344,20.03953742980957,1264.3190648669972,7.756275613544091e-05
7000,1.7005083560943604,2.665708303451538,1.7571641206741333,0.21823950111865997,2.5546364784240723,19.69474983215332,1264.3091449463263,7.75e-05
7010,1.5363869667053223,2.4863665103912354,1.4632645845413208,0.1982712745666504,2.2516391277313232,19.984037399291992,1264.2994366602345,7.74371854645457e-05
7020,1.4039536714553833,2.28737735748291,1.4776142835617065,0.16111460328102112,1.5490496158599854,19.59992218017578,1264.289600189106,7.73743126921166e-05
7030,1.4337096214294434,2.249634265899658,1.5832674503326416,0.18033185601234436,1.6874290704727173,19.6361083984375,1264.2800391221035,7.731138184590259e-05
7040,1.6233900785446167,2.583209991455078,1.8158808946609497,0.17514833807945251,3.7047719955444336,19.7369384765625,1264.2703227695072,7.724839308924417e-05
7050,1.5631102323532104,2.548096179962158,1.5028645992279053,0.17510603368282318,2.53786301612854,19.40738296508789,1264.260694377009,7.71853465856322e-05
7060,1.621326208114624,2.645174741744995,1.4893124103546143,0.19293610751628876,1.9533541202545166,19.622711181640625,1264.250747797583,7.712224249870742e-05
7070,1.467867136001587,2.3572309017181396,1.4752678871154785,0.1817931830883026,1.7850528955459595,19.743661880493164,1264.2407778715021,7.705908099226004e-05
7080,1.5823915004730225,2.483825922012329,1.753758430480957,0.1786281317472458,2.6221725940704346,19.590328216552734,1264.231377068736,7.69958622302293e-05
7090,1.526749610900879,2.3953371047973633,1.7193745374679565,0.18599170446395874,1.9737660884857178,19.73250389099121,1264.2219208948757,7.693258637670303e-05
7100,1.6090362071990967,2.628941059112549,1.6308972835540771,0.1711881011724472,1.9974185228347778,19.880247116088867,1264.2124374317425,7.686925359591727e-05
7110,1.4871885776519775,2.4740803241729736,1.3736934661865234,0.16332246363162994,2.5416696071624756,19.599994659423828,1264.202933061579,7.680586405225583e-05
7120,1.5955116748809814,2.5214269161224365,1.7616454362869263,0.19126446545124054,2.516906976699829,19.70064353942871,1264.1940287885147,7.674241791024979e-05
7130,1.501266360282898,2.3184587955474854,1.8712576627731323,0.19614845514297485,3.2361032962799072,19.974895477294922,1264.1844824419836,7.667891533457719e-05
7140,1.4441773891448975,2.2737882137298584,1.7554850578308105,0.17081479728221893,2.1594181060791016,20.062280654907227,1264.174949724381,7.661535649006254e-05
7150,1.5672205686569214,2.46095609664917,1.7920618057250977,0.18733377754688263,2.5649843215942383,20.04718780517578,1264.1654833926239,7.655174154167638e-05
7160,1.5634535551071167,2.472867727279663,1.7741960287094116,0.15915372967720032,4.312134265899658,20.2423038482666,1264.1558041758126,7.648807065453489e-05
7170,1.5605201721191406,2.530587673187256,1.50541353225708,0.17304660379886627,2.339609384536743,20.153194427490234,1264.1465768190376,7.642434399389944e-05
7180,1.5382435321807861,2.521282911300659,1.4945868253707886,0.17419829964637756,3.3451905250549316,20.194379806518555,1264.1366963461307,7.636056172517613e-05
7190,1.5804526805877686,2.476886510848999,1.7753757238388062,0.16919462382793427,2.5178961753845215,19.742076873779297,1264.1269450341456,7.629672401391543e-05
7200,1.3770557641983032,2.272134780883789,1.3345295190811157,0.16117869317531586,3.1732277870178223,20.149494171142578,1264.1170021407136,7.62328310258117e-05
7210,1.6361931562423706,2.6626594066619873,1.7083381414413452,0.1610291749238968,4.30613374710083,20.04085350036621,1264.1074811946144,7.61688829267028e-05
7220,1.7517673969268799,2.7326338291168213,1.7085760831832886,0.18199142813682556,1.5609304904937744,19.54798126220703,1264.0981651865611,7.61048798825696e-05
7230,1.5723557472229004,2.483865976333618,1.7092572450637817,0.16059309244155884,2.0951147079467773,19.319377899169922,1264.0885257870816,7.60408220595356e-05
7240,1.4491809606552124,2.261392593383789,1.6644411087036133,0.18497246503829956,1.8939415216445923,19.791006088256836,1264.078755142986,7.597670962386643e-05
7250,1.5957266092300415,2.437958002090454,1.8230962753295898,0.17715921998023987,1.7291582822799683,20.392873764038086,1264.0688515754096,7.591254274196959e-05
7260,1.4736568927764893,2.3854734897613525,1.5888607501983643,0.1846308559179306,2.467128276824951,19.911144256591797,1264.0587895683798,7.58483215803938e-05
7270,1.5347509384155273,2.4663169384002686,1.6056815385818481,0.17236049473285675,3.6844937801361084,19.79996109008789,1264.0487271996433,7.578404630582864e-05
7280,1.6674282550811768,2.5856993198394775,1.730360507965088,0.1846846342086792,3.535212516784668,19.874217987060547,1264.0390672231676,7.571971708510427e-05
7290,1.5817164182662964,2.5538432598114014,1.3127280473709106,0.1855103075504303,4.558172225952148,20.1694278717041,1264.029488496492,7.565533408519074e-05
7300,1.4442682266235352,2.3308441638946533,1.4968910217285156,0.1960112303495407,2.3848495483398438,19.862863540649414,1264.019466206059,7.55908974731978e-05
7310,1.4910238981246948,2.4122660160064697,1.3879014253616333,0.17829427123069763,1.6465693712234497,20.161165237426758,1264.0098126851974,7.552640741637422e-05
7320,1.567586064338684,2.4585375785827637,1.6215217113494873,0.1647724211215973,2.5184991359710693,20.084482192993164,1264.0000092865591,7.546186408210761e-05
7330,1.4964098930358887,2.4982922077178955,1.3799595832824707,0.15035799145698547,2.8763070106506348,19.98914909362793,1263.9901659237448,7.539726763792382e-05
7340,1.5532855987548828,2.6147584915161133,1.4491626024246216,0.16714009642601013,2.9732604026794434,19.948774337768555,1263.980146151351,7.533261825148654e-05
7350,1.683853030204773,2.618656873703003,1.7552851438522339,0.16273625195026398,1.6784710884094238,19.611587524414062,1263.9708073228344,7.526791609059686e-05
7360,1.5546119213104248,2.500406265258789,1.3968639373779297,0.17979496717453003,1.852948546409607,19.68524169921875,1263.9613164888224,7.52031613231929e-05
7370,1.3781720399856567,2.2106733322143555,1.462063193321228,0.17328183352947235,1.750404715538025,19.740497589111328,1263.9515297378732,7.513835411734928e-05
7380,1.4619039297103882,2.4181087017059326,1.3121057748794556,0.20236201584339142,2.194502830505371,20.275737762451172,1263.942166192339,7.507349464127677e-05
7390,1.3480005264282227,2.232531785964966,1.395283579826355,0.1591258943080902,1.8204338550567627,19.60665512084961,1263.9324506598493,7.500858306332173e-05
7400,1.2820861339569092,2.217386484146118,1.1961318254470825,0.16158978641033173,2.3183929920196533,20.22186279296875,1263.9227613715311,7.494361955196587e-05
7410,1.58393394947052,2.4781687259674072,1.7784278392791748,0.18187281489372253,2.1023597717285156,20.318843841552734,1263.9129910618801,7.487860427582557e-05
7420,1.4344706535339355,2.292574405670166,1.6110079288482666,0.18249721825122833,2.4731435775756836,20.09462547302246,1263.9034159883422,7.481353740365167e-05
7430,1.45321524143219,2.364967107772827,1.5690853595733643,0.1738591343164444,2.730397939682007,19.87468910217285,1263.8936464910648,7.474841910432887e-05
7440,1.4599528312683105,2.370274066925049,1.568635106086731,0.16294941306114197,3.6151490211486816,19.809919357299805,1263.8838911391952,7.46832495468754e-05
7450,1.4131603240966797,2.2655723094940186,1.6000452041625977,0.16761118173599243,2.4287941455841064,20.091245651245117,1263.8743798661394,7.461802890044246e-05
7460,1.660402774810791,2.6185765266418457,1.7679086923599243,0.17954371869564056,3.7732181549072266,20.196443557739258,1263.8649866998355,7.455275733431395e-05
7470,1.6697416305541992,2.646523952484131,1.5031659603118896,0.1865823119878769,2.170535087585449,20.02474594116211,1263.8553770769015,7.448743501790585e-05
7480,1.5787663459777832,2.600006103515625,1.48036527633667,0.1683422327041626,5.2309160232543945,20.265140533447266,1263.8463908447977,7.442206212076589e-05
7490,1.4894076585769653,2.369616746902466,1.5674086809158325,0.17260970175266266,1.6818984746932983,20.00002098083496,1263.8372545699447,7.435663881257314e-05
7500,1.4446531534194946,2.31673526763916,1.4801735877990723,0.17364948987960815,2.577993631362915,20.030935287475586,1263.8283566624887,7.429116526313744e-05
7510,1.591066837310791,2.5243961811065674,1.734233021736145,0.17230363190174103,3.747911214828491,20.20818328857422,1263.8194805488768,7.422564164239907e-05
7520,1.4973539113998413,2.4214441776275635,1.5317623615264893,0.154480442404747,2.6702847480773926,20.276586532592773,1263.810416873264,7.416006812042828e-05
7530,1.5333064794540405,2.3902604579925537,1.7091249227523804,0.17941972613334656,1.8220670223236084,20.450881958007812,1263.8014749434526,7.40944448674248e-05
7540,1.5418063402175903,2.4998254776000977,1.3278290033340454,0.16386187076568604,1.6904942989349365,20.309545516967773,1263.7923600263146,7.402877205371748e-05
7550,1.5475099086761475,2.4124550819396973,1.7185916900634766,0.1826212853193283,1.9009779691696167,20.3411922454834,1263.7832715393074,7.396304984976383e-05
7560,1.5459758043289185,2.4801368713378906,1.5685433149337769,0.17410802841186523,2.0458462238311768,20.174442291259766,1263.7744140332425,7.389727842614945e-05
7570,1.5320433378219604,2.4452412128448486,1.6619375944137573,0.17777904868125916,1.8858156204223633,20.240158081054688,1263.7657853178266,7.383145795358783e-05
7580,1.7012901306152344,2.7064599990844727,1.686736822128296,0.18092530965805054,2.89786696434021,20.274288177490234,1263.7572766387864,7.376558860291966e-05
7590,1.618882417678833,2.5880722999572754,1.5947558879852295,0.1614406704902649,2.1149070262908936,20.22935676574707,1263.7483791550205,7.369967054511256e-05
7600,1.483489751815796,2.3576290607452393,1.75006902217865,0.19551709294319153,1.6774311065673828,19.984619140625,1263.7395484183512,7.363370395126054e-05
7610,1.4973838329315186,2.467613935470581,1.4576674699783325,0.16744431853294373,4.245489120483398,20.09396743774414,1263.7309550385944,7.356768899258362e-05
7620,1.5806266069412231,2.564966917037964,1.6255974769592285,0.18805763125419617,2.164154529571533,20.395719528198242,1263.7222584828728,7.350162584042729e-05
7630,1.6278914213180542,2.666597843170166,1.5014625787734985,0.187435582280159,6.17716646194458,20.416715621948242,1263.713353484511,7.343551466626221e-05
7640,1.4580167531967163,2.4313697814941406,1.543278455734253,0.15251398086547852,4.7444562911987305,20.579879760742188,1263.7046801746721,7.336935564168363e-05
7650,1.6000843048095703,2.496548891067505,1.8981187343597412,0.15933655202388763,2.234572172164917,20.016815185546875,1263.6961206982498,7.330314893841101e-05
7660,1.3337571620941162,2.122568368911743,1.6594048738479614,0.15539681911468506,1.5315355062484741,21.044530868530273,1263.687538513325,7.323689472828758e-05
7670,1.476261854171753,2.362905740737915,1.4870630502700806,0.18300019204616547,2.0772910118103027,20.38991928100586,1263.6786463860185,7.317059318327983e-05
7680,1.4940626621246338,2.4833555221557617,1.147009015083313,0.15215304493904114,2.4319779872894287,19.931411743164062,1263.6696324670331,7.310424447547719e-05
7690,1.360385537147522,2.2271955013275146,1.4322335720062256,0.15012195706367493,2.2129430770874023,20.220359802246094,1263.6608944706884,7.303784877709143e-05
7700,1.365360140800476,2.193857431411743,1.611360788345337,0.15090778470039368,2.3520827293395996,20.58255386352539,1263.652242079854,7.29714062604563e-05
7710,1.5584605932235718,2.4575421810150146,1.716405987739563,0.16755713522434235,2.0542562007904053,20.625089645385742,1263.6432690246374,7.290491709802711e-05
7720,1.404779076576233,2.301055908203125,1.400043249130249,0.15349380671977997,2.4931225776672363,20.100406646728516,1263.6345993128803,7.283838146238021e-05
7730,1.5793404579162598,2.565521240234375,1.5359622240066528,0.15869341790676117,2.251058578491211,19.90548324584961,1263.6260487682919,7.277179952621255e-05
7740,1.4026856422424316,2.263014554977417,1.586708903312683,0.14994266629219055,1.7610687017440796,20.002500534057617,1263.6173542182091,7.270517146234132e-05
7750,1.4274802207946777,2.416933536529541,1.2356038093566895,0.16711969673633575,2.4559192657470703,20.416000366210938,1263.608765804748,7.263849744370338e-05
7760,1.543170690536499,2.443779945373535,1.6418330669403076,0.17363989353179932,1.689300537109375,20.125123977661133,1263.599895921421,7.257177764335491e-05
7770,1.4113284349441528,2.312587261199951,1.2732305526733398,0.16482585668563843,1.7395461797714233,19.7369441986084,1263.5910220128978,7.250501223447085e-05
7780,1.5833544731140137,2.543787956237793,1.6041855812072754,0.18290802836418152,1.9653433561325073,19.93742561340332,1263.5817745469433,7.243820139034464e-05
7790,1.5564738512039185,2.3862125873565674,1.9082615375518799,0.1674448549747467,1.893423080444336,20.441802978515625,1263.5729624476553,7.237134528438752e-05
7800,1.4380732774734497,2.3467025756835938,1.4979792833328247,0.1536586433649063,2.3404200077056885,20.194427490234375,1263.5641608520075,7.23044440901283e-05
7810,1.5118749141693115,2.447721242904663,1.4934701919555664,0.17531561851501465,1.917725682258606,20.367076873779297,1263.554997099497,7.223749798121274e-05
7820,1.290988802909851,2.0988707542419434,1.454452395439148,0.17138788104057312,1.891911268234253,20.711759567260742,1263.5459440393292,7.217050713140329e-05
7830,1.6147047281265259,2.6566076278686523,1.476861834526062,0.16808579862117767,2.1339223384857178,20.05316925048828,1263.5370509326613,7.210347171457842e-05
7840,1.4485846757888794,2.379060983657837,1.449006199836731,0.15078872442245483,2.921220541000366,20.842912673950195,1263.528673102933,7.203639190473233e-05
7850,1.441870927810669,2.4089510440826416,1.331961989402771,0.15590688586235046,3.60578989982605,20.23507308959961,1263.520065230162,7.196926787597443e-05
7860,1.490317940711975,2.44718337059021,1.51812744140625,0.164949432015419,3.401733636856079,20.091022491455078,1263.5110863259872,7.19020998025289e-05
7870,1.4709653854370117,2.3841564655303955,1.663607120513916,0.16594447195529938,1.9776192903518677,20.38976287841797,1263.50239987684,7.183488785873426e-05
7880,1.594558596611023,2.5524497032165527,1.5421168804168701,0.18867170810699463,1.976994276046753,20.389671325683594,1263.4939757240068,7.176763221904287e-05
7890,1.5558046102523804,2.5359349250793457,1.5675067901611328,0.1478605717420578,2.541473627090454,20.603609085083008,1263.4856215741133,7.170033305802053e-05
7900,1.4779987335205078,2.337482452392578,1.5885957479476929,0.1629302054643631,1.4750924110412598,20.156940460205078,1263.4768805487354,7.1632990550346e-05
7910,1.3737517595291138,2.150214672088623,1.6459193229675293,0.16366304457187653,2.204979658126831,20.517959594726562,1263.4678318762608,7.156560487081053e-05
7920,1.4165643453598022,2.282971143722534,1.3816944360733032,0.1765814572572708,2.0714361667633057,20.435190200805664,1263.4591369912757,7.14981761943174e-05
7930,1.6013213396072388,2.49280047416687,1.7091914415359497,0.1962282657623291,3.3174421787261963,20.58454132080078,1263.4502716129386,7.143070469588158e-05
7940,1.521836280822754,2.457111120223999,1.5142147541046143,0.15960319340229034,3.5492794513702393,20.241838455200195,1263.441891025213,7.136319055062912e-05
7950,1.374050259590149,2.263097047805786,1.4060524702072144,0.15852372348308563,2.996522903442383,20.647930145263672,1263.4331190956254,7.129563393379676e-05
7960,1.586078405380249,2.4533448219299316,1.7391544580459595,0.19884081184864044,2.353447675704956,20.556018829345703,1263.424931053646,7.12280350207315e-05
7970,1.5136079788208008,2.4493906497955322,1.7023470401763916,0.1646869033575058,4.259240627288818,20.321714401245117,1263.416057091144,7.11603939868901e-05
7980,1.5595951080322266,2.4214508533477783,1.8177365064620972,0.16262847185134888,1.896598219871521,20.239126205444336,1263.4070277784324,7.10927110078387e-05
7990,1.5127280950546265,2.3931775093078613,1.5028775930404663,0.17588870227336884,1.9611060619354248,20.327438354492188,1263.3981559862634,7.102498625925223e-05
8000,1.3507325649261475,2.2000911235809326,1.4792635440826416,0.14630061388015747,2.032301187515259,20.581682205200195,1263.3894594983765,7.095721991691411e-05
8010,1.5717848539352417,2.4957101345062256,1.7387393712997437,0.15833619236946106,4.282642364501953,19.956466674804688,1263.3803515940817,7.088941215671568e-05
8020,1.482481837272644,2.3699214458465576,1.510377049446106,0.1627642959356308,3.44156813621521,20.559375762939453,1263.371307230985,7.082156315465574e-05
8030,1.3874191045761108,2.300039052963257,1.3235968351364136,0.17708253860473633,3.546686887741089,20.535247802734375,1263.3624492053318,7.075367308684026e-05
8040,1.6318154335021973,2.5321195125579834,1.8102141618728638,0.19158022105693817,1.941998839378357,20.07196807861328,1263.3537099474015,7.068574212948169e-05
8050,1.677445650100708,2.6536097526550293,1.4547789096832275,0.17154395580291748,2.872950553894043,20.07952880859375,1263.3447730176795,7.061777045889863e-05
8060,1.4687111377716064,2.310133695602417,1.524531364440918,0.17433743178844452,1.800752878189087,20.666210174560547,1263.3359547790146,7.05497582515154e-05
8070,1.3844014406204224,2.157578468322754,1.6991500854492188,0.15599699318408966,2.0490775108337402,20.618999481201172,1263.32699161376,7.048170568386146e-05
8080,1.5304133892059326,2.471709728240967,1.4518170356750488,0.17267967760562897,1.9875929355621338,20.127696990966797,1263.3177104794797,7.041361293257112e-05
8090,1.342957854270935,2.2764620780944824,1.1826505661010742,0.13720236718654633,2.076167583465576,20.71048927307129,1263.3084425999832,7.03454801743829e-05
8100,1.4832210540771484,2.4006640911102295,1.5882426500320435,0.1576366126537323,3.2472994327545166,20.256610870361328,1263.2996729892764,7.027730758613924e-05
8110,1.4944441318511963,2.4011330604553223,1.551952600479126,0.17073699831962585,3.0173871517181396,20.550220489501953,1263.290414310927,7.020909534478586e-05
8120,1.3886181116104126,2.2121119499206543,1.669195532798767,0.15642178058624268,2.193344831466675,20.434574127197266,1263.2815886498095,7.014084362737152e-05
8130,1.6347135305404663,2.5890772342681885,1.5069841146469116,0.178697869181633,2.772340774536133,20.668750762939453,1263.2735050735498,7.007255261104735e-05
8140,1.4563347101211548,2.3486135005950928,1.4293955564498901,0.1626756340265274,1.5570939779281616,20.753707885742188,1263.2648792587972,7.000422247306656e-05
8150,1.3653554916381836,2.1985232830047607,1.5824251174926758,0.15726684033870697,2.4710707664489746,20.743417739868164,1263.2560957102746,6.993585339078378e-05
8160,1.5252059698104858,2.4317128658294678,1.5942726135253906,0.16195048391819,2.7908477783203125,20.220930099487305,1263.2474000663872,6.986744554165488e-05
8170,1.4671101570129395,2.3625588417053223,1.4258763790130615,0.14806461334228516,2.5035650730133057,20.73809051513672,1263.2389787333889,6.979899910323624e-05
8180,1.5042771100997925,2.3714711666107178,1.6481270790100098,0.17586222290992737,3.104445457458496,20.512479782104492,1263.2300508269666,6.973051425318445e-05
8190,1.4935821294784546,2.500239372253418,1.4492816925048828,0.1748311072587967,2.8984172344207764,20.565288543701172,1263.2207454897905,6.966199116925578e-05
8200,1.4543349742889404,2.352768898010254,1.6393872499465942,0.1870010793209076,3.8423473834991455,20.23776626586914,1263.2119616613054,6.959343002930573e-05
8210,1.4307506084442139,2.3072590827941895,1.4822978973388672,0.15620166063308716,3.909125804901123,20.141338348388672,1263.2035912544488,6.95248310112886e-05
8220,1.4330744743347168,2.3477280139923096,1.4938031435012817,0.16240331530570984,2.3269762992858887,20.446683883666992,1263.1947788619589,6.945619429325697e-05
8230,1.378767490386963,2.1603622436523438,1.6262263059616089,0.15735600888729095,2.175029993057251,20.949241638183594,1263.1862930544398,6.938752005336131e-05
8240,1.5763189792633057,2.365428924560547,1.846846103668213,0.1940039098262787,1.83890962600708,19.824264526367188,1263.1778531560772,6.93188084698495e-05
8250,1.4195730686187744,2.3750643730163574,1.2450569868087769,0.14859993755817413,6.062545299530029,20.77451515197754,1263.1691315494827,6.925005972106627e-05
8260,1.6595697402954102,2.58188796043396,1.6038148403167725,0.1730252057313919,1.8638908863067627,20.551565170288086,1263.160619322613,6.918127398545287e-05
8270,1.4424384832382202,2.2670304775238037,1.588842749595642,0.19574978947639465,2.6068859100341797,20.581018447875977,1263.1523550321992,6.911245144154654e-05
8280,1.5278774499893188,2.450700521469116,1.4844180345535278,0.16462929546833038,1.6886011362075806,20.796119689941406,1263.1439723889227,6.904359226798004e-05
8290,1.479913353919983,2.2823705673217773,1.8162533044815063,0.1577853411436081,2.9180665016174316,20.673864364624023,1263.1352189697536,6.897469664348126e-05
8300,1.5195229053497314,2.4442431926727295,1.6715856790542603,0.17775706946849823,1.7345000505447388,20.571523666381836,1263.1265852139722,6.890576474687263e-05
8310,1.4984087944030762,2.289651870727539,1.8527164459228516,0.1585455685853958,1.790894865989685,20.77736473083496,1263.1178893202255,6.883679675707078e-05
8320,1.404357671737671,2.2347569465637207,1.5082306861877441,0.17042218148708344,1.7351287603378296,20.727096557617188,1263.1090458009548,6.876779285308599e-05
8330,1.555617094039917,2.448021650314331,1.704839825630188,0.1813153326511383,2.7388226985931396,20.487987518310547,1263.1001752232773,6.869875321402178e-05
8340,1.4198769330978394,2.348994731903076,1.3848201036453247,0.16536696255207062,2.7077369689941406,20.75615119934082,1263.0914525433623,6.862967801907435e-05
8350,1.4191404581069946,2.354135513305664,1.208593726158142,0.1386171579360962,2.0055086612701416,20.376813888549805,1263.082722957624,6.856056744753232e-05
8360,1.4030895233154297,2.2934563159942627,1.302674412727356,0.16181528568267822,2.6137402057647705,20.302677154541016,1263.0745538343112,6.849142167877605e-05
8370,1.3739420175552368,2.2815117835998535,1.2951598167419434,0.15441060066223145,2.440567970275879,21.18280792236328,1263.0666083980232,6.842224089227723e-05
8380,1.3650426864624023,2.2377610206604004,1.4149631261825562,0.1627572774887085,2.636261463165283,20.278175354003906,1263.0584847873536,6.835302526759847e-05
8390,1.4943667650222778,2.3429808616638184,1.762171983718872,0.1591884195804596,2.2022645473480225,20.257492065429688,1263.0506580671472,6.828377498439287e-05
8400,1.436910629272461,2.3079423904418945,1.538467526435852,0.17531661689281464,3.4265758991241455,20.4571533203125,1263.0426384769614,6.82144902224034e-05
8410,1.4852447509765625,2.333122491836548,1.7256391048431396,0.16925889253616333,3.9200222492218018,20.940563201904297,1263.0346904045687,6.81451711614625e-05
8420,1.507934808731079,2.3296096324920654,1.7753305435180664,0.17635156214237213,2.894940137863159,20.680667877197266,1263.0267794768206,6.807581798149177e-05
8430,1.4282574653625488,2.260516881942749,1.5206586122512817,0.16661863029003143,1.74604070186615,20.79456329345703,1263.01881708153,6.800643086250122e-05
8440,1.5440583229064941,2.4920661449432373,1.596464991569519,0.1691230833530426,4.134397029876709,20.425159454345703,1263.0107841651077,6.793700998458907e-05
8450,1.423048496246338,2.316166877746582,1.4386135339736938,0.16038885712623596,4.313469409942627,20.53902244567871,1263.0029888425752,6.786755552794102e-05
8460,1.311241626739502,2.055457592010498,1.586224913597107,0.1931629329919815,2.62507963180542,20.67232894897461,1262.9947913896783,6.779806767283008e-05
8470,1.5124861001968384,2.3278958797454834,1.789608359336853,0.17698444426059723,2.2581303119659424,20.73447608947754,1262.9867199744763,6.772854659961588e-05
8480,1.4852664470672607,2.380750894546509,1.5884692668914795,0.1682884842157364,2.9578473567962646,20.698814392089844,1262.978420953145,6.765899248874425e-05
8490,1.5925525426864624,2.456923723220825,1.664738655090332,0.1760745495557785,4.3037543296813965,21.04071044921875,1262.9707133663694,6.758940552074678e-05
8500,1.4366697072982788,2.340151071548462,1.4735443592071533,0.1708526462316513,2.234396457672119,20.94476318359375,1262.9627407927612,6.751978587624037e-05
8510,1.4741634130477905,2.3531055450439453,1.6267184019088745,0.1688927859067917,2.338430643081665,21.225915908813477,1262.9547028078082,6.745013373592672e-05
8520,1.3431388139724731,2.104635715484619,1.5885615348815918,0.17745020985603333,1.9142606258392334,20.758657455444336,1262.946604328909,6.738044928059186e-05
8530,1.460862398147583,2.2579894065856934,1.745904564857483,0.15557348728179932,2.5808072090148926,20.342058181762695,1262.9386968673184,6.731073269110571e-05
8540,1.3884327411651611,2.200537919998169,1.5814714431762695,0.18062211573123932,2.941502332687378,20.67515754699707,1262.9307897003448,6.72409841484216e-05
8550,1.619538426399231,2.5095553398132324,1.7117847204208374,0.16635087132453918,2.103050708770752,20.611051559448242,1262.9229129499815,6.717120383357578e-05
8560,1.5997751951217651,2.5473647117614746,1.6010756492614746,0.16036854684352875,1.9679385423660278,20.938261032104492,1262.9148561551642,6.710139192768695e-05
8570,1.4725769758224487,2.329657554626465,1.514748454093933,0.15272700786590576,3.683851957321167,20.232566833496094,1262.9064298154203,6.703154861195589e-05
8580,1.3607004880905151,2.220179796218872,1.5240232944488525,0.17064066231250763,2.969088554382324,20.77010154724121,1262.8986365394687,6.696167406766482e-05
8590,1.3284786939620972,2.1888480186462402,1.4053645133972168,0.15123483538627625,1.7280995845794678,20.788240432739258,1262.890636889485,6.689176847617701e-05
8600,1.5860018730163574,2.568722724914551,1.428844690322876,0.1725318729877472,3.0736887454986572,20.83101463317871,1262.8825733044227,6.682183201893642e-05
8610,1.4616978168487549,2.2919301986694336,1.6021493673324585,0.17452102899551392,2.927081346511841,20.9052734375,1262.8744551654004,6.675186487746699e-05
8620,1.445251226425171,2.245481252670288,1.6671364307403564,0.15760257840156555,2.675381660461426,21.166763305664062,1262.8662963280149,6.668186723337239e-05
8630,1.4280551671981812,2.2498159408569336,1.5752419233322144,0.19461753964424133,2.3268094062805176,21.187379837036133,1262.8582120533886,6.661183926833541e-05
8640,1.4259679317474365,2.3544373512268066,1.3465003967285156,0.16663144528865814,1.9896491765975952,20.719812393188477,1262.8504298424239,6.654178116411762e-05
8650,1.5221070051193237,2.3248064517974854,1.7300641536712646,0.18547594547271729,3.0811731815338135,20.5496826171875,1262.842882444976,6.64716931025587e-05
8660,1.5058894157409668,2.3473284244537354,1.7507634162902832,0.17962802946567535,2.0419979095458984,20.32186508178711,1262.8352245307317,6.640157526557619e-05
8670,1.4850434064865112,2.460172176361084,1.2633581161499023,0.153384268283844,1.9277880191802979,20.672611236572266,1262.8273377482901,6.633142783516486e-05
8680,1.5241737365722656,2.4127485752105713,1.676903486251831,0.15794047713279724,1.7444883584976196,19.832765579223633,1262.819083070803,6.626125099339631e-05
8690,1.4319592714309692,2.2429447174072266,1.5967178344726562,0.1733865737915039,1.5832390785217285,20.658849716186523,1262.81134171823,6.619104492241848e-05
8700,1.3564906120300293,2.2191898822784424,1.345977544784546,0.1638864129781723,2.9657883644104004,20.599206924438477,1262.803307248146,6.612080980445513e-05
8710,1.314019799232483,2.145240306854248,1.3748548030853271,0.1406082808971405,1.5997081995010376,20.91623306274414,1262.7954012459331,6.605054582180551e-05
8720,1.4688431024551392,2.4157469272613525,1.2954540252685547,0.19073984026908875,3.6055309772491455,21.08602523803711,1262.787499519292,6.598025315684369e-05
8730,1.569048285484314,2.4076662063598633,1.7562623023986816,0.16743625700473785,2.8161725997924805,20.69904899597168,1262.7794288308903,6.590993199201825e-05
8740,1.4076807498931885,2.2134954929351807,1.726051688194275,0.1415029764175415,3.1374428272247314,20.50388526916504,1262.771320165258,6.583958250985172e-05
8750,1.4978561401367188,2.391472101211548,1.4361572265625,0.20089106261730194,2.4496140480041504,20.688676834106445,1262.763757989956,6.576920489294011e-05
8760,1.3383417129516602,2.1511905193328857,1.4161651134490967,0.15819120407104492,2.2083544731140137,20.627479553222656,1262.7557190860375,6.569879932395249e-05
8770,1.6012194156646729,2.555668592453003,1.598731279373169,0.1585591584444046,3.6899936199188232,21.142343521118164,1262.7477603588552,6.562836598563049e-05
8780,1.4910001754760742,2.392632484436035,1.4882194995880127,0.17162851989269257,2.3691561222076416,20.81708526611328,1262.739277333028,6.555790506078774e-05
8790,1.4998583793640137,2.362069845199585,1.5557700395584106,0.1737869381904602,3.7851457595825195,20.529531478881836,1262.7310019578526,6.548741673230961e-05
8800,1.3013163805007935,2.0823605060577393,1.402908444404602,0.1684848815202713,2.846590518951416,20.871984481811523,1262.7230112944155,6.541690118315245e-05
8810,1.6419365406036377,2.6424946784973145,1.410756230354309,0.14889656007289886,4.195424556732178,20.69998550415039,1262.7151635007071,6.534635859634333e-05
8820,1.4015921354293823,2.2764551639556885,1.558663249015808,0.15910330414772034,2.708162784576416,21.49433708190918,1262.7076624123317,6.527578915497951e-05
8830,1.3960545063018799,2.2786927223205566,1.4930787086486816,0.15232829749584198,4.308553218841553,21.1158447265625,1262.699578957285,6.520519304222795e-05
8840,1.4143486022949219,2.245462656021118,1.5810908079147339,0.1601906269788742,2.882749557495117,21.01789093017578,1262.6919407286239,6.513457044132481e-05
8850,1.4411653280258179,2.3122775554656982,1.464624047279358,0.1661897450685501,1.5949938297271729,21.171062469482422,1262.6842706466466,6.5063921535575e-05
8860,1.3322864770889282,2.1673367023468018,1.4812158346176147,0.14734844863414764,1.9831613302230835,20.99554443359375,1262.6761157273695,6.499324650835176e-05
8870,1.2903116941452026,1.9956378936767578,1.5812656879425049,0.166533425450325,1.540784478187561,20.437210083007812,1262.6679358029999,6.492254554309606e-05
8880,1.5149637460708618,2.340724229812622,1.670472502708435,0.17297394573688507,1.918013095855713,21.04768180847168,1262.6597606285839,6.485181882331623e-05
8890,1.4261436462402344,2.2368228435516357,1.6081990003585815,0.18523582816123962,1.8537358045578003,20.900135040283203,1262.651957402956,6.478106653258747e-05
8900,1.4826865196228027,2.2914440631866455,1.5308034420013428,0.19384098052978516,2.809926986694336,20.624008178710938,1262.6439446453046,6.471028885455128e-05
8910,1.3458590507507324,2.176190137863159,1.5842785835266113,0.15935906767845154,2.1844491958618164,20.96442413330078,1262.6362585029394,6.463948597291512e-05
8920,1.356166958808899,2.1635067462921143,1.5280405282974243,0.16724354028701782,2.184567451477051,21.261411666870117,1262.6282826183306,6.456865807145187e-05
8930,1.4391088485717773,2.367708206176758,1.5516932010650635,0.14190912246704102,2.4834117889404297,20.687658309936523,1262.6201145173761,6.449780533399928e-05
8940,1.4411259889602661,2.2678322792053223,1.4955846071243286,0.17865891754627228,1.5079872608184814,21.10614585876465,1262.6116838675246,6.442692794445963e-05
8950,1.2366185188293457,1.9921329021453857,1.4558603763580322,0.15116940438747406,2.0218095779418945,20.964435577392578,1262.60334690359,6.435602608679918e-05
8960,1.428452968597412,2.2300872802734375,1.7175079584121704,0.15469591319561005,2.221798896789551,20.394689559936523,1262.5950547188445,6.428509994504765e-05
8970,1.4547712802886963,2.38405179977417,1.2355623245239258,0.15569761395454407,2.538984775543213,21.342266082763672,1262.586831146298,6.421414970329785e-05
8980,1.4450398683547974,2.3667197227478027,1.3634809255599976,0.1600206196308136,2.5806660652160645,21.042444229125977,1262.5785022971324,6.414317554570509e-05
8990,1.4388223886489868,2.3350794315338135,1.511521339416504,0.14575974643230438,1.7416962385177612,20.26474380493164,1262.5700794528057,6.40721776564868e-05
9000,1.3964014053344727,2.211974859237671,1.579463005065918,0.19726970791816711,3.118967056274414,20.996065139770508,1262.5618186431961,6.400115621992201e-05
9010,1.4078506231307983,2.1550819873809814,1.7656868696212769,0.15020610392093658,2.329432249069214,20.91326904296875,1262.5537293811512,6.39301114203508e-05
9020,1.3661160469055176,2.097942352294922,1.6045798063278198,0.17165826261043549,2.705660820007324,21.204336166381836,1262.5455456616153,6.385904344217396e-05
9030,1.4325965642929077,2.3089873790740967,1.4219450950622559,0.18918666243553162,2.100695848464966,21.032115936279297,1262.537550514781,6.378795246985242e-05
9040,1.334157943725586,2.171213150024414,1.451728343963623,0.1446174830198288,3.5939080715179443,20.707143783569336,1262.529165579056,6.37168386879068e-05
9050,1.3289974927902222,2.078312397003174,1.5529617071151733,0.157537579536438,2.0147459506988525,21.44542694091797,1262.5208394665115,6.364570228091688e-05
9060,1.289994478225708,2.0395216941833496,1.651790738105774,0.13813944160938263,2.4266135692596436,21.431978225708008,1262.5126977014004,6.357454343352122e-05
9070,1.3454198837280273,2.1954479217529297,1.284440040588379,0.1800585836172104,2.3169071674346924,20.810697555541992,1262.5047768715037,6.350336233041662e-05
9080,1.4048266410827637,2.3150436878204346,1.504308819770813,0.16621613502502441,1.7074211835861206,21.183080673217773,1262.4966861851074,6.343215915635762e-05
9090,1.3052151203155518,2.121572256088257,1.4684667587280273,0.14910398423671722,2.691589593887329,21.088428497314453,1262.4886766164166,6.336093409615603e-05
9100,1.5024725198745728,2.283343553543091,1.7148357629776,0.17334839701652527,2.279851198196411,21.11812400817871,1262.4807050000397,6.328968733468053e-05
9110,1.3754998445510864,2.222811460494995,1.5883785486221313,0.1589335948228836,2.337383985519409,21.141530990600586,1262.472685104292,6.321841905685606e-05
9120,1.5673484802246094,2.4844090938568115,1.5638506412506104,0.16561003029346466,3.1852145195007324,21.196691513061523,1262.464454440333,6.314712944766347e-05
9130,1.3214524984359741,2.092484951019287,1.5393415689468384,0.1469733715057373,1.5180281400680542,21.338613510131836,1262.4560863717056,6.30758186921389e-05
9140,1.4134163856506348,2.208038806915283,1.5106123685836792,0.18339520692825317,2.429332733154297,21.419124603271484,1262.4479686790316,6.300448697537346e-05
9150,1.318499207496643,2.15608286857605,1.3368765115737915,0.1624673455953598,2.1872894763946533,21.22492218017578,1262.4395683971095,6.293313448251261e-05
9160,1.3519537448883057,2.188741445541382,1.5144052505493164,0.1483827531337738,1.7800333499908447,21.031566619873047,1262.4315451765522,6.286176139875575e-05
9170,1.2590818405151367,2.027109384536743,1.439793348312378,0.16002659499645233,2.078747510910034,21.231332778930664,1262.4238880537262,6.279036790935572e-05
9180,1.4295109510421753,2.2470531463623047,1.6638681888580322,0.15200026333332062,3.1230406761169434,21.104536056518555,1262.4159454640735,6.271895419961835e-05
9190,1.4410666227340698,2.3340487480163574,1.5383614301681519,0.14438103139400482,3.3887827396392822,21.09871482849121,1262.4081158564445,6.264752045490193e-05
9200,1.3512544631958008,2.1471967697143555,1.5167818069458008,0.16036856174468994,2.3476788997650146,20.707054138183594,1262.4006188920898,6.257606686061673e-05
9210,1.3292630910873413,2.1015121936798096,1.5435553789138794,0.16364149749279022,2.7494935989379883,21.413227081298828,1262.3935639096883,6.250459360222461e-05
9220,1.3386142253875732,2.130249500274658,1.5179582834243774,0.14380861818790436,2.297938585281372,21.62173080444336,1262.3861186181912,6.243310086523839e-05
9230,1.306591272354126,2.1319730281829834,1.4098470211029053,0.16067028045654297,2.547616958618164,21.206581115722656,1262.379066650061,6.236158883522149e-05
9240,1.3096637725830078,2.142756462097168,1.4120322465896606,0.13603703677654266,2.388084888458252,21.57137107849121,1262.371562711062,6.22900576977874e-05
9250,1.3905937671661377,2.2003135681152344,1.4579859972000122,0.1681179404258728,1.919590950012207,21.419002532958984,1262.3641085732709,6.221850763859921e-05
9260,1.5360281467437744,2.3781514167785645,1.7668761014938354,0.17134538292884827,3.272460699081421,20.663402557373047,1262.3567983680834,6.214693884336913e-05
9270,1.2518324851989746,1.951465368270874,1.4493073225021362,0.14953236281871796,2.0905072689056396,21.35321807861328,1262.3496763647504,6.207535149785795e-05
9280,1.47916579246521,2.3019118309020996,1.6962884664535522,0.1744382232427597,2.26712965965271,21.17461395263672,1262.3423987700446,6.200374578787466e-05
9290,1.44258451461792,2.3233442306518555,1.429569959640503,0.20142507553100586,1.9645363092422485,21.455493927001953,1262.334963019101,6.193212189927593e-05
9300,1.4359365701675415,2.318176507949829,1.5951200723648071,0.16320578753948212,2.4410457611083984,21.672800064086914,1262.3277880619678,6.186048001796556e-05
9310,1.4375016689300537,2.2637648582458496,1.5531128644943237,0.14491499960422516,1.8835467100143433,21.070003509521484,1262.3204317852505,6.178882032989403e-05
9320,1.2625120878219604,2.0159547328948975,1.5117754936218262,0.15187251567840576,2.3522448539733887,21.841262817382812,1262.3131693410737,6.171714302105819e-05
9330,1.5228811502456665,2.3724329471588135,1.6103200912475586,0.16969837248325348,2.5457763671875,21.02699851989746,1262.3059566833433,6.164544827750044e-05
9340,1.4131113290786743,2.199643135070801,1.73795747756958,0.1655460149049759,3.07122540473938,21.47604751586914,1262.2986522523483,6.157373628530852e-05
9350,1.2853740453720093,2.050602912902832,1.454904556274414,0.18147876858711243,2.056565523147583,20.790904998779297,1262.29132400105,6.150200723061496e-05
9360,1.512294888496399,2.3720905780792236,1.4559626579284668,0.18817293643951416,2.7738101482391357,21.638643264770508,1262.2839507506321,6.143026129959653e-05
9370,1.4457765817642212,2.3380608558654785,1.5222586393356323,0.1770114004611969,2.3670356273651123,21.19606590270996,1262.2766613189772,6.135849867847384e-05
9380,1.4382091760635376,2.3489367961883545,1.3181430101394653,0.1537005454301834,1.8613386154174805,21.06130027770996,1262.2694182653504,6.128671955351078e-05
9390,1.4557406902313232,2.2430853843688965,1.7762887477874756,0.15591806173324585,2.7463133335113525,20.649141311645508,1262.2623816587432,6.12149241110141e-05
9400,1.3871142864227295,2.2056050300598145,1.483660340309143,0.1661321371793747,1.8570243120193481,21.209930419921875,1262.2551436834199,6.114311253733293e-05
9410,1.2284085750579834,1.9429092407226562,1.6025875806808472,0.14055359363555908,2.178553581237793,21.359844207763672,1262.2475955731168,6.107128501885822e-05
9420,1.3808374404907227,2.1679186820983887,1.6119141578674316,0.17441250383853912,3.8717312812805176,21.690778732299805,1262.2402895915145,6.099944174202231e-05
9430,1.3329544067382812,2.0802383422851562,1.646012783050537,0.15986482799053192,1.431106448173523,21.160276412963867,1262.2331595688634,6.092758289329851e-05
9440,1.4955830574035645,2.3654439449310303,1.5658721923828125,0.16383585333824158,2.498539686203003,21.87455940246582,1262.2260270245076,6.085570865920045e-05
9450,1.468159556388855,2.275719165802002,1.6990734338760376,0.17256173491477966,1.955591082572937,21.210439682006836,1262.2189480245606,6.078381922628176e-05
9460,1.5912610292434692,2.4513373374938965,1.686406135559082,0.18669284880161285,2.4069414138793945,21.26080894470215,1262.2119812684616,6.0711914781135494e-05
9470,1.4425541162490845,2.291780948638916,1.5748202800750732,0.15393292903900146,2.3117966651916504,21.505706787109375,1262.204860027168,6.06399955103937e-05
9480,1.4151407480239868,2.2887556552886963,1.4510571956634521,0.13964350521564484,2.452629327774048,21.584020614624023,1262.197591592322,6.056806160072685e-05
9490,1.392768383026123,2.137052059173584,1.742004632949829,0.1532798707485199,3.729861259460449,21.624330520629883,1262.1902025163877,6.049611323884346e-05
9500,1.3403573036193848,2.080897808074951,1.6724358797073364,0.15276344120502472,5.044091701507568,21.428260803222656,1262.182730560314,6.042415061148954e-05
9510,1.441881775856018,2.3440229892730713,1.4373948574066162,0.1561415195465088,2.9462740421295166,21.122438430786133,1262.1754763905517,6.035217390544814e-05
9520,1.4091719388961792,2.311357021331787,1.2999505996704102,0.1381666660308838,3.2752928733825684,21.625797271728516,1262.1680932848715,6.028018330753883e-05
9530,1.3482626676559448,2.175058364868164,1.5345793962478638,0.13766799867153168,2.1628506183624268,20.92970848083496,1262.160869288099,6.020817900461727e-05
9540,1.4152964353561401,2.1915361881256104,1.5328936576843262,0.17801761627197266,2.366197109222412,21.306045532226562,1262.1538123683692,6.0136161183574634e-05
9550,1.3165254592895508,2.0438437461853027,1.5657117366790771,0.1646614521741867,1.7297998666763306,21.477184295654297,1262.1468831242914,6.006413003133725e-05
9560,1.3087818622589111,2.066666841506958,1.5717353820800781,0.13498198986053467,1.7044092416763306,21.747676849365234,1262.1394838816657,5.999208573486602e-05
9570,1.3377066850662231,2.0928609371185303,1.485815405845642,0.16528350114822388,2.563913345336914,21.638916015625,1262.1323926268558,5.9920028481155946e-05
9580,1.481378436088562,2.3443353176116943,1.5252691507339478,0.14826367795467377,2.701101064682007,21.158309936523438,1262.125162836798,5.984795845723569e-05
9590,1.5747339725494385,2.379140615463257,1.9052475690841675,0.1576371192932129,3.380199670791626,21.391448974609375,1262.1178260698912,5.977587585016702e-05
9600,1.4073982238769531,2.2002294063568115,1.523709774017334,0.18852180242538452,2.4163153171539307,21.467132568359375,1262.1103707506718,5.970378084704441e-05
9610,1.3393012285232544,2.1102523803710938,1.4733235836029053,0.16446885466575623,1.8982473611831665,21.334569931030273,1262.103166683999,5.96316736349945e-05
9620,1.4708809852600098,2.3174948692321777,1.5841950178146362,0.18578583002090454,2.332193374633789,21.184104919433594,1262.0955364439817,5.9559554401175586e-05
9630,1.3043514490127563,2.0670244693756104,1.5588372945785522,0.14803938567638397,3.1549577713012695,21.480831146240234,1262.0881969190523,5.9487423332777194e-05
9640,1.3814195394515991,2.1579835414886475,1.6667118072509766,0.15732590854167938,1.8688609600067139,21.759281158447266,1262.0811221505003,5.9415280617019584e-05
9650,1.5411444902420044,2.4270710945129395,1.4919764995574951,0.15371836721897125,2.799717664718628,21.017425537109375,1262.073950394307,5.9343126441153186e-05
9660,1.5675897598266602,2.426380157470703,1.7453105449676514,0.14951522648334503,2.570143222808838,21.720901489257812,1262.06665802493,5.9270960992458244e-05
9670,1.4098783731460571,2.273379325866699,1.486046314239502,0.15314413607120514,1.9081717729568481,21.13080596923828,1262.0595205573159,5.9198784458244224e-05
9680,1.3471851348876953,2.102734327316284,1.7328426837921143,0.15481629967689514,2.6465775966644287,21.027645111083984,1262.0520862390342,5.912659702584938e-05
9690,1.3935807943344116,2.2161264419555664,1.551993489265442,0.15334199368953705,2.827601432800293,21.013668060302734,1262.0450451870354,5.9054398882640237e-05
9700,1.3200113773345947,2.1104230880737305,1.4450373649597168,0.15284989774227142,1.6235979795455933,21.226350784301758,1262.0376907179925,5.8982190216011134e-05
9710,1.3400163650512695,2.018643617630005,1.729193925857544,0.16514697670936584,1.8892253637313843,21.568063735961914,1262.030319151413,5.890997121338372e-05
9720,1.279860496520996,2.0770931243896484,1.3833556175231934,0.1460392326116562,2.188541889190674,20.775815963745117,1262.0230654787617,5.883774206220647e-05
9730,1.4557021856307983,2.250767707824707,1.6965757608413696,0.15327909588813782,2.266371965408325,21.11975860595703,1262.0158278796202,5.876550294995421e-05
9740,1.3953169584274292,2.2608399391174316,1.3591521978378296,0.1676819771528244,2.05635929107666,21.266746520996094,1262.008292956043,5.869325406412758e-05
9750,1.51010262966156,2.2802069187164307,1.7694272994995117,0.17832058668136597,3.3684487342834473,21.49915885925293,1262.0008189017205,5.862099559225268e-05
9760,1.2786864042282104,1.9475473165512085,1.8155574798583984,0.15837085247039795,2.0154824256896973,20.75385093688965,1261.993905735801,5.854872772188037e-05
9770,1.3873071670532227,2.133640766143799,1.6620190143585205,0.1518576741218567,1.8595751523971558,22.00248146057129,1261.9867640140826,5.8476450640586e-05
9780,1.3282743692398071,2.0759928226470947,1.5625965595245361,0.15943065285682678,3.0439395904541016,21.60247802734375,1261.9798349044381,5.8404164535968785e-05
9790,1.2964240312576294,2.1342849731445312,1.277752161026001,0.15765076875686646,1.8312660455703735,21.560302734375,1261.9727974671232,5.8331869595651354e-05
9800,1.4662761688232422,2.2722702026367188,1.6576663255691528,0.17314226925373077,2.1547152996063232,21.435970306396484,1261.9655953390948,5.825956600727932e-05
9810,1.3641526699066162,2.1265575885772705,1.5973187685012817,0.17349711060523987,2.346832513809204,21.41002655029297,1261.9581214040868,5.818725395852066e-05
9820,1.40861177444458,2.250356435775757,1.557589054107666,0.12920236587524414,2.0672640800476074,21.608104705810547,1261.950872526299,5.8114933637065404e-05
9830,1.308387279510498,2.075662612915039,1.4772207736968994,0.1486937701702118,2.0381195545196533,21.434646606445312,1261.9436934999273,5.804260523062498e-05
9840,1.314071774482727,2.03765606880188,1.6098291873931885,0.16996847093105316,2.9851157665252686,21.34379768371582,1261.9366396879163,5.7970268926931826e-05
9850,1.2826449871063232,2.0292441844940186,1.4119795560836792,0.16784219443798065,2.0798981189727783,21.68548011779785,1261.9293627230206,5.789792491373888e-05
9860,1.3897221088409424,2.254462718963623,1.2719134092330933,0.19022707641124725,3.9969322681427,21.542957305908203,1261.9218811634419,5.782557337881911e-05
9870,1.4336711168289185,2.2615387439727783,1.4469784498214722,0.18468746542930603,1.9477015733718872,21.832597732543945,1261.9146123416513,5.775321450996497e-05
9880,1.325668454170227,2.1063897609710693,1.4645107984542847,0.15601320564746857,3.0394668579101562,21.27683448791504,1261.9074100496794,5.768084849498797e-05
9890,1.280274510383606,1.928477168083191,1.6444627046585083,0.1537175476551056,2.9547595977783203,21.33489418029785,1261.8998686904868,5.7608475521718174e-05
9900,1.3623101711273193,2.1295599937438965,1.5355284214019775,0.14236797392368317,2.0349366664886475,21.48650550842285,1261.8924185580795,5.7536095778003685e-05
9910,1.4757660627365112,2.3750720024108887,1.4438709020614624,0.1535891443490982,3.326934814453125,21.76445770263672,1261.8849028614638,5.7463709451710204e-05
9920,1.4425138235092163,2.2647438049316406,1.5312954187393188,0.1505356878042221,2.2074713706970215,21.141456604003906,1261.877604919614,5.739131673072049e-05
9930,1.1709189414978027,1.8453118801116943,1.553146481513977,0.1287582665681839,2.2232718467712402,21.52910614013672,1261.8706007801713,5.7318917802933936e-05
9940,1.36540949344635,2.1891305446624756,1.3054139614105225,0.1497553586959839,4.2323455810546875,21.85157012939453,1261.8633920744535,5.724651285626602e-05
9950,1.2342121601104736,2.033613443374634,1.2825512886047363,0.13678790628910065,2.4532997608184814,21.465524673461914,1261.8561316430714,5.717410207864782e-05
9960,1.2951879501342773,2.028089761734009,1.5630779266357422,0.15679556131362915,1.8299145698547363,21.5693416595459,1261.848894714231,5.7101685658025604e-05
9970,1.3262178897857666,2.1356637477874756,1.4568657875061035,0.119066022336483,3.009918212890625,21.636777877807617,1261.8416997519826,5.7029263782360266e-05
9980,1.3203296661376953,2.045414924621582,1.6535909175872803,0.13332033157348633,2.9294381141662598,21.770771026611328,1261.8343804348215,5.695683663962682e-05
9990,1.314284324645996,2.121798515319824,1.6018956899642944,0.12477152794599533,3.5236093997955322,21.22557258605957,1261.8270809957335,5.688440441781399e-05
10000,1.3382682800292969,2.154111623764038,1.5837955474853516,0.14685975015163422,3.3028175830841064,21.69278335571289,1261.8198949971181,5.681196730492368e-05
10010,1.3492401838302612,2.1045784950256348,1.7207919359207153,0.1393686830997467,1.7446860074996948,21.2391357421875,1261.8127195123627,5.67395254889705e-05
10020,1.3918691873550415,2.222961664199829,1.4775810241699219,0.176188126206398,2.08634614944458,21.253305435180664,1261.8054874387522,5.666707915798123e-05
10030,1.2710400819778442,2.0805411338806152,1.4751989841461182,0.14101660251617432,1.892485499382019,21.70966339111328,1261.7985033687867,5.659462849999439e-05
10040,1.4359086751937866,2.2480595111846924,1.4688749313354492,0.18057191371917725,2.1320016384124756,21.58439064025879,1261.7919371969972,5.652217370305975e-05
10050,1.4768178462982178,2.3633780479431152,1.4714534282684326,0.14248600602149963,2.235128402709961,21.773136138916016,1261.7852156891183,5.6449714955237795e-05
10060,1.3502782583236694,2.1227147579193115,1.5246721506118774,0.15198026597499847,3.1879899501800537,21.20925521850586,1261.7785341641516,5.637725244459925e-05
10070,1.3671475648880005,2.0633907318115234,1.864493727684021,0.1485692709684372,2.9715254306793213,21.822509765625,1261.7720400092696,5.630478635922466e-05
10080,1.306114912033081,2.010915994644165,1.6680102348327637,0.1557965874671936,2.54921555519104,21.819507598876953,1261.7656353562138,5.623231688720381e-05
10090,1.383020043373108,2.133620023727417,1.6242319345474243,0.15673676133155823,2.5055155754089355,21.283111572265625,1261.75904290792,5.615984421663528e-05
10100,1.4104164838790894,2.206495523452759,1.644358515739441,0.1509775072336197,2.2689363956451416,21.68189239501953,1261.752548677148,5.608736853562596e-05
10110,1.393802523612976,2.1846518516540527,1.601872205734253,0.14422112703323364,2.9626986980438232,21.381460189819336,1261.746186772873,5.6014890032290547e-05
10120,1.3731048107147217,2.21893310546875,1.475329875946045,0.14992551505565643,2.871368408203125,21.947542190551758,1261.7397912563567,5.594240889475107e-05
10130,1.4587520360946655,2.3250081539154053,1.5637760162353516,0.14640967547893524,2.3782873153686523,21.322473526000977,1261.733012670009,5.5869925311136384e-05
10140,1.4166959524154663,2.269543409347534,1.5578854084014893,0.14678846299648285,2.366856098175049,21.205066680908203,1261.726538260582,5.579743946958171e-05
10150,1.2757359743118286,2.0697503089904785,1.3079931735992432,0.16511401534080505,2.31866717338562,21.185394287109375,1261.7199588660453,5.572495155822811e-05
10160,1.3945590257644653,2.209204912185669,1.6262251138687134,0.15163908898830414,3.01507830619812,21.75946807861328,1261.7135147430733,5.565246176522204e-05
10170,1.3489052057266235,2.068697452545166,1.6243714094161987,0.1530507504940033,2.050062894821167,21.16634750366211,1261.707206155664,5.557997027871482e-05
10180,1.2864787578582764,2.024461269378662,1.5072662830352783,0.14547623693943024,1.786189317703247,21.921710968017578,1261.7007678183743,5.5507477286862175e-05
10190,1.4324806928634644,2.3006391525268555,1.4704828262329102,0.1568027138710022,2.556173324584961,22.075103759765625,1261.6941021200323,5.543498297782374e-05
10200,1.2055753469467163,1.864612340927124,1.6656800508499146,0.15101875364780426,2.0136144161224365,21.351097106933594,1261.687277616866,5.536248753976255e-05
10210,1.3237292766571045,2.0706722736358643,1.6968281269073486,0.1402508020401001,3.3766965866088867,21.207670211791992,1261.680641777354,5.528999116084462e-05
10220,1.403780221939087,2.231672525405884,1.5347083806991577,0.14833134412765503,2.1663308143615723,21.770227432250977,1261.6741961040223,5.5217494029238325e-05
10230,1.3578932285308838,2.0677740573883057,1.745464563369751,0.16503581404685974,3.922382116317749,21.516380310058594,1261.6676000511104,5.5144996333114074e-05
10240,1.4565495252609253,2.3441989421844482,1.646696925163269,0.15319453179836273,2.35707950592041,21.024227142333984,1261.661288276536,5.507249826064369e-05
10250,1.2546498775482178,1.9966776371002197,1.392110824584961,0.14690203964710236,2.709900379180908,21.335824966430664,1261.654474593263,5.500000000000001e-05
10260,1.359899878501892,2.1136059761047363,1.5109800100326538,0.16174477338790894,1.8022044897079468,21.370676040649414,1261.64813628749,5.4927501739356325e-05
10270,1.2644386291503906,2.0367894172668457,1.4680801630020142,0.15256623923778534,1.9084657430648804,21.58165168762207,1261.6412853159113,5.4855003666885943e-05
10280,1.372778058052063,2.1481220722198486,1.5640931129455566,0.17213116586208344,3.6501779556274414,21.090740203857422,1261.634898553474,5.47825059707617e-05
10290,1.2648935317993164,2.0029585361480713,1.4679123163223267,0.14492371678352356,2.2527921199798584,21.77560043334961,1261.6283162382797,5.471000883915541e-05
10300,1.5075682401657104,2.3173398971557617,1.766782283782959,0.15698765218257904,5.969560146331787,21.622549057006836,1261.621661765494,5.463751246023746e-05
10310,1.2907768487930298,1.9895182847976685,1.5524976253509521,0.1651281714439392,2.1436514854431152,21.85167694091797,1261.615158293255,5.456501702217627e-05
10320,1.265887975692749,2.099841594696045,1.2820663452148438,0.15136228501796722,2.0290262699127197,21.69503402709961,1261.608580821038,5.449252271313783e-05
10330,1.3865081071853638,2.177841901779175,1.5697191953659058,0.16072699427604675,1.7105358839035034,21.37303352355957,1261.6019560646923,5.4420029721285184e-05
10340,1.423926591873169,2.181589365005493,1.6136585474014282,0.17512330412864685,1.9013583660125732,21.778553009033203,1261.595176294405,5.4347538234777975e-05
10350,1.2968486547470093,2.019747734069824,1.5390832424163818,0.15681196749210358,1.6849607229232788,21.77760887145996,1261.5886422001163,5.42750484417719e-05
10360,1.3943955898284912,2.192969560623169,1.4951896667480469,0.15560726821422577,1.9878147840499878,21.623458862304688,1261.5820688505119,5.42025605304183e-05
10370,1.3439960479736328,2.1193976402282715,1.5661725997924805,0.16331806778907776,2.828328847885132,21.322139739990234,1261.5752297104139,5.413007468886362e-05
10380,1.3218973875045776,2.1954259872436523,1.3372231721878052,0.14691217243671417,2.421586275100708,21.729393005371094,1261.5686300605014,5.405759110524894e-05
10390,1.4859299659729004,2.3127081394195557,1.6300184726715088,0.16304296255111694,2.654393196105957,21.545351028442383,1261.561817563662,5.398510996770947e-05
10400,1.4238213300704956,2.2016987800598145,1.4397621154785156,0.16454268991947174,2.386690855026245,21.29190444946289,1261.55518889316,5.3912631464374064e-05
10410,1.3831355571746826,2.2260663509368896,1.3892691135406494,0.17743158340454102,3.184521198272705,21.647708892822266,1261.548755577464,5.384015578336473e-05
10420,1.3637762069702148,2.1481897830963135,1.5277214050292969,0.1486305445432663,1.977595329284668,21.54108428955078,1261.5421218491142,5.3767683112796197e-05
10430,1.326605200767517,2.2425689697265625,1.2996972799301147,0.12820416688919067,2.866711139678955,21.796245574951172,1261.5357033160992,5.3695213640775345e-05
10440,1.4127455949783325,2.2577502727508545,1.677173376083374,0.13160620629787445,2.312100648880005,22.07118797302246,1261.5293010494102,5.3622747555400756e-05
10450,1.3828353881835938,2.1878721714019775,1.600341796875,0.1577323079109192,1.7796517610549927,21.68553924560547,1261.5227379915423,5.355028504476223e-05
10460,1.3751658201217651,2.294909954071045,1.116546869277954,0.16162408888339996,2.6554532051086426,21.907560348510742,1261.5158783472555,5.347782629694026e-05
10470,1.3731999397277832,2.1370770931243896,1.697548508644104,0.15416176617145538,2.1628258228302,21.900184631347656,1261.5092527974036,5.340537150000562e-05
10480,1.3469089269638062,2.1194889545440674,1.6050692796707153,0.15989460051059723,2.7428526878356934,21.335424423217773,1261.5029927746782,5.3332920842018784e-05
10490,1.3537476062774658,2.1295647621154785,1.6184989213943481,0.16897594928741455,1.9868451356887817,21.9958553314209,1261.4966825683125,5.3260474511029504e-05
10500,1.3157470226287842,2.0205674171447754,1.6641606092453003,0.15210489928722382,1.6388825178146362,21.864147186279297,1261.4899741564468,5.318803269507634e-05
10510,1.3056706190109253,2.056549549102783,1.4611176252365112,0.13170966506004333,1.4197742938995361,21.515361785888672,1261.4833559257402,5.311559558218603e-05
10520,1.3464432954788208,2.1248483657836914,1.485487461090088,0.2088475227355957,4.016088008880615,22.114885330200195,1261.4765841069689,5.3043163360373196e-05
10530,1.3532074689865112,2.081249237060547,1.614591121673584,0.1781938225030899,1.936994194984436,21.707258224487305,1261.4699767391244,5.297073621763975e-05
10540,1.303180456161499,2.092156171798706,1.4817774295806885,0.14024630188941956,1.7492828369140625,21.71531105041504,1261.4632989575848,5.28983143419744e-05
10550,1.41057550907135,2.297886610031128,1.4686311483383179,0.15114183723926544,2.245123863220215,21.89884376525879,1261.4565587851234,5.2825897921352184e-05
10560,1.317336916923523,2.0269834995269775,1.6869149208068848,0.13907966017723083,3.087940216064453,21.706989288330078,1261.4498811499755,5.2753487143734003e-05
10570,1.4528106451034546,2.2151565551757812,1.7996807098388672,0.1575937420129776,2.75472092628479,22.037389755249023,1261.4432006614106,5.268108219706608e-05
10580,1.371186375617981,2.2197213172912598,1.3124302625656128,0.17541339993476868,2.9691061973571777,21.72987174987793,1261.43661987326,5.2608683269279516e-05
10590,1.172872543334961,1.8995321989059448,1.261576533317566,0.1381087601184845,2.2087321281433105,21.703292846679688,1261.430086327658,5.2536290548289814e-05
10600,1.373856782913208,2.092345714569092,1.7909698486328125,0.14315266907215118,2.112226724624634,21.840795516967773,1261.4234559926892,5.246390422199632e-05
10610,1.4211251735687256,2.219355583190918,1.6008071899414062,0.18081791698932648,2.815263271331787,21.424697875976562,1261.416929890525,5.239152447828185e-05
10620,1.3389265537261963,2.1468684673309326,1.439376950263977,0.1705656200647354,4.174736976623535,22.028892517089844,1261.41050133438,5.2319151505012046e-05
10630,1.3196228742599487,2.0772361755371094,1.477551817893982,0.15956662595272064,2.7712275981903076,21.508193969726562,1261.4039322868357,5.224678549003504e-05
10640,1.2995887994766235,2.0220086574554443,1.5376484394073486,0.15363995730876923,2.5186901092529297,22.186410903930664,1261.3972034116848,5.2174426621180906e-05
10650,1.2512969970703125,2.010706901550293,1.493524432182312,0.14087329804897308,2.7392358779907227,22.207868576049805,1261.3906047136963,5.2102075086261126e-05
10660,1.2917540073394775,2.125706911087036,1.3528276681900024,0.15958918631076813,2.01016902923584,21.816686630249023,1261.3840851377176,5.20297310730682e-05
10670,1.294415831565857,2.0617692470550537,1.48726224899292,0.1409228891134262,1.7938871383666992,21.81009292602539,1261.3772805173774,5.1957394769375044e-05
10680,1.357453465461731,2.1817734241485596,1.592931866645813,0.14675351977348328,3.6467928886413574,22.144662857055664,1261.370639375021,5.188506636293462e-05
10690,1.2705132961273193,1.9886889457702637,1.5292038917541504,0.14166533946990967,2.5028343200683594,21.253820419311523,1261.3640107472806,5.181274604147935e-05
10700,1.3034406900405884,2.1278061866760254,1.442012906074524,0.14854024350643158,2.2917981147766113,21.181894302368164,1261.3571714274285,5.1740433992720704e-05
10710,1.399854063987732,2.0866641998291016,1.6254761219024658,0.18785075843334198,1.9052040576934814,21.866369247436523,1261.3504942753464,5.166813040434865e-05
10720,1.3417654037475586,2.0505294799804688,1.6092805862426758,0.18569496273994446,2.3026652336120605,21.3861026763916,1261.343673219469,5.159583546403125e-05
10730,1.3133924007415771,2.01659893989563,1.5865086317062378,0.15318869054317474,3.409806966781616,22.136234283447266,1261.3368890466963,5.152354935941401e-05
10740,1.434625506401062,2.1955721378326416,1.70871102809906,0.1666945517063141,2.6093814373016357,22.02367401123047,1261.3303457179834,5.1451272278119646e-05
10750,1.3666648864746094,2.019463300704956,1.8881479501724243,0.15165051817893982,2.7460920810699463,21.748926162719727,1261.3238288216337,5.1379004407747344e-05
10760,1.3374977111816406,2.1163997650146484,1.4552665948867798,0.14848971366882324,2.7154722213745117,22.028348922729492,1261.31701823018,5.1306745935872423e-05
10770,1.3266911506652832,2.0983331203460693,1.43007230758667,0.16447219252586365,4.132730960845947,21.443174362182617,1261.3104783447022,5.1234497050045814e-05
10780,1.4320553541183472,2.274566173553467,1.4554153680801392,0.16204077005386353,2.197652816772461,22.030439376831055,1261.3037324169456,5.116225793779354e-05
10790,1.4901885986328125,2.411947250366211,1.519645094871521,0.13151487708091736,2.195201873779297,21.963762283325195,1261.297120438898,5.109002878661629e-05
10800,1.4433729648590088,2.282041311264038,1.6235231161117554,0.15073220431804657,2.081470489501953,21.191349029541016,1261.2903556520998,5.101780978398888e-05
10810,1.4833433628082275,2.3043088912963867,1.6545898914337158,0.16941696405410767,1.9188965559005737,22.277240753173828,1261.2836376691494,5.094560111735977e-05
10820,1.3605016469955444,2.1479198932647705,1.5011072158813477,0.1570732295513153,1.9560520648956299,21.57199478149414,1261.2768379971983,5.0873402974150616e-05
10830,1.4069956541061401,2.1924188137054443,1.7388442754745483,0.15198859572410583,1.9967609643936157,22.13152313232422,1261.2702217795204,5.0801215541755787e-05
10840,1.2794039249420166,2.065974473953247,1.254133701324463,0.15815673768520355,3.891296625137329,21.92949867248535,1261.2635188917407,5.0729039007541766e-05
10850,1.2803945541381836,2.0571887493133545,1.3881233930587769,0.15992692112922668,2.8958020210266113,21.78387451171875,1261.2568728186377,5.065687355884682e-05
10860,1.352959394454956,2.193664789199829,1.3816649913787842,0.16450291872024536,2.1659529209136963,21.995933532714844,1261.2512590743108,5.058471938298044e-05
10870,1.2936595678329468,2.0488202571868896,1.477068305015564,0.15267473459243774,3.1541290283203125,22.341793060302734,1261.2454759406137,5.051257666722281e-05
10880,1.4030407667160034,2.1355221271514893,1.6504286527633667,0.16292250156402588,2.232691764831543,22.20699691772461,1261.2398220220596,5.044044559882444e-05
10890,1.328520655632019,2.0596280097961426,1.637906789779663,0.1539345681667328,1.9398845434188843,22.650056838989258,1261.234034003065,5.0368326365005526e-05
10900,1.3694286346435547,2.1742756366729736,1.4792739152908325,0.14701521396636963,3.5686347484588623,21.73188018798828,1261.2280877128128,5.0296219152955604e-05
10910,1.2431801557540894,2.0166473388671875,1.4568034410476685,0.14977334439754486,3.085644245147705,22.573022842407227,1261.2222347418112,5.0224124149833e-05
10920,1.3825854063034058,2.1546695232391357,1.7392956018447876,0.14298106729984283,3.155498743057251,21.68157386779785,1261.2163891044734,5.015204154276433e-05
10930,1.4443769454956055,2.3264431953430176,1.4815372228622437,0.14600728452205658,6.214865684509277,22.277812957763672,1261.2107395903074,5.007997151884406e-05
10940,1.400302529335022,2.1572961807250977,1.6889210939407349,0.14052973687648773,2.2270491123199463,21.826763153076172,1261.205310047704,5.0007914265134e-05
10950,1.2938228845596313,2.0583088397979736,1.4360344409942627,0.13444401323795319,3.3761706352233887,21.772226333618164,1261.1996251628648,4.9935869968662765e-05
10960,1.3882298469543457,2.1680688858032227,1.6312413215637207,0.154596745967865,1.7268654108047485,21.70638656616211,1261.1937606208664,4.986383881642537e-05
10970,1.3028950691223145,1.962925672531128,1.6297744512557983,0.17563457787036896,2.021341323852539,21.807615280151367,1261.1884178256794,4.979182099538275e-05
10980,1.3927546739578247,2.245896339416504,1.4206798076629639,0.14522357285022736,3.184727430343628,21.393239974975586,1261.1825238930471,4.971981669246117e-05
10990,1.341350793838501,2.234877109527588,1.3328341245651245,0.14155638217926025,1.9198269844055176,22.164451599121094,1261.1767860771408,4.9647826094551876e-05
11000,1.2715171575546265,1.952769160270691,1.613808274269104,0.1523153930902481,1.8659673929214478,22.277063369750977,1261.1709663057013,4.9575849388510473e-05
11010,1.3329029083251953,2.0999372005462646,1.4730879068374634,0.1706724464893341,2.473489999771118,21.613555908203125,1261.1649501442664,4.950388676115656e-05
11020,1.1968584060668945,1.8698163032531738,1.5054950714111328,0.1309199035167694,2.634366989135742,22.079910278320312,1261.159062265818,4.943193839927316e-05
11030,1.3183703422546387,2.02506685256958,1.6066269874572754,0.14769834280014038,2.0844757556915283,22.154930114746094,1261.1532547414215,4.936000448960631e-05
11040,1.3143678903579712,2.0485904216766357,1.5570842027664185,0.14505635201931,2.225095748901367,22.458419799804688,1261.1475166768303,4.9288085218864524e-05
11050,1.4427374601364136,2.332951545715332,1.4804989099502563,0.14404749870300293,1.62735116481781,21.761234283447266,1261.1423022952845,4.9216180773718244e-05
11060,1.4713104963302612,2.2569382190704346,1.4764715433120728,0.19032803177833557,2.69675612449646,21.905569076538086,1261.1365421649816,4.9144291340799564e-05
11070,1.311993956565857,2.165555715560913,1.2817569971084595,0.12437136471271515,2.099978446960449,22.34334945678711,1261.1309322019285,4.907241710670151e-05
11080,1.4088128805160522,2.1333868503570557,1.816148042678833,0.14665858447551727,3.1257686614990234,22.074892044067383,1261.125034713568,4.900055825797769e-05
11090,1.1834628582000732,1.9434195756912231,1.3878118991851807,0.12013839185237885,2.1953516006469727,22.116788864135742,1261.119347119952,4.89287149811418e-05
11100,1.3284101486206055,2.031351327896118,1.693273901939392,0.15492920577526093,2.176863193511963,22.776853561401367,1261.1134523776816,4.885688746266709e-05
11110,1.2504808902740479,1.9000072479248047,1.6581339836120605,0.13348250091075897,2.198056936264038,21.886465072631836,1261.1077773900852,4.8785075888985906e-05
11120,1.3766119480133057,2.2242074012756348,1.4903278350830078,0.1468290537595749,4.580272197723389,21.461322784423828,1261.1020453819158,4.871328044648924e-05
11130,1.4157445430755615,2.239248037338257,1.5379252433776855,0.1528865396976471,2.2949368953704834,21.68741798400879,1261.0960377028396,4.864150132152617e-05
11140,1.4392385482788086,2.24566650390625,1.6032474040985107,0.1625538170337677,2.6867728233337402,21.787071228027344,1261.0900161655595,4.856973870040347e-05
11150,1.324169397354126,2.1349048614501953,1.3592530488967896,0.15636885166168213,4.416811943054199,21.90045928955078,1261.084223743415,4.849799276938506e-05
11160,1.3273547887802124,2.1371259689331055,1.4398596286773682,0.14101818203926086,2.934584379196167,21.984512329101562,1261.0786910259885,4.842626371469149e-05
11170,1.2994496822357178,1.9873359203338623,1.5450339317321777,0.15817835927009583,2.431759834289551,21.94418716430664,1261.0729464300637,4.8354551722499574e-05
11180,1.309631586074829,2.1352691650390625,1.3672401905059814,0.14058621227741241,1.572263479232788,21.426809310913086,1261.0672582288994,4.8282856978941826e-05
11190,1.4122085571289062,2.200888156890869,1.6404509544372559,0.1523205041885376,2.641186237335205,21.889755249023438,1261.0614105429484,4.821117967010596e-05
11200,1.2589856386184692,2.0113587379455566,1.5484894514083862,0.11696358770132065,2.550245523452759,21.859228134155273,1261.0556059670755,4.813951998203446e-05
11210,1.2413941621780396,1.969484806060791,1.4004384279251099,0.15493348240852356,3.6848433017730713,21.419780731201172,1261.0497462926842,4.80678781007241e-05
11220,1.3060202598571777,2.006045341491699,1.680232048034668,0.14774388074874878,1.9478479623794556,21.91124725341797,1261.0440661952744,4.799625421212535e-05
11230,1.297730565071106,2.0331716537475586,1.4950618743896484,0.1459609419107437,1.9131420850753784,21.44680404663086,1261.0381423595954,4.7924648502142066e-05
11240,1.3796846866607666,2.1192758083343506,1.6370751857757568,0.1650480479001999,1.9253238439559937,21.563175201416016,1261.0324048287612,4.7853061156630884e-05
11250,1.2541606426239014,1.9588439464569092,1.5405752658843994,0.14247724413871765,2.2453298568725586,22.21833610534668,1261.0267115490765,4.778149236140079e-05
11260,1.3911120891571045,2.1862633228302,1.4809702634811401,0.17117682099342346,1.9117838144302368,21.841007232666016,1261.0209232616994,4.770994230221262e-05
11270,1.158909559249878,1.8759098052978516,1.253252625465393,0.13180950284004211,2.1688647270202637,22.416688919067383,1261.0153186404073,4.763841116477853e-05
11280,1.2549827098846436,2.044023275375366,1.3092281818389893,0.15502631664276123,4.223021984100342,21.455827713012695,1261.009419159395,4.756689913476163e-05
11290,1.1346060037612915,1.9035329818725586,1.1545140743255615,0.1424201875925064,2.627695322036743,22.274612426757812,1261.0036452586703,4.74954063977754e-05
11300,1.3422774076461792,2.1655423641204834,1.39448082447052,0.14937584102153778,2.604789972305298,22.060914993286133,1260.9980265194492,4.742393313938327e-05
11310,1.423433542251587,2.293720006942749,1.2873631715774536,0.16647902131080627,2.801006317138672,22.077892303466797,1260.9923070471975,4.7352479545098086e-05
11320,1.2317051887512207,1.9604246616363525,1.4931241273880005,0.1454717069864273,4.840610980987549,21.689678192138672,1260.9867198883658,4.7281045800381666e-05
11330,1.468112587928772,2.2505829334259033,1.7098482847213745,0.15507939457893372,2.3828418254852295,21.716930389404297,1260.981023198493,4.720963209064429e-05
11340,1.270555853843689,1.9843720197677612,1.575213074684143,0.14077799022197723,2.389669895172119,22.29083251953125,1260.9753895102165,4.713823860124425e-05
11350,1.452837347984314,2.259895086288452,1.5397685766220093,0.15382082760334015,3.308506727218628,21.98290252685547,1260.969633526112,4.70668655174874e-05
11360,1.4061362743377686,2.1448001861572266,1.7053600549697876,0.16748100519180298,2.264371633529663,21.76243019104004,1260.9637712005226,4.6995513024626544e-05
11370,1.328140377998352,2.114203691482544,1.5432984828948975,0.1492317169904709,2.26143479347229,21.689067840576172,1260.9580349171097,4.692418130786111e-05
11380,1.3000057935714722,2.028745651245117,1.513095736503601,0.15108472108840942,2.297513961791992,21.95480728149414,1260.9522368745663,4.6852870552336556e-05
11390,1.268025279045105,1.9903090000152588,1.5572209358215332,0.16803178191184998,2.457906723022461,21.83263397216797,1260.9462400518935,4.678158094314396e-05
11400,1.399654507637024,2.2567243576049805,1.3240660429000854,0.15917065739631653,3.1945953369140625,21.79803466796875,1260.9404484758713,4.671031266531949e-05
11410,1.204601764678955,1.981886386871338,1.35916006565094,0.1103009358048439,4.192928791046143,21.929338455200195,1260.9346907198183,4.663906590384398e-05
11420,1.3240169286727905,2.089423656463623,1.6238014698028564,0.149240180850029,4.090806007385254,21.995498657226562,1260.928935608898,4.6567840843642384e-05
11430,1.41042959690094,2.1621458530426025,1.837530255317688,0.14241807162761688,2.0750248432159424,22.12896156311035,1260.9231458850502,4.64966376695834e-05
11440,1.3168036937713623,1.968584418296814,1.7777470350265503,0.13814754784107208,3.5270779132843018,22.105323791503906,1260.9173555080156,4.642545656647879e-05
11450,1.3155832290649414,2.0325937271118164,1.6918262243270874,0.14840327203273773,3.4807839393615723,21.971345901489258,1260.9117178236734,4.635429771908313e-05
11460,1.339675784111023,2.1032097339630127,1.3625011444091797,0.1536402404308319,2.000598192214966,21.765579223632812,1260.905962411686,4.628316131209322e-05
11470,1.2616524696350098,2.042504072189331,1.2913925647735596,0.14974698424339294,2.1707570552825928,22.121719360351562,1260.8999286159851,4.621204753014759e-05
11480,1.3238587379455566,2.136701822280884,1.3973469734191895,0.14095596969127655,2.809159278869629,22.209033966064453,1260.8941332183117,4.6140956557826054e-05
11490,1.3581730127334595,2.2071595191955566,1.2982295751571655,0.13952143490314484,2.4840357303619385,21.74980926513672,1260.888264719417,4.6069888579649215e-05
11500,1.3793299198150635,2.12320876121521,1.6126420497894287,0.1638864278793335,1.6878242492675781,22.101999282836914,1260.8824937684356,4.599884378007802e-05
11510,1.1720319986343384,1.8591758012771606,1.550571084022522,0.12616664171218872,3.342825412750244,22.232728958129883,1260.8767646558958,4.592782234351321e-05
11520,1.2749613523483276,2.0393388271331787,1.3301801681518555,0.15159274637699127,2.109734058380127,22.200050354003906,1260.8710309207777,4.585682445429491e-05
11530,1.3859373331069946,2.1252989768981934,1.5760482549667358,0.15409187972545624,1.7547856569290161,22.129304885864258,1260.8651417931644,4.578585029670216e-05
11540,1.1785906553268433,1.96671462059021,1.1525226831436157,0.13000810146331787,2.0897741317749023,22.32862663269043,1260.8592870248356,4.571490005495237e-05
11550,1.2386269569396973,2.0432426929473877,1.0779451131820679,0.13919702172279358,3.7355847358703613,22.09771156311035,1260.8536103476144,4.564397391320084e-05
11560,1.389998435974121,2.220879554748535,1.2930160760879517,0.16156430542469025,2.8422911167144775,22.17439842224121,1260.847868071103,4.5573072055540366e-05
11570,1.1881645917892456,1.770378589630127,1.689062476158142,0.14019182324409485,1.635724663734436,22.274337768554688,1260.8422080241246,4.550219466600072e-05
11580,1.348936915397644,2.1225829124450684,1.4225285053253174,0.160678431391716,2.1164021492004395,22.03118896484375,1260.8363911585775,4.5431341928548144e-05
11590,1.1326402425765991,1.8127751350402832,1.401382327079773,0.12164422869682312,1.9211173057556152,22.437049865722656,1260.8303814142846,4.536051402708488e-05
11600,1.3200137615203857,2.0374062061309814,1.6816915273666382,0.12896864116191864,2.4347641468048096,22.8934383392334,1260.8246528707991,4.5289711145448735e-05
11610,1.208241581916809,1.951438546180725,1.2794337272644043,0.1385810524225235,3.07499361038208,22.31122398376465,1260.8189067693634,4.521893346741255e-05
11620,1.322471022605896,2.1278176307678223,1.488893985748291,0.13781841099262238,1.9852261543273926,21.634382247924805,1260.812954113652,4.514818117668378e-05
11630,1.2649236917495728,2.098494052886963,1.2571886777877808,0.14671669900417328,2.9944989681243896,22.126256942749023,1260.8072285808423,4.5077454456903955e-05
11640,1.4515386819839478,2.258869171142578,1.6315791606903076,0.14279481768608093,1.7250010967254639,22.120691299438477,1260.8014360543798,4.500675349164827e-05
11650,1.3658742904663086,2.150686025619507,1.5810476541519165,0.16412650048732758,2.9161062240600586,22.158802032470703,1260.7955811240015,4.493607846442501e-05
11660,1.4035296440124512,2.1478450298309326,1.638658881187439,0.15804541110992432,2.7574219703674316,22.10940933227539,1260.7898122814984,4.486542955867521e-05
11670,1.4522467851638794,2.1997766494750977,1.7926828861236572,0.170207217335701,2.102980375289917,21.67860984802246,1260.7838512274348,4.479480695777206e-05
11680,1.40338933467865,2.218534231185913,1.6482868194580078,0.13636772334575653,3.309640884399414,21.88899803161621,1260.778093396119,4.47242108450205e-05
11690,1.358556866645813,2.1582467555999756,1.4633170366287231,0.15649044513702393,1.7260348796844482,22.312437057495117,1260.7728974183535,4.4653641403656676e-05
11700,1.308372974395752,2.0961883068084717,1.335139274597168,0.16638672351837158,5.100506782531738,21.82828712463379,1260.7678561109665,4.458309881684758e-05
11710,1.4754741191864014,2.3461623191833496,1.5519675016403198,0.14698532223701477,2.6551740169525146,21.9989013671875,1260.7626489609836,4.451258326769041e-05
11720,1.5313996076583862,2.2545013427734375,1.905844807624817,0.1693555861711502,1.8482708930969238,22.019458770751953,1260.7575663391654,4.444209493921225e-05
11730,1.380280613899231,2.194082498550415,1.710286021232605,0.11692888289690018,2.7033419609069824,22.33746910095215,1260.7526671490225,4.4371634014369535e-05
11740,1.2255381345748901,1.9887785911560059,1.3227497339248657,0.17124007642269135,2.182096481323242,21.950529098510742,1260.7477455659496,4.4301200676047504e-05
11750,1.3923662900924683,2.219395637512207,1.5251827239990234,0.13631562888622284,2.1959521770477295,22.399364471435547,1260.742598668687,4.423079510705992e-05
11760,1.2939820289611816,2.000922203063965,1.5799139738082886,0.1587674915790558,2.6027939319610596,21.892839431762695,1260.737459433485,4.416041749014831e-05
11770,1.2959245443344116,2.1325619220733643,1.308145523071289,0.13190500438213348,2.773536443710327,21.780719757080078,1260.732128291673,4.409006800798177e-05
11780,1.305433988571167,2.040832757949829,1.498163104057312,0.1452775001525879,2.0343728065490723,22.091712951660156,1260.7272360259128,4.4019746843156315e-05
11790,1.3085622787475586,2.0397589206695557,1.4686850309371948,0.14192001521587372,3.0222108364105225,22.208906173706055,1260.7219925570469,4.3949454178194506e-05
11800,1.343576431274414,2.082859992980957,1.5503981113433838,0.16596977412700653,1.5839271545410156,21.72359275817871,1260.716891581674,4.387919019554487e-05
11810,1.246008038520813,1.8908623456954956,1.6035174131393433,0.1600854992866516,2.619434356689453,22.264053344726562,1260.711792870727,4.380895507758155e-05
11820,1.312886118888855,2.0061440467834473,1.7023005485534668,0.13964340090751648,2.3706419467926025,21.742570877075195,1260.7067896583444,4.373874900660371e-05
11830,1.4010002613067627,2.188413381576538,1.6345040798187256,0.1439988613128662,3.6008121967315674,22.194982528686523,1260.701744478132,4.366857216483514e-05
11840,1.3307842016220093,2.016902208328247,1.7266480922698975,0.1335463672876358,2.040109157562256,22.49871063232422,1260.6967498881322,4.359842473442382e-05
11850,1.420433521270752,2.2229063510894775,1.4933215379714966,0.15570662915706635,2.6250274181365967,21.746225357055664,1260.6918209825267,4.35283068974413e-05
11860,1.2889896631240845,2.031883716583252,1.4729804992675781,0.15614721179008484,2.1401290893554688,21.96894645690918,1260.6866113293365,4.3458218835882415e-05
11870,1.2094223499298096,1.8778226375579834,1.4513357877731323,0.17714351415634155,1.7611373662948608,21.46574592590332,1260.6815267267953,4.338816073166461e-05
11880,1.56575345993042,2.3761868476867676,1.6850329637527466,0.18912653625011444,2.248990297317505,22.271390914916992,1260.6765500643232,4.331813276662763e-05
11890,1.2188037633895874,1.9584178924560547,1.4295858144760132,0.14869923889636993,1.9356732368469238,22.869630813598633,1260.6712434152228,4.324813512253303e-05
11900,1.360984206199646,2.142279863357544,1.6273608207702637,0.13268907368183136,1.80242919921875,22.581668853759766,1260.666096528795,4.317816798106359e-05
11910,1.2702600955963135,2.0259652137756348,1.4651790857315063,0.13917474448680878,1.7283217906951904,22.173969268798828,1260.6612308376616,4.3108231523822976e-05
11920,1.288602590560913,1.9839876890182495,1.6263946294784546,0.145274817943573,2.889303207397461,21.966554641723633,1260.6562018833688,4.30383259323352e-05
11930,1.2502493858337402,1.9500401020050049,1.6106067895889282,0.14434069395065308,2.4050910472869873,22.36392593383789,1260.651224619641,4.2968451388044116e-05
11940,1.1664701700210571,1.875469446182251,1.3076224327087402,0.16271577775478363,2.269545078277588,22.25448226928711,1260.6460345637536,4.289860807231305e-05
11950,1.311561107635498,2.06569766998291,1.4696402549743652,0.1411355584859848,3.365964412689209,22.30910301208496,1260.6409401128092,4.2828796166424235e-05
11960,1.1980944871902466,1.8763784170150757,1.4087202548980713,0.1576397866010666,2.565535068511963,22.392044067382812,1260.6359190026296,4.275901585157841e-05
11970,1.1722151041030884,1.8996846675872803,1.3658369779586792,0.12422191351652145,2.2334275245666504,22.198928833007812,1260.630835953532,4.268926730889431e-05
11980,1.2597603797912598,1.9628970623016357,1.252887487411499,0.18005044758319855,1.8991661071777344,22.260377883911133,1260.6257260702534,4.261955071940815e-05
11990,1.4297724962234497,2.189729690551758,1.6128427982330322,0.14378683269023895,2.088432550430298,22.86309814453125,1260.6208154272704,4.254986626407329e-05
12000,1.1778680086135864,1.8474563360214233,1.4801976680755615,0.14446809887886047,2.2862701416015625,22.135353088378906,1260.6155946759877,4.248021412375963e-05
12010,1.1755938529968262,1.9035755395889282,1.4172468185424805,0.12167988717556,2.047544240951538,22.248703002929688,1260.6104622762273,4.241059447925323e-05
12020,1.2952544689178467,2.040719747543335,1.465526819229126,0.14357416331768036,2.10977840423584,22.28310203552246,1260.605217414538,4.234100751125576e-05
12030,1.3539175987243652,2.0982534885406494,1.5776524543762207,0.15888209640979767,2.314124584197998,22.568134307861328,1260.599938641841,4.2271453400384134e-05
12040,1.2805479764938354,1.9963339567184448,1.6002551317214966,0.13597038388252258,3.6493144035339355,22.241291046142578,1260.5948789399288,4.2201932327169926e-05
12050,1.2032862901687622,1.9337892532348633,1.3869317770004272,0.1428985446691513,2.151663303375244,22.072416305541992,1260.589845461307,4.2132444472058994e-05
12060,1.1936230659484863,1.8993901014328003,1.3169665336608887,0.15071260929107666,3.8964648246765137,22.291933059692383,1260.5845731879047,4.206299001541095e-05
12070,1.2117724418640137,1.8664658069610596,1.5710012912750244,0.15433306992053986,2.075340509414673,22.88966178894043,1260.5794459458893,4.1993569137498776e-05
12080,1.2516777515411377,1.9789209365844727,1.4713842868804932,0.1467943787574768,1.4520434141159058,22.356237411499023,1260.5743155859634,4.192418201850825e-05
12090,1.3581154346466064,2.161022663116455,1.548836588859558,0.11795388162136078,3.344912052154541,22.523019790649414,1260.5692321873623,4.18548288385375e-05
12100,1.2867748737335205,2.0420095920562744,1.5618714094161987,0.11150389909744263,1.8689007759094238,22.62959861755371,1260.5641001167332,4.178550977759662e-05
12110,1.248940348625183,1.912530779838562,1.5073062181472778,0.16975142061710358,2.3471550941467285,22.086292266845703,1260.5590468154091,4.171622501560714e-05
12120,1.354151964187622,2.067091464996338,1.6428968906402588,0.1787431240081787,2.111319065093994,22.156570434570312,1260.55395435968,4.1646974732401524e-05
12130,1.2025597095489502,1.7918497323989868,1.692514181137085,0.1545397937297821,2.101339340209961,21.673925399780273,1260.5489236298467,4.1577759107722806e-05
12140,1.2830032110214233,1.9502514600753784,1.49588942527771,0.15381298959255219,1.667343258857727,21.92852210998535,1260.543829529261,4.150857832122398e-05
12150,1.3734291791915894,2.121966600418091,1.5594643354415894,0.1533612757921219,2.4221928119659424,21.815519332885742,1260.538756726134,4.1439432552467695e-05
12160,1.2479768991470337,1.9734952449798584,1.445738434791565,0.14887480437755585,2.22916841506958,22.509714126586914,1260.5336786024557,4.1370321980925665e-05
12170,1.2562999725341797,2.0831398963928223,1.3970965147018433,0.11243592202663422,2.5617377758026123,21.81975555419922,1260.5285316882596,4.130124678597825e-05
12180,1.2381020784378052,1.9036829471588135,1.6179955005645752,0.1479753851890564,2.1647398471832275,21.955224990844727,1260.5233054910639,4.1232207146914016e-05
12190,1.3662134408950806,2.098966598510742,1.6479566097259521,0.14232130348682404,2.1217691898345947,22.002456665039062,1260.5180490613627,4.116320324292924e-05
12200,1.359583854675293,2.163046360015869,1.542272686958313,0.1380768120288849,2.2491133213043213,22.557720184326172,1260.5127681332347,4.109423525312738e-05
12210,1.3523828983306885,2.0916104316711426,1.4391510486602783,0.16354304552078247,2.44982647895813,22.187835693359375,1260.5074188844785,4.102530335651875e-05
12220,1.2393863201141357,1.9885063171386719,1.3937736749649048,0.1511438637971878,2.1660845279693604,22.120254516601562,1260.5023091569055,4.0956407732019967e-05
12230,1.3486348390579224,2.0871129035949707,1.6062219142913818,0.15858079493045807,4.251311302185059,22.476789474487305,1260.4972275398266,4.088754855845347e-05
12240,1.2517969608306885,1.9466888904571533,1.6079622507095337,0.12359791994094849,2.8603017330169678,22.375732421875,1260.4921066130867,4.081872601454715e-05
12250,1.296134352684021,2.006631374359131,1.5740177631378174,0.13202115893363953,3.683795928955078,22.656667709350586,1260.4870259629195,4.0749940278933754e-05
12260,1.4348167181015015,2.1435797214508057,1.873547077178955,0.15318241715431213,2.8017940521240234,22.338623046875,1260.4819515198085,4.068119153015052e-05
12270,1.3786125183105469,2.1485719680786133,1.5928922891616821,0.1417577862739563,2.352051019668579,22.021108627319336,1260.4769213065547,4.061247994663868e-05
12280,1.375618577003479,2.1415958404541016,1.5324230194091797,0.15323448181152344,2.0603182315826416,22.185680389404297,1260.4716176310326,4.054380570674303e-05
12290,1.183253288269043,1.839707612991333,1.511732578277588,0.15150026977062225,2.163480043411255,22.397851943969727,1260.4664483849106,4.047516898871142e-05
12300,1.1892285346984863,1.9129353761672974,1.3501819372177124,0.12021563947200775,2.070575714111328,22.532997131347656,1260.461189990548,4.0406569970694285e-05
12310,1.3033335208892822,2.04958176612854,1.5847018957138062,0.15639156103134155,1.9069206714630127,22.444761276245117,1260.4561307416843,4.0338008830744234e-05
12320,1.3068385124206543,2.06097412109375,1.5008211135864258,0.1508079320192337,2.2973108291625977,21.948104858398438,1260.4511224679627,4.026948574681555e-05
12330,1.224912405014038,1.873548150062561,1.5419188737869263,0.15903234481811523,1.745024561882019,22.05257225036621,1260.4460360664189,4.0201000896763766e-05
12340,1.329546332359314,2.026893138885498,1.6409590244293213,0.17342588305473328,2.02750563621521,22.86906623840332,1260.4409956642555,4.013255445834513e-05
12350,1.3790868520736694,2.090590476989746,1.5654515027999878,0.1703159213066101,1.419599175453186,22.3447265625,1260.4358276464823,4.006414660921624e-05
12360,1.2071326971054077,1.9148460626602173,1.4072612524032593,0.13986757397651672,1.8976240158081055,22.15917205810547,1260.4305785914535,3.999577752693349e-05
12370,1.1870783567428589,1.9353406429290771,1.289637565612793,0.1432826817035675,2.114217519760132,21.657638549804688,1260.4251593221784,3.9927447388952666e-05
12380,1.2997782230377197,2.0279104709625244,1.5099536180496216,0.14442764222621918,1.732383370399475,22.077768325805664,1260.4199108500127,3.9859156372628495e-05
12390,1.3509923219680786,2.166598081588745,1.398510217666626,0.16282083094120026,1.8528047800064087,21.837390899658203,1260.4149137044583,3.979090465521415e-05
12400,1.4257633686065674,2.160231590270996,1.6451246738433838,0.15479439496994019,2.8908021450042725,22.185537338256836,1260.409796652815,3.972269241386078e-05
12410,1.4146807193756104,2.1160778999328613,1.8227695226669312,0.1602463722229004,3.279973268508911,22.029237747192383,1260.4047742152272,3.965451982561711e-05
12420,1.2779184579849243,2.0249569416046143,1.5317047834396362,0.13700801134109497,2.974489688873291,22.482704162597656,1260.3997504126894,3.9586387067428887e-05
12430,1.2802531719207764,2.0649921894073486,1.3196972608566284,0.14536599814891815,4.276259422302246,22.27219009399414,1260.3948118769854,3.9518294316138535e-05
12440,1.2935047149658203,2.0762643814086914,1.411696434020996,0.16086898744106293,3.3652913570404053,22.051084518432617,1260.3896551479625,3.9450241748484604e-05
12450,1.341545820236206,2.0815491676330566,1.6380428075790405,0.15452174842357635,2.1873626708984375,22.75154685974121,1260.3846902771993,3.938222954110137e-05
12460,1.149668574333191,1.8651049137115479,1.2015262842178345,0.13157856464385986,2.2564849853515625,22.063875198364258,1260.37945211072,3.9314257870518325e-05
12470,1.2095329761505127,1.9222266674041748,1.2922109365463257,0.14906175434589386,1.9250248670578003,22.209653854370117,1260.3741326692318,3.924632691315975e-05
12480,1.30194890499115,2.1083407402038574,1.3270275592803955,0.1491132527589798,2.9833743572235107,22.499094009399414,1260.3689102391606,3.917843684534427e-05
12490,1.2842744588851929,1.9916536808013916,1.5140060186386108,0.1560957133769989,1.6399033069610596,22.58776092529297,1260.3637683025518,3.911058784328434e-05
12500,1.3383387327194214,1.973325252532959,1.7617526054382324,0.17184454202651978,1.85930335521698,22.103246688842773,1260.3587111780353,3.904278008308589e-05
12510,1.3814940452575684,2.1866207122802734,1.489964246749878,0.15601301193237305,4.153469562530518,22.440597534179688,1260.3535627704898,3.897501374074777e-05
12520,1.317470908164978,2.116403579711914,1.305203914642334,0.15206265449523926,3.3409476280212402,22.49040985107422,1260.3484037585781,3.8907288992161316e-05
12530,1.3904845714569092,2.187342882156372,1.5774978399276733,0.14394420385360718,1.9483239650726318,22.490161895751953,1260.3431352776356,3.883960601310991e-05
12540,1.2243269681930542,1.9210848808288574,1.4748613834381104,0.14071038365364075,3.2348520755767822,22.23111343383789,1260.3379710045779,3.8771964979268515e-05
12550,1.2281494140625,1.9033844470977783,1.65470290184021,0.14027798175811768,2.1209566593170166,22.00725746154785,1260.3333520934577,3.870436606620326e-05
12560,1.3553287982940674,2.086515426635742,1.5901553630828857,0.1433335393667221,2.4656643867492676,22.447490692138672,1260.328898104439,3.863680944937088e-05
12570,1.3791838884353638,2.1242306232452393,1.6388192176818848,0.14210145175457,2.3583714962005615,22.035491943359375,1260.324527949699,3.8569295304118435e-05
12580,1.3938190937042236,2.1216728687286377,1.6457432508468628,0.1535792201757431,2.141991376876831,22.18129539489746,1260.3201663536265,3.8501823805682616e-05
12590,1.4027702808380127,2.1082637310028076,1.7181183099746704,0.14230747520923615,2.195669651031494,22.61878204345703,1260.3159564459252,3.843439512918949e-05
12600,1.1958295106887817,1.9676402807235718,1.2669332027435303,0.14142654836177826,1.5449118614196777,22.71141815185547,1260.3116501825855,3.836700944965401e-05
12610,1.1250436305999756,1.739935040473938,1.4613994359970093,0.15002961456775665,2.373041868209839,22.50856590270996,1260.3071613689879,3.8299666941979475e-05
12620,1.3397252559661865,2.085646629333496,1.5324821472167969,0.14040903747081757,1.9284584522247314,21.864282608032227,1260.3027845574354,3.823236778095715e-05
12630,1.2872103452682495,2.0218520164489746,1.4146028757095337,0.16534483432769775,2.1472442150115967,22.10971450805664,1260.2984997975857,3.816511214126576e-05
12640,1.3390308618545532,2.0795955657958984,1.5458799600601196,0.14518429338932037,2.0432333946228027,22.18009376525879,1260.2941624230214,3.8097900197471115e-05
12650,1.3169877529144287,2.0235812664031982,1.5684845447540283,0.15563777089118958,2.4117164611816406,22.64521026611328,1260.2896261382734,3.803073212402558e-05
12660,1.185882329940796,1.8893986940383911,1.3528454303741455,0.10917794704437256,1.8426648378372192,22.197317123413086,1260.2853049440491,3.796360809526768e-05
12670,1.470974326133728,2.2771191596984863,1.6346381902694702,0.15785060822963715,2.536518096923828,23.249225616455078,1260.2809460044286,3.7896528285421584e-05
12680,1.151086449623108,1.8893214464187622,1.353771686553955,0.12795253098011017,2.4841880798339844,22.34130859375,1260.2764880242278,3.7829492868596725e-05
12690,1.400672197341919,2.22275710105896,1.3627634048461914,0.1426038146018982,2.134260892868042,22.27161407470703,1260.2720821566165,3.776250201878726e-05
12700,1.1910468339920044,1.857224941253662,1.546005368232727,0.13234281539916992,2.7430524826049805,22.345075607299805,1260.2677561014511,3.7695555909871715e-05
12710,1.3039835691452026,2.096787214279175,1.3636358976364136,0.14565153419971466,2.360942840576172,22.456178665161133,1260.2632869586923,3.762865471561249e-05
12720,1.3873432874679565,2.230083465576172,1.4305058717727661,0.14673008024692535,2.8523871898651123,22.247882843017578,1260.2589995079047,3.756179860965538e-05
12730,1.2002066373825073,1.9283084869384766,1.3546359539031982,0.14736442267894745,2.8636996746063232,23.147401809692383,1260.2545554795283,3.749498776552916e-05
12740,1.2416582107543945,1.9845585823059082,1.3990520238876343,0.1354491114616394,3.5520544052124023,23.008129119873047,1260.2502029340103,3.7428222356645115e-05
12750,1.410437822341919,2.168093681335449,1.6027898788452148,0.1718410700559616,2.2724967002868652,22.47018051147461,1260.2457324802092,3.736150255629664e-05
12760,1.1284003257751465,1.8475465774536133,1.304715633392334,0.1302611082792282,2.07295560836792,22.491180419921875,1260.2413987794312,3.729482853765869e-05
12770,1.3321964740753174,2.0412206649780273,1.694480061531067,0.1456572711467743,2.3640410900115967,22.536951065063477,1260.2371568029014,3.7228200473787456e-05
12780,1.305675745010376,2.0776402950286865,1.482519268989563,0.14540745317935944,2.6265878677368164,22.534597396850586,1260.2327571470018,3.716161853761979e-05
12790,1.3284718990325928,2.0794477462768555,1.6326720714569092,0.1523033082485199,2.5081422328948975,22.58970069885254,1260.228524866983,3.709508290197291e-05
12800,1.3601598739624023,2.0810036659240723,1.5304635763168335,0.1611948311328888,2.1299281120300293,22.098651885986328,1260.224232500453,3.7028593739543715e-05
12810,1.299182415008545,2.059877395629883,1.434796690940857,0.1464894711971283,2.14046049118042,22.09262466430664,1260.2198584710268,3.696215122290858e-05
12820,1.2379205226898193,1.9273271560668945,1.524133324623108,0.13405850529670715,1.7621777057647705,22.663612365722656,1260.215489590325,3.689575552452281e-05
12830,1.2456135749816895,1.9450258016586304,1.4663058519363403,0.1461295336484909,3.58876371383667,22.607507705688477,1260.2112033539604,3.682940681672017e-05
12840,1.5335590839385986,2.343693494796753,1.6242891550064087,0.15599216520786285,1.8824703693389893,22.726573944091797,1260.206912793993,3.6763105271712436e-05
12850,1.2845467329025269,1.9322266578674316,1.8454002141952515,0.13910788297653198,1.8945815563201904,22.449106216430664,1260.2026114805624,3.6696851061589e-05
12860,1.0912542343139648,1.8033897876739502,1.2079559564590454,0.13749153912067413,1.7842230796813965,22.561941146850586,1260.1981915243784,3.663064435831639e-05
12870,1.270211935043335,2.0498368740081787,1.2745468616485596,0.12744952738285065,1.7461998462677002,22.783422470092773,1260.1937964673689,3.6564485333737796e-05
12880,1.3143917322158813,2.0161514282226562,1.6580771207809448,0.13496534526348114,3.1678407192230225,22.49507713317871,1260.1895206618406,3.649837415957271e-05
12890,1.2570019960403442,1.978859305381775,1.5788230895996094,0.129542276263237,3.355025291442871,22.06348419189453,1260.185173592009,3.64323110074164e-05
12900,1.3080061674118042,1.9834325313568115,1.5288888216018677,0.16060009598731995,2.899038314819336,22.35456657409668,1260.1809153137983,3.636629604873948e-05
12910,1.1893433332443237,1.8649343252182007,1.3880486488342285,0.1380295306444168,2.1310603618621826,22.323179244995117,1260.1766981277055,3.630032945488745e-05
12920,1.2890492677688599,2.0085678100585938,1.5585813522338867,0.1518971174955368,2.818049907684326,22.68006706237793,1260.1723733789318,3.623441139708035e-05
12930,1.3701263666152954,2.172544479370117,1.4382222890853882,0.13186822831630707,2.4376657009124756,22.634017944335938,1260.1680103004082,3.61685420464122e-05
12940,1.3473485708236694,2.093602418899536,1.4546068906784058,0.1557599902153015,1.7565020322799683,22.49927520751953,1260.1638033189877,3.610272157385055e-05
12950,1.3211272954940796,2.0345609188079834,1.561644434928894,0.1668855845928192,1.8897809982299805,22.50140380859375,1260.1594206910345,3.6036950150236205e-05
12960,1.3069113492965698,2.003835678100586,1.6348320245742798,0.15726931393146515,3.034144639968872,22.60535430908203,1260.155069725818,3.5971227946282535e-05
12970,1.258888840675354,1.9941439628601074,1.3565922975540161,0.13639910519123077,2.3956189155578613,22.465362548828125,1260.1505180258828,3.590555513257522e-05
12980,1.3511714935302734,2.12387752532959,1.4785921573638916,0.16799114644527435,2.113572120666504,23.008914947509766,1260.1460909916868,3.583993187957173e-05
12990,1.2201807498931885,1.9584676027297974,1.3865892887115479,0.14885401725769043,2.3114261627197266,22.326526641845703,1260.1419620862162,3.577435835760093e-05
13000,1.127798318862915,1.8079432249069214,1.2563477754592896,0.14919918775558472,2.180727481842041,22.441991806030273,1260.1377280730167,3.570883473686256e-05
13010,1.181618094444275,1.8247958421707153,1.4873205423355103,0.14441673457622528,2.1591053009033203,22.60930824279785,1260.1334190235377,3.564336118742687e-05
13020,1.0624737739562988,1.769753336906433,1.1459987163543701,0.12753349542617798,3.4986701011657715,22.52903938293457,1260.1291635920154,3.557793787923412e-05
13030,1.3025885820388794,1.9691572189331055,1.639578104019165,0.16559377312660217,3.622605323791504,22.33059310913086,1260.1248007147028,3.5512564982094164e-05
13040,1.2263506650924683,1.8355437517166138,1.6992144584655762,0.1340651959180832,1.876961350440979,22.84173583984375,1260.1204442697929,3.544724266568606e-05
13050,1.2655020952224731,1.9322417974472046,1.6741422414779663,0.14935408532619476,2.487778425216675,22.406719207763672,1260.1159460569852,3.5381971099557544e-05
13060,1.2869269847869873,2.016190528869629,1.5177184343338013,0.15508057177066803,2.6300547122955322,22.560300827026367,1260.1116134209583,3.531675045312462e-05
13070,1.165419340133667,1.6745421886444092,1.7376948595046997,0.14503097534179688,2.6622066497802734,22.45952033996582,1260.1072562533902,3.525158089567113e-05
13080,1.3285326957702637,2.132542610168457,1.4463703632354736,0.14204341173171997,1.9040586948394775,22.442930221557617,1260.1028756994594,3.5186462596348344e-05
13090,1.4131829738616943,2.184626579284668,1.6032873392105103,0.15274012088775635,1.9610918760299683,22.311233520507812,1260.0983544628248,3.512139572417442e-05
13100,1.361326813697815,2.127800464630127,1.6935303211212158,0.1348569691181183,2.541088819503784,22.182695388793945,1260.0938849222123,3.5056380448034144e-05
13110,1.2704005241394043,1.9450123310089111,1.5853031873703003,0.15653559565544128,2.9262733459472656,22.77095603942871,1260.0896168086485,3.499141693667828e-05
13120,1.3045765161514282,2.011267900466919,1.573143720626831,0.1612444370985031,3.3021364212036133,22.319597244262695,1260.0853959951337,3.492650535872325e-05
13130,1.1704611778259277,1.8660589456558228,1.3484946489334106,0.14213845133781433,3.830332040786743,22.85235595703125,1260.0810664724115,3.486164588265073e-05
13140,1.3623335361480713,2.121105670928955,1.5679336786270142,0.15409299731254578,1.9798729419708252,22.733823776245117,1260.076734338481,3.479683867680711e-05
13150,1.1503344774246216,1.85354483127594,1.3537652492523193,0.12705710530281067,3.6582417488098145,23.064556121826172,1260.0724635771219,3.473208390940315e-05
13160,1.3611514568328857,2.160818099975586,1.472797155380249,0.1565675139427185,2.104771375656128,22.24141502380371,1260.0681735147655,3.466738174851348e-05
13170,1.273028016090393,2.00801157951355,1.5564244985580444,0.13019956648349762,2.40211820602417,22.31670379638672,1260.0639497764664,3.4602732362076194e-05
13180,1.1939858198165894,1.894201397895813,1.3636986017227173,0.1408405601978302,3.089805841445923,22.912572860717773,1260.0596256036001,3.4538135917892386e-05
13190,1.3667176961898804,2.174356698989868,1.5528074502944946,0.14547619223594666,2.1213858127593994,22.793485641479492,1260.0555168398569,3.447359258362579e-05
13200,1.2293970584869385,1.887531042098999,1.62013578414917,0.15297695994377136,2.1054487228393555,22.454608917236328,1260.0512114474639,3.4409102526802215e-05
13210,1.2492587566375732,1.9457483291625977,1.4762606620788574,0.159915491938591,2.194746255874634,22.442346572875977,1260.0469588590167,3.434466591480926e-05
13220,1.0764418840408325,1.80600905418396,1.0918262004852295,0.11009302735328674,1.8421783447265625,22.649185180664062,1260.042601129923,3.428028291489576e-05
13230,1.3061003684997559,2.047774076461792,1.476232647895813,0.14502136409282684,2.1214516162872314,22.314016342163086,1260.0382593141733,3.421595369417137e-05
13240,1.2742397785186768,2.0232036113739014,1.4689995050430298,0.14644742012023926,2.339169979095459,22.515655517578125,1260.0338454096284,3.415167841960624e-05
13250,1.2210770845413208,1.9920755624771118,1.2374553680419922,0.12479998916387558,2.5002450942993164,22.290359497070312,1260.0295944243865,3.408745725803042e-05
13260,1.3511921167373657,2.106876850128174,1.4727563858032227,0.1450667530298233,1.8635085821151733,22.588647842407227,1260.0254441408874,3.402329037613357e-05
13270,1.2642205953598022,1.911493182182312,1.6857898235321045,0.15128907561302185,2.12048077583313,22.4388427734375,1260.021150178245,3.3959177940464424e-05
13280,1.3586663007736206,2.023952007293701,1.8235851526260376,0.13643169403076172,1.8390334844589233,22.772891998291016,1260.016673583064,3.389512011743043e-05
13290,1.276587963104248,2.0204875469207764,1.4374260902404785,0.1396346241235733,2.164468288421631,22.767765045166016,1260.0124439235108,3.3831117073297205e-05
13300,1.285020351409912,2.135345220565796,1.2594980001449585,0.12525531649589539,2.5764334201812744,22.899127960205078,1260.0080657233768,3.376716897418831e-05
13310,1.2382512092590332,1.9681583642959595,1.3688663244247437,0.14369142055511475,2.0146644115448,22.87841796875,1260.0037193219487,3.3703275986084584e-05
13320,1.2693723440170288,1.9727898836135864,1.3976722955703735,0.1406821310520172,3.201509475708008,22.70113182067871,1259.9995556000856,3.363943827482389e-05
13330,1.1943877935409546,1.8890891075134277,1.4496784210205078,0.12394030392169952,1.7305290699005127,22.489892959594727,1259.995107081869,3.357565600610059e-05
13340,1.188482403755188,1.8440245389938354,1.5849958658218384,0.121891550719738,2.333106517791748,22.902481079101562,1259.990930978533,3.351192934546512e-05
13350,1.2499881982803345,2.0140089988708496,1.436700701713562,0.12917913496494293,3.4687681198120117,22.51091766357422,1259.986654232969,3.3448258458323634e-05
13360,1.3270432949066162,2.0653207302093506,1.6220167875289917,0.11696302145719528,1.9593334197998047,22.789108276367188,1259.9823668614565,3.3384643509937466e-05
13370,1.3206206560134888,2.044210910797119,1.55926513671875,0.14817248284816742,2.983597755432129,22.705434799194336,1259.978049572912,3.3321084665422807e-05
13380,1.1798137426376343,1.8401358127593994,1.5353013277053833,0.16135041415691376,3.9380316734313965,22.472408294677734,1259.9736565921778,3.3257582089750224e-05
13390,1.1591248512268066,1.8579444885253906,1.2651561498641968,0.13664883375167847,1.6682401895523071,22.260896682739258,1259.9694487557726,3.31941359477442e-05
13400,1.0808407068252563,1.72747802734375,1.333210825920105,0.12374384701251984,2.356283664703369,22.63265037536621,1259.9651433122294,3.313074640408273e-05
13410,1.1311101913452148,1.706064224243164,1.585815668106079,0.1483042985200882,1.762820839881897,22.907196044921875,1259.9607382821193,3.3067413623296984e-05
13420,1.2052091360092163,1.8860350847244263,1.6072994470596313,0.11743965744972229,3.0879054069519043,22.232725143432617,1259.9564241157962,3.300413776977071e-05
13430,1.301053524017334,2.0588908195495605,1.3940330743789673,0.14987502992153168,2.6393277645111084,22.447397232055664,1259.9521519085579,3.294091900773997e-05
13440,1.2188825607299805,1.881363868713379,1.526112675666809,0.13659387826919556,3.350935935974121,22.51279640197754,1259.9477509334404,3.2877757501292605e-05
13450,1.3005640506744385,2.0610191822052,1.4191086292266846,0.14439356327056885,1.9211711883544922,22.313446044921875,1259.9433064970085,3.281465341436782e-05
13460,1.3101592063903809,2.101823329925537,1.3941783905029297,0.165610671043396,1.9322561025619507,23.02318000793457,1259.9391717281992,3.275160691075586e-05
13470,1.1764897108078003,1.8487802743911743,1.4420204162597656,0.1307583451271057,1.6642613410949707,22.82998275756836,1259.9354514473287,3.268861815409743e-05
13480,1.2876476049423218,1.9091191291809082,1.7473106384277344,0.13461609184741974,3.672715187072754,22.316673278808594,1259.9317590123273,3.262568730788339e-05
13490,1.2529879808425903,1.905370831489563,1.6404293775558472,0.14002494513988495,1.7813817262649536,23.2437686920166,1259.9281397668674,3.256281453545432e-05
13500,1.3582267761230469,2.0474305152893066,1.6796568632125854,0.17629067599773407,2.1377928256988525,22.636098861694336,1259.9243606404325,3.250000000000001e-05
13510,1.250977873802185,1.9397351741790771,1.571204662322998,0.1499566286802292,2.477245807647705,22.348024368286133,1259.9206214647872,3.243724386455909e-05
13520,1.2956823110580444,2.091580390930176,1.332074522972107,0.11801460385322571,2.021606206893921,22.67090606689453,1259.9169445733805,3.237454629201867e-05
13530,1.3027673959732056,1.993744969367981,1.660751223564148,0.13894355297088623,1.7014003992080688,22.581092834472656,1259.9132927579903,3.2311907445113785e-05
13540,1.4125611782073975,2.286478281021118,1.4642032384872437,0.15074455738067627,3.4728238582611084,22.581758499145508,1259.9095901140174,3.2249327486427125e-05
13550,1.1315088272094727,1.7606477737426758,1.5548677444458008,0.13584759831428528,2.4378368854522705,23.04483985900879,1259.9059157746026,3.218680657838845e-05
13560,1.279780626296997,2.0644571781158447,1.2955341339111328,0.14803843200206757,2.281743288040161,22.346250534057617,1259.9023070788417,3.212434488327428e-05
13570,1.2204232215881348,1.9188718795776367,1.6055607795715332,0.11296029388904572,2.376755952835083,22.918704986572266,1259.898646911182,3.2061942563207494e-05
13580,1.2311615943908691,1.9492075443267822,1.626808524131775,0.14314992725849152,2.371145248413086,22.71554183959961,1259.894799687784,3.199959978015677e-05
13590,1.3601866960525513,2.188960075378418,1.4037373065948486,0.14619477093219757,2.338569164276123,22.993602752685547,1259.891066952362,3.1937316695936324e-05
13600,1.1481311321258545,1.8507307767868042,1.227477788925171,0.14769147336483002,1.470311164855957,22.47215461730957,1259.887325831421,3.187509347220542e-05
13610,1.298332691192627,2.1137871742248535,1.2690281867980957,0.12458845973014832,1.8825563192367554,22.664737701416016,1259.8836769105772,3.1812930270467903e-05
13620,1.293779969215393,1.9605698585510254,1.6811429262161255,0.13903909921646118,1.8944118022918701,22.610546112060547,1259.8800394681439,3.175082725207184e-05
13630,1.3108744621276855,2.0495572090148926,1.5009651184082031,0.13595446944236755,2.895073652267456,22.467548370361328,1259.8764214543496,3.168878457820915e-05
13640,1.1397943496704102,1.7892358303070068,1.4739978313446045,0.1307477205991745,2.1730735301971436,22.73716163635254,1259.8726150137973,3.162680240991502e-05
13650,1.307004690170288,2.0106871128082275,1.529047966003418,0.1320226639509201,2.1659982204437256,22.914308547973633,1259.8689485588106,3.1564880908067694e-05
13660,1.2018721103668213,1.9043577909469604,1.4362846612930298,0.16948659718036652,2.3188934326171875,22.640567779541016,1259.8653193221687,3.1503020233387915e-05
13670,1.1396039724349976,1.835646152496338,1.16859769821167,0.15161611139774323,1.829088807106018,22.458681106567383,1259.861533105767,3.144122054643847e-05
13680,1.2182090282440186,1.9442501068115234,1.3798246383666992,0.14289827644824982,2.330465316772461,22.954851150512695,1259.8578662776558,3.1379482007623965e-05
13690,1.031907081604004,1.6474961042404175,1.2993574142456055,0.13340790569782257,2.4207539558410645,22.539318084716797,1259.8542390821153,3.1317804777190254e-05
13700,1.2354940176010132,1.9174946546554565,1.5446745157241821,0.1352686882019043,3.6788721084594727,22.85763168334961,1259.8506385814228,3.1256189015224025e-05
13710,1.240652322769165,1.9558327198028564,1.5593090057373047,0.14718280732631683,1.907670497894287,22.777772903442383,1259.8469794540215,3.119463488165247e-05
13720,1.2072049379348755,1.8711968660354614,1.590569257736206,0.12018875777721405,2.110978841781616,22.552654266357422,1259.8432428178157,3.1133142536242786e-05
13730,1.2399121522903442,1.9656577110290527,1.4402577877044678,0.12198124825954437,2.6998934745788574,23.10810661315918,1259.8394961601646,3.1071712138601806e-05
13740,1.2257753610610962,1.858467698097229,1.5356318950653076,0.14032217860221863,1.8274065256118774,22.692628860473633,1259.8358557102595,3.101034384817558e-05
13750,1.2221934795379639,1.8819466829299927,1.5392760038375854,0.1358935385942459,2.0547964572906494,22.597942352294922,1259.832100009236,3.094903782424895e-05
13760,1.3240820169448853,2.0241191387176514,1.743836522102356,0.13884767889976501,2.6950271129608154,22.87029457092285,1259.8284608483432,3.088779422594514e-05
13770,1.3484638929367065,2.1117353439331055,1.4062929153442383,0.153645321726799,2.4630393981933594,22.578527450561523,1259.8247617522586,3.0826613212225395e-05
13780,1.3197884559631348,2.0408267974853516,1.5245287418365479,0.16530732810497284,2.7312493324279785,22.62350845336914,1259.821024992,3.076549494188839e-05
13790,1.279110074043274,1.9009701013565063,1.8075084686279297,0.14164046943187714,2.5431833267211914,22.98038673400879,1259.8172668690588,3.070443957357008e-05
13800,1.272175908088684,1.992187738418579,1.528635859489441,0.1412130892276764,2.5205636024475098,23.0684757232666,1259.8134473942657,3.0643447265743096e-05
13810,1.3159559965133667,2.060457468032837,1.4011237621307373,0.1559377908706665,4.517727375030518,22.521879196166992,1259.8097071911,3.058251817671638e-05
13820,1.172433853149414,1.8618831634521484,1.335973858833313,0.12467353045940399,2.3247792720794678,22.933286666870117,1259.8059875006743,3.052165246463483e-05
13830,1.3774515390396118,2.0917577743530273,1.694708228111267,0.13836535811424255,3.1032800674438477,22.868623733520508,1259.8025349033799,3.0460850287478803e-05
13840,1.2446569204330444,1.9087773561477661,1.6536083221435547,0.1410514861345291,3.7472362518310547,22.619930267333984,1259.798712971614,3.040011180306376e-05
13850,1.2998807430267334,2.025524139404297,1.5427166223526,0.1544087529182434,3.7587647438049316,22.592483520507812,1259.7950082403388,3.0339437169039862e-05
13860,1.198479175567627,1.9755605459213257,1.2462331056594849,0.13439542055130005,2.1803019046783447,22.899871826171875,1259.7914796613745,3.0278826542891507e-05
13870,1.3157098293304443,2.019371509552002,1.5394686460494995,0.13576948642730713,1.9061921834945679,23.083187103271484,1259.7876764690714,3.0218280081936994e-05
13880,1.2271462678909302,1.9300278425216675,1.4291834831237793,0.1389196813106537,2.0400586128234863,22.255268096923828,1259.7839890072346,3.015779794332809e-05
13890,1.2247735261917114,1.8781925439834595,1.5237998962402344,0.13550466299057007,2.25337290763855,22.82779884338379,1259.7803008528197,3.0097380284049527e-05
13900,1.313859462738037,1.992343783378601,1.6624102592468262,0.15685291588306427,2.548318386077881,22.559261322021484,1259.7766171958733,3.003702726091875e-05
13910,1.1744487285614014,1.8331966400146484,1.4480088949203491,0.15058867633342743,2.986891746520996,22.5372257232666,1259.7728234168558,2.9976739030585442e-05
13920,1.358999490737915,2.098719835281372,1.4966187477111816,0.16876627504825592,4.14134407043457,22.84507179260254,1259.7690805984862,2.991651574953107e-05
13930,1.2832369804382324,1.9579782485961914,1.5771182775497437,0.15191036462783813,3.8629584312438965,22.48655891418457,1259.765376381157,2.985635757406856e-05
13940,1.1465080976486206,1.787703514099121,1.55447256565094,0.11967100948095322,2.6735217571258545,22.609983444213867,1259.7616104809633,2.9796264660341817e-05
13950,1.2825734615325928,1.9685217142105103,1.5271599292755127,0.14534202218055725,2.1208505630493164,22.540369033813477,1259.7579377332372,2.9736237164325364e-05
13960,1.27212655544281,1.9524338245391846,1.5344741344451904,0.14859703183174133,3.000363826751709,22.735950469970703,1259.7540813976027,2.9676275241823963e-05
13970,1.2826333045959473,2.0082812309265137,1.359760046005249,0.15998366475105286,1.8814812898635864,22.745506286621094,1259.7503864112248,2.961637904847212e-05
13980,1.2171965837478638,1.8553540706634521,1.4596892595291138,0.1600692868232727,1.7549465894699097,22.870059967041016,1259.7466529114565,2.9556548739733797e-05
13990,1.429714560508728,2.167691469192505,1.6795557737350464,0.1648338884115219,2.4836556911468506,22.494216918945312,1259.7430530664635,2.9496784470901938e-05
14000,1.286199927330017,1.9763398170471191,1.6759458780288696,0.13286446034908295,2.7700042724609375,23.161216735839844,1259.7394343604192,2.9437086397097995e-05
14010,1.3568158149719238,2.1396429538726807,1.3698031902313232,0.15975846350193024,2.228126049041748,22.49260139465332,1259.7355959101249,2.937745467327171e-05
14020,1.2316557168960571,1.9573819637298584,1.4940298795700073,0.14116761088371277,1.9157410860061646,22.901456832885742,1259.7318693057991,2.931788945420058e-05
14030,1.285824179649353,2.029435157775879,1.3173828125,0.12858445942401886,2.203909397125244,22.69704246520996,1259.7281267494668,2.9258390894489452e-05
14040,1.3147112131118774,2.0357229709625244,1.6318069696426392,0.15721096098423004,2.146446943283081,22.858585357666016,1259.7243466269204,2.9198959148570193e-05
14050,1.1247406005859375,1.717718482017517,1.462263822555542,0.16451187431812286,2.285048723220825,22.42027473449707,1259.7205468689897,2.913959437070124e-05
14060,1.2125298976898193,1.899170160293579,1.4839977025985718,0.1222304254770279,2.022366523742676,22.763463973999023,1259.7168339576572,2.9080296714967188e-05
14070,1.2629740238189697,1.9407987594604492,1.6896400451660156,0.1385524421930313,2.501763105392456,22.43379783630371,1259.713226865287,2.9021066335278452e-05
14080,1.2520965337753296,1.8804340362548828,1.7288697957992554,0.13579221069812775,2.104990005493164,22.71509552001953,1259.7095352532224,2.896190338537079e-05
14090,1.2816323041915894,1.955830454826355,1.6024044752120972,0.13728348910808563,2.0227432250976562,22.90241241455078,1259.7059163132956,2.890280801880497e-05
14100,1.0614938735961914,1.7555831670761108,1.2902432680130005,0.11982754617929459,2.0274884700775146,22.845882415771484,1259.7021974390284,2.8843780388966367e-05
14110,1.3721827268600464,2.1669156551361084,1.4318115711212158,0.12984517216682434,2.139087438583374,23.149276733398438,1259.698567223707,2.8784820649064448e-05
14120,1.2887448072433472,1.9362847805023193,1.6696332693099976,0.1409701108932495,1.8758196830749512,22.37618064880371,1259.6949488647724,2.8725928952132554e-05
14130,1.1280453205108643,1.8292356729507446,1.244099736213684,0.12134452164173126,3.483018398284912,22.558183670043945,1259.6912477593105,2.8667105451027408e-05
14140,1.4088762998580933,2.206071138381958,1.3569797277450562,0.1611110121011734,1.9276673793792725,22.68566131591797,1259.68761550942,2.8608350298428686e-05
14150,1.1600066423416138,1.900718092918396,1.2836766242980957,0.11016426235437393,2.5396478176116943,22.958511352539062,1259.6839145046292,2.854966364683872e-05
14160,1.1611182689666748,1.785009741783142,1.6029932498931885,0.11063863337039948,2.033278465270996,22.755847930908203,1259.6801472698535,2.8491045648581973e-05
14170,1.3098188638687134,2.0127172470092773,1.6980990171432495,0.1356334537267685,2.2745563983917236,23.29564094543457,1259.6764972022138,2.8432496455804758e-05
14180,1.2896080017089844,1.9788459539413452,1.5914963483810425,0.15224739909172058,2.342897891998291,22.383378982543945,1259.6727695268976,2.837401622047481e-05
14190,1.297562837600708,2.0365452766418457,1.5620874166488647,0.14317668974399567,2.1464357376098633,22.445486068725586,1259.668894079894,2.8315605094380837e-05
14200,1.3297970294952393,2.0962183475494385,1.5830821990966797,0.14401885867118835,2.171830892562866,23.397125244140625,1259.6650872495563,2.8257263229132224e-05
14210,1.163209319114685,1.7914496660232544,1.4807605743408203,0.14277087152004242,1.3149595260620117,23.127899169921875,1259.6614499944242,2.819899077615854e-05
14220,1.4877495765686035,2.2289392948150635,1.7841439247131348,0.16112469136714935,2.496555805206299,23.289030075073242,1259.65772279177,2.814078788670922e-05
14230,1.2752991914749146,1.9477856159210205,1.6370627880096436,0.1345554143190384,2.0728421211242676,23.339082717895508,1259.653899032316,2.8082654711853118e-05
14240,1.28823983669281,1.976593255996704,1.5988483428955078,0.15670698881149292,5.08608341217041,22.92742347717285,1259.6502143446473,2.8024591402478186e-05
14250,1.3040828704833984,1.992356300354004,1.6691194772720337,0.13949701189994812,1.7794678211212158,22.95804786682129,1259.646585447813,2.7966598109290942e-05
14260,1.2360646724700928,2.0167291164398193,1.3086081743240356,0.13391929864883423,1.9425570964813232,23.079256057739258,1259.6428614409642,2.7908674982816308e-05
14270,1.321210503578186,2.0498924255371094,1.5475571155548096,0.14351336658000946,2.7129361629486084,22.683496475219727,1259.6391843575225,2.7850822173396966e-05
14280,1.240759015083313,1.9079822301864624,1.65268075466156,0.1315874308347702,2.4496142864227295,23.124691009521484,1259.635405130148,2.7793039831193136e-05
14290,1.2892659902572632,1.9744733572006226,1.574640154838562,0.13342036306858063,1.625235915184021,22.834470748901367,1259.6316787468916,2.7735328106182134e-05
14300,1.1559522151947021,1.7945619821548462,1.4080177545547485,0.1296948790550232,2.0007994174957275,22.964324951171875,1259.62796134567,2.7677687148157998e-05
14310,1.3680568933486938,2.0409936904907227,1.7505604028701782,0.16506920754909515,2.085134744644165,23.18090057373047,1259.624164063045,2.7620117106731064e-05
14320,1.2698447704315186,1.9964197874069214,1.3697164058685303,0.14513611793518066,4.201485633850098,23.068450927734375,1259.6204058493872,2.7562618131327588e-05
14330,1.297753095626831,2.050784111022949,1.4958429336547852,0.14174175262451172,2.132662534713745,23.027509689331055,1259.6166426364086,2.7505190371189416e-05
14340,1.2974510192871094,1.9089308977127075,1.7058260440826416,0.15609797835350037,1.703452706336975,22.672454833984375,1259.613015785192,2.7447833975373494e-05
14350,1.2318037748336792,1.8817126750946045,1.5669654607772827,0.13124750554561615,1.6763622760772705,23.41944122314453,1259.6093796078162,2.7390549092751604e-05
14360,1.1128908395767212,1.7185229063034058,1.498800277709961,0.12251876294612885,1.603570818901062,22.8682804107666,1259.6055939803123,2.7333335872009845e-05
14370,1.238253116607666,1.9732972383499146,1.212241291999817,0.13530601561069489,3.4023520946502686,23.119436264038086,1259.601918100938,2.7276194461648374e-05
14380,1.1673028469085693,1.8118773698806763,1.5388600826263428,0.13214926421642303,1.7445805072784424,23.09273910522461,1259.5983186706642,2.7219125009980904e-05
14390,1.185140609741211,1.810523271560669,1.5398955345153809,0.12548069655895233,1.3574975728988647,22.832923889160156,1259.5946466663745,2.7162127665134407e-05
14400,1.3384277820587158,2.105677366256714,1.4904088973999023,0.14703652262687683,1.594444990158081,22.856840133666992,1259.5909855432785,2.7105202575048684e-05
14410,1.2881993055343628,1.9759423732757568,1.6943572759628296,0.12825241684913635,2.384157180786133,22.59453010559082,1259.587180121494,2.7048349887476037e-05
14420,1.2243000268936157,1.8748961687088013,1.6017732620239258,0.11571666598320007,2.8121445178985596,22.744888305664062,1259.5833583751232,2.6991569749980782e-05
14430,1.2155187129974365,1.964970350265503,1.308143138885498,0.14788967370986938,2.8163726329803467,22.912811279296875,1259.5796279742417,2.6934862309938945e-05
14440,1.3620190620422363,2.131629467010498,1.3710672855377197,0.14637774229049683,1.758019208908081,22.81046485900879,1259.5758251477387,2.6878227714537896e-05
14450,1.2759103775024414,2.045741319656372,1.314451813697815,0.1463078260421753,2.287381410598755,22.862783432006836,1259.5720980070118,2.682166611077589e-05
14460,1.2048693895339966,1.8603811264038086,1.533973217010498,0.14781394600868225,1.9072011709213257,23.077838897705078,1259.5693373710103,2.676517764546175e-05
14470,1.3067009449005127,2.041210174560547,1.4577367305755615,0.1223793551325798,2.2915565967559814,22.92019271850586,1259.5663675646747,2.6708762465214456e-05
14480,1.2768512964248657,1.9565963745117188,1.5986697673797607,0.1316838562488556,2.2196290493011475,22.762489318847656,1259.5634630769391,2.6652420716462802e-05
14490,1.2634990215301514,1.9369255304336548,1.5963982343673706,0.1491609364748001,1.986616849899292,22.689786911010742,1259.5606312905313,2.6596152545444925e-05
14500,1.2291191816329956,1.8168691396713257,1.7001229524612427,0.13350863754749298,1.4587833881378174,22.916013717651367,1259.5579016863762,2.6539958098208027e-05
14510,1.226662516593933,1.8876888751983643,1.5609056949615479,0.12810258567333221,2.57489013671875,23.13201904296875,1259.5550128711081,2.6483837520607964e-05
14520,1.2332977056503296,1.8972517251968384,1.6085398197174072,0.12518435716629028,2.629150390625,22.990571975708008,1259.552050602917,2.6427790958308862e-05
14530,1.2062684297561646,1.9277383089065552,1.2720032930374146,0.12568555772304535,1.5792572498321533,22.70870590209961,1259.5490268118153,2.637181855678269e-05
14540,1.335252285003662,2.041390895843506,1.6063027381896973,0.1470034122467041,1.8542041778564453,23.25515365600586,1259.5461069451972,2.6315920461308964e-05
14550,1.2721765041351318,2.062800645828247,1.2999255657196045,0.15016703307628632,3.452369213104248,22.668720245361328,1259.5431929797207,2.6260096816974355e-05
14560,1.525319218635559,2.2644853591918945,1.8611571788787842,0.16788610816001892,5.813878536224365,22.528818130493164,1259.540298864957,2.6204347768672226e-05
14570,1.2928705215454102,2.063710927963257,1.4575681686401367,0.13358396291732788,2.9142708778381348,22.525516510009766,1259.5375285037792,2.61486734611024e-05
14580,1.2135039567947388,1.8520768880844116,1.5353078842163086,0.14039158821105957,2.1112873554229736,23.053861618041992,1259.5346730314056,2.6093074038770638e-05
14590,1.2136324644088745,1.838158369064331,1.6221238374710083,0.15946036577224731,1.772290825843811,22.982120513916016,1259.5319515191566,2.6037549645988397e-05
14600,1.2690393924713135,2.028839588165283,1.3922828435897827,0.12325983494520187,1.5776662826538086,23.48755645751953,1259.5292157712963,2.5982100426872337e-05
14610,1.3182159662246704,2.050654888153076,1.5440685749053955,0.13572943210601807,2.5002036094665527,22.81562614440918,1259.5263774546463,2.5926726525344004e-05
14620,1.315956473350525,1.98662531375885,1.5603221654891968,0.16456951200962067,2.172318696975708,22.504011154174805,1259.5235578463585,2.587142808512948e-05
14630,1.2422852516174316,1.9620050191879272,1.525118112564087,0.1180582121014595,2.016570806503296,23.181974411010742,1259.520836403957,2.5816205249758997e-05
14640,1.2966324090957642,1.9287724494934082,1.6372648477554321,0.1444481462240219,2.4786102771759033,23.352357864379883,1259.5179291196246,2.57610581625665e-05
14650,1.1976070404052734,1.854668378829956,1.4708105325698853,0.13484744727611542,1.8685120344161987,22.702241897583008,1259.5150037516853,2.5705986966689337e-05
14660,1.156355619430542,1.7839709520339966,1.6143877506256104,0.12634320557117462,1.7934681177139282,22.55099868774414,1259.5121687518167,2.565099180506792e-05
14670,1.3475325107574463,2.0767061710357666,1.4178942441940308,0.1364380121231079,1.6806739568710327,22.971839904785156,1259.509258783431,2.5596072820445254e-05
14680,1.0950387716293335,1.7785626649856567,1.1982712745666504,0.1279752403497696,2.1636245250701904,22.91996955871582,1259.5064456813684,2.554123015536668e-05
14690,1.1810331344604492,1.8776761293411255,1.3629417419433594,0.13690437376499176,1.9141852855682373,22.73609733581543,1259.503448564431,2.5486463952179385e-05
14700,1.3424373865127563,2.170884370803833,1.222691297531128,0.14878569543361664,2.3363513946533203,22.707069396972656,1259.5005514648894,2.5431774353032123e-05
14710,1.2107435464859009,1.8768230676651,1.5435426235198975,0.15352220833301544,2.7204010486602783,22.909584045410156,1259.4977070126783,2.5377161499874845e-05
14720,1.296513319015503,2.0626752376556396,1.2966153621673584,0.13409298658370972,2.2922921180725098,22.765480041503906,1259.4947372704808,2.5322625534458246e-05
14730,1.1915934085845947,1.8252326250076294,1.6450926065444946,0.13404551148414612,1.8929463624954224,23.074077606201172,1259.4918988945608,2.5268166598333503e-05
14740,1.2285280227661133,1.8466637134552002,1.6924716234207153,0.12558801472187042,1.7288492918014526,23.170576095581055,1259.4889446895163,2.5213784832851863e-05
14750,1.1717329025268555,1.7720637321472168,1.512079119682312,0.1605260968208313,2.2864041328430176,23.272506713867188,1259.486069014196,2.515948037916423e-05
14760,1.2464079856872559,1.9445875883102417,1.5575017929077148,0.13589665293693542,2.665666341781616,23.14459800720215,1259.4834084352838,2.510525337822085e-05
14770,1.3392667770385742,2.0916333198547363,1.714562177658081,0.1193198412656784,2.3350675106048584,22.729320526123047,1259.480540316424,2.5051103970770972e-05
14780,1.3682655096054077,2.036234140396118,1.772894024848938,0.15318980813026428,3.3321444988250732,22.729299545288086,1259.4776309515366,2.4997032297362404e-05
14790,1.4131158590316772,2.178057909011841,1.646946668624878,0.13819153606891632,1.8002681732177734,22.721467971801758,1259.4748549768096,2.494303849834124e-05
14800,1.224888801574707,1.8533978462219238,1.694337010383606,0.12828175723552704,2.283989191055298,22.984949111938477,1259.4720542234886,2.4889122713851394e-05
14810,1.1724140644073486,1.8878198862075806,1.388460636138916,0.11738449335098267,2.4345250129699707,22.766225814819336,1259.4692351018248,2.4835285083834305e-05
14820,1.3620200157165527,1.9867503643035889,1.803312063217163,0.17038670182228088,1.6088645458221436,23.410490036010742,1259.4664235659013,2.478152574802858e-05
14830,1.2451024055480957,1.887020468711853,1.633878231048584,0.13818618655204773,2.36690616607666,22.98961639404297,1259.4635411304032,2.4727844845969603e-05
14840,1.2823272943496704,1.986374020576477,1.4730699062347412,0.1411278247833252,1.8879846334457397,23.162090301513672,1259.460810011534,2.4674242516989144e-05
14850,1.2726330757141113,1.9783037900924683,1.4347058534622192,0.1658642292022705,3.5760746002197266,22.819446563720703,1259.4579457686866,2.4620718900215082e-05
14860,1.2677146196365356,1.889283299446106,1.6562970876693726,0.16770772635936737,2.301038980484009,23.234498977661133,1259.4550979045137,2.4567274134570957e-05
14870,1.2502238750457764,1.937439203262329,1.5192445516586304,0.14458419382572174,1.7762341499328613,22.750064849853516,1259.452209030445,2.4513908358775653e-05
14880,1.2301467657089233,1.8848905563354492,1.4524176120758057,0.16176149249076843,2.236370086669922,22.909021377563477,1259.4492453262662,2.4460621711343058e-05
14890,1.280550241470337,2.0064074993133545,1.5748939514160156,0.13033747673034668,1.8621158599853516,22.70665740966797,1259.4461646559005,2.4407414330581622e-05
14900,1.3842519521713257,2.0928921699523926,1.6588376760482788,0.14095744490623474,2.2619755268096924,22.85491943359375,1259.4432532819292,2.4354286354594124e-05
14910,1.240025281906128,1.8855656385421753,1.6114468574523926,0.1428084373474121,1.8201417922973633,22.874839782714844,1259.4403308690723,2.430123792127722e-05
14920,1.1953598260879517,1.9431891441345215,1.269419550895691,0.12068764865398407,2.1744155883789062,22.95758628845215,1259.4375032979829,2.424826916832105e-05
14930,1.4204808473587036,2.1307692527770996,1.8158742189407349,0.15446916222572327,2.0159895420074463,22.892913818359375,1259.4344747347795,2.4195380233209008e-05
14940,1.1926734447479248,1.7963223457336426,1.5915474891662598,0.15585795044898987,2.6170473098754883,23.0614013671875,1259.4315890898292,2.414257125321732e-05
14950,1.2931400537490845,1.968039870262146,1.692132830619812,0.15270189940929413,2.2939960956573486,23.268220901489258,1259.4286994011297,2.4089842365414614e-05
14960,1.3221631050109863,2.044766426086426,1.7036287784576416,0.1267591267824173,2.013965129852295,22.84149169921875,1259.4258471688354,2.403719370666172e-05
14970,1.1984096765518188,1.8971751928329468,1.3716161251068115,0.1467636376619339,1.64992094039917,22.79560089111328,1259.4230454850654,2.398462541361117e-05
14980,1.2870146036148071,1.9313275814056396,1.6087892055511475,0.1337675303220749,2.0196330547332764,23.140796661376953,1259.4202232871007,2.393213762270691e-05
14990,1.249635934829712,1.947830080986023,1.4858295917510986,0.12153561413288116,3.081557273864746,23.266315460205078,1259.4172796701373,2.387973047018397e-05
15000,1.2032737731933594,1.8886643648147583,1.4272757768630981,0.12158439308404922,2.4746439456939697,22.7097225189209,1259.4144009020179,2.3827404092068032e-05
15010,1.2857519388198853,1.9837496280670166,1.621425986289978,0.16935639083385468,2.3375229835510254,22.404279708862305,1259.41159279117,2.377515862417516e-05
15020,1.2574093341827393,2.014936923980713,1.385068655014038,0.1424555480480194,1.835097074508667,22.586181640625,1259.4086677113437,2.3722994202111436e-05
15030,1.4078106880187988,2.1194090843200684,1.8345870971679688,0.14057958126068115,3.618194103240967,23.034931182861328,1259.4057670558502,2.3670910961272485e-05
15040,1.1060314178466797,1.8223235607147217,1.3138443231582642,0.11993508040904999,3.369166374206543,22.847043991088867,1259.402937914196,2.3618909036843307e-05
15050,1.5727242231369019,2.377372980117798,1.634971022605896,0.16754193603992462,4.170290470123291,23.133378982543945,1259.4001909823087,2.3566988563797842e-05
15060,1.2650741338729858,1.9295947551727295,1.6218968629837036,0.13858190178871155,2.795070171356201,22.764680862426758,1259.3973634682382,2.3515149676898555e-05
15070,1.2008873224258423,1.9362845420837402,1.3448750972747803,0.14782238006591797,1.9974161386489868,23.002023696899414,1259.3944449302778,2.3463392510696223e-05
15080,1.2114448547363281,1.9278794527053833,1.4141087532043457,0.12372617423534393,3.0327556133270264,22.971826553344727,1259.3915528615862,2.3411717199529457e-05
15090,1.1222498416900635,1.7203385829925537,1.4612867832183838,0.14741428196430206,2.822746515274048,22.929508209228516,1259.3886363401762,2.336012387752441e-05
15100,1.2086235284805298,1.8497482538223267,1.615702748298645,0.12809669971466064,2.767580032348633,22.958616256713867,1259.3857915411456,2.3308612678594488e-05
15110,1.2438474893569946,1.926350474357605,1.655190348625183,0.15329059958457947,2.9630110263824463,23.100557327270508,1259.3830469194295,2.3257183736439865e-05
15120,1.1810340881347656,1.7913198471069336,1.5402194261550903,0.164241760969162,2.3809220790863037,23.1204776763916,1259.3802264948597,2.3205837184547265e-05
15130,1.1844513416290283,1.887988805770874,1.3710731267929077,0.13816459476947784,2.4768383502960205,23.055171966552734,1259.3773964819857,2.3154573156189572e-05
15140,1.311275839805603,2.0071990489959717,1.5893226861953735,0.14499260485172272,2.121546983718872,22.889198303222656,1259.3745714338893,2.3103391784425393e-05
15150,1.1959327459335327,1.8035595417022705,1.5849429368972778,0.13810470700263977,1.5563440322875977,23.00780487060547,1259.3717121683428,2.3052293202098884e-05
15160,1.1021220684051514,1.7750654220581055,1.313045620918274,0.12810195982456207,2.4871551990509033,23.06658935546875,1259.3687779767558,2.3001277541839295e-05
15170,1.131243109703064,1.7005021572113037,1.6596248149871826,0.11872787028551102,2.8150224685668945,23.323965072631836,1259.3659174450438,2.295034493606061e-05
15180,1.1663923263549805,1.8531243801116943,1.3690497875213623,0.1406257450580597,2.4586453437805176,22.76030731201172,1259.3629622597875,2.2899495516961297e-05
15190,1.2313380241394043,1.994518756866455,1.343148112297058,0.1261744499206543,1.7009532451629639,23.456613540649414,1259.36017547955,2.284872941652386e-05
15200,1.1899700164794922,1.8142286539077759,1.5621585845947266,0.13227921724319458,3.9772732257843018,23.24781036376953,1259.3572938224984,2.279804676651455e-05
15210,1.2303351163864136,1.9889410734176636,1.3573262691497803,0.1385621875524521,3.20233154296875,23.20435333251953,1259.3544399160037,2.2747447698483074e-05
15220,1.2806410789489746,2.000586986541748,1.4662472009658813,0.14714710414409637,2.2537074089050293,23.095102310180664,1259.351632245377,2.2696932343762105e-05
15230,1.2148860692977905,1.9079447984695435,1.35430109500885,0.15518105030059814,1.4094727039337158,22.892635345458984,1259.34871923669,2.264650083346711e-05
15240,1.2172333002090454,1.8869869709014893,1.563551664352417,0.1267363429069519,1.9872578382492065,23.087499618530273,1259.3457829326792,2.2596153298495925e-05
15250,1.3277348279953003,2.0374832153320312,1.5290133953094482,0.1408756524324417,2.708200693130493,23.307846069335938,1259.342886203995,2.2545889869528354e-05
15260,1.2337367534637451,1.9281924962997437,1.4227346181869507,0.14184574782848358,1.411078691482544,22.893606185913086,1259.3399828876647,2.249571067702597e-05
15270,1.257997989654541,1.9419963359832764,1.498531460762024,0.14244025945663452,1.6371763944625854,22.599002838134766,1259.3371714061639,2.2445615851231715e-05
15280,1.1811314821243286,1.800770878791809,1.5986469984054565,0.13107720017433167,2.0114400386810303,23.21739387512207,1259.3342892034857,2.239560552216948e-05
15290,1.294699788093567,2.024991035461426,1.5016450881958008,0.12276434153318405,1.7136471271514893,22.93376350402832,1259.3312943215738,2.2345679819643918e-05
15300,1.1804536581039429,1.8206168413162231,1.5216790437698364,0.11987979710102081,1.9240765571594238,23.113487243652344,1259.3283526199546,2.2295838873239965e-05
15310,1.2038124799728394,1.8507095575332642,1.6121151447296143,0.13754883408546448,2.1957030296325684,22.908313751220703,1259.3254399915247,2.22460828123226e-05
15320,1.2841306924819946,1.9876995086669922,1.5742278099060059,0.14475573599338531,2.0931077003479004,22.89780044555664,1259.3225903068248,2.219641176603649e-05
15330,1.0999042987823486,1.7489335536956787,1.3926671743392944,0.13990437984466553,1.6239820718765259,23.119325637817383,1259.3196509732495,2.2146825863305603e-05
15340,1.182177186012268,1.8820492029190063,1.4427344799041748,0.13084742426872253,1.8499032258987427,23.11688995361328,1259.3167790517352,2.2097325232832943e-05
15350,1.2722899913787842,1.9754520654678345,1.3821250200271606,0.1624942272901535,2.244724988937378,22.921369552612305,1259.3139113204454,2.204791000310021e-05
15360,1.3041584491729736,2.019727945327759,1.557334542274475,0.13371701538562775,2.5558340549468994,22.812353134155273,1259.3110211242151,2.199858030236734e-05
15370,1.2960418462753296,1.9578473567962646,1.5652803182601929,0.17076414823532104,2.7528128623962402,23.38825798034668,1259.308140916023,2.194933625867238e-05
15380,1.2491002082824707,1.9294729232788086,1.5597002506256104,0.12855997681617737,2.6446986198425293,23.48784065246582,1259.3052428737396,2.1900177999831024e-05
15390,1.3591938018798828,2.008549690246582,1.7600326538085938,0.1586589515209198,2.312192440032959,23.302696228027344,1259.3023843425083,2.1851105653436258e-05
15400,1.225050449371338,1.895019769668579,1.5055549144744873,0.1476282924413681,2.038086414337158,23.49354362487793,1259.2994334117332,2.1802119346858147e-05
15410,1.433382511138916,2.132357120513916,1.7753044366836548,0.15671078860759735,2.005457639694214,23.202741622924805,1259.2965938084615,2.1753219207243388e-05
15420,1.2620950937271118,1.9040998220443726,1.6342681646347046,0.13355623185634613,1.9856338500976562,23.0545597076416,1259.2937487379004,2.1704405361515012e-05
15430,1.1473548412322998,1.7336881160736084,1.5470651388168335,0.13634559512138367,2.5748538970947266,23.281816482543945,1259.2909208466801,2.1655677936372142e-05
15440,1.28494131565094,1.8930290937423706,1.7251278162002563,0.1386626809835434,2.2916831970214844,22.739234924316406,1259.2880524966395,2.160703705828951e-05
15450,1.2441195249557495,1.9796537160873413,1.414891004562378,0.145706444978714,3.1420538425445557,22.848247528076172,1259.2851612239483,2.1558482853517257e-05
15460,1.2692923545837402,1.9568918943405151,1.534354329109192,0.15255829691886902,2.1335906982421875,23.22862434387207,1259.2823988674834,2.1510015448080568e-05
15470,1.1357009410858154,1.6766586303710938,1.7896654605865479,0.11809232831001282,2.558710813522339,23.117252349853516,1259.279547677114,2.1461634967779294e-05
15480,1.3837074041366577,2.1889023780822754,1.3483842611312866,0.1506892293691635,2.647245407104492,22.9316463470459,1259.2765260485908,2.1413341538187675e-05
15490,1.2804861068725586,1.955217719078064,1.6081067323684692,0.14721061289310455,1.952035903930664,23.594329833984375,1259.2735953148522,2.1365135284654057e-05
15500,1.1947498321533203,1.8327343463897705,1.5480176210403442,0.11958836019039154,2.256138801574707,22.972089767456055,1259.2706931289856,2.1317016332300447e-05
15510,1.3504221439361572,2.087454080581665,1.5989540815353394,0.152962788939476,2.575371503829956,23.016525268554688,1259.2678499757187,2.1268984806022314e-05
15520,1.3850719928741455,2.1417646408081055,1.4867602586746216,0.1552409529685974,1.727809190750122,22.480009078979492,1259.2650004356803,2.1221040830488163e-05
15530,1.115965485572815,1.7571107149124146,1.4473345279693604,0.11815138906240463,2.1830759048461914,23.50572395324707,1259.2621308445507,2.1173184530139262e-05
15540,1.1538951396942139,1.7775013446807861,1.4647538661956787,0.1344924420118332,1.8343775272369385,22.71964454650879,1259.2592393442214,2.1125416029189345e-05
15550,1.261150598526001,1.9582841396331787,1.5891609191894531,0.13783979415893555,1.7429593801498413,23.019603729248047,1259.2563670080397,2.107773545162424e-05
15560,1.1827419996261597,1.9515036344528198,1.3269449472427368,0.12391512095928192,1.7973122596740723,22.4971981048584,1259.2535189117796,2.1030142921201556e-05
15570,1.3345898389816284,2.05169415473938,1.5297572612762451,0.13999304175376892,1.6672911643981934,23.023080825805664,1259.2506770556347,2.098263856145039e-05
15580,1.2536312341690063,2.040659189224243,1.360995888710022,0.14708861708641052,3.2383792400360107,23.1679630279541,1259.2477654268405,2.093522249567097e-05
15590,1.1935096979141235,1.8870435953140259,1.5734107494354248,0.11714201420545578,2.7602427005767822,23.202281951904297,1259.2447944940284,2.0887894846934333e-05
15600,1.320865511894226,1.9893585443496704,1.7911416292190552,0.12861593067646027,2.2514312267303467,23.39822006225586,1259.2422487155263,2.0840655738082086e-05
15610,1.1887625455856323,1.8236654996871948,1.496799111366272,0.14639995992183685,1.9696086645126343,23.391551971435547,1259.2399515262064,2.079350529172596e-05
15620,1.4035742282867432,2.1611032485961914,1.6371803283691406,0.1644262671470642,2.6617538928985596,23.136735916137695,1259.2377104564264,2.0746443630247603e-05
15630,1.2892216444015503,1.9659161567687988,1.629530906677246,0.13538548350334167,2.1671111583709717,22.98573112487793,1259.2354495170596,2.06994708757982e-05
15640,1.186887502670288,1.8511731624603271,1.5047760009765625,0.12871946394443512,3.604919910430908,23.336322784423828,1259.23318267553,2.0652587150298157e-05
15650,1.2943216562271118,1.964172124862671,1.5662250518798828,0.1575942188501358,2.08009934425354,23.20728874206543,1259.2309063743712,2.0605792575436823e-05
15660,1.2116197347640991,1.774832844734192,1.7605937719345093,0.14819960296154022,1.9939944744110107,22.765121459960938,1259.228682657202,2.0559087272672163e-05
15670,1.420918583869934,2.1887013912200928,1.5498547554016113,0.1387777179479599,2.11323881149292,22.9288272857666,1259.2263768250261,2.0512471363230396e-05
15680,1.3215715885162354,1.9757577180862427,1.7914726734161377,0.1442880779504776,2.0837318897247314,23.275653839111328,1259.2239394377934,2.0465944968105723e-05
15690,1.2401633262634277,1.8888710737228394,1.6894466876983643,0.13524532318115234,2.0792055130004883,22.910263061523438,1259.2216069785925,2.041950820806004e-05
15700,1.18378484249115,1.843691349029541,1.4847804307937622,0.12852707505226135,1.8792532682418823,23.29924964904785,1259.219339099992,2.0373161203622533e-05
15710,1.1597599983215332,1.8406779766082764,1.403146505355835,0.14787696301937103,2.1154119968414307,22.95087432861328,1259.217073408618,2.0326904075089492e-05
15720,1.1173466444015503,1.6317747831344604,1.768338918685913,0.11800539493560791,2.1860733032226562,23.005483627319336,1259.2147464034174,2.0280736942523856e-05
15730,1.2960649728775024,1.9526875019073486,1.6544263362884521,0.13233348727226257,2.137207269668579,23.338130950927734,1259.2124232752778,2.0234659925755043e-05
15740,1.2068158388137817,1.881492257118225,1.5913234949111938,0.13741937279701233,3.0491065979003906,22.985904693603516,1259.2101746702176,2.0188673144378522e-05
15750,1.1502492427825928,1.7851511240005493,1.445072054862976,0.1271158903837204,1.7076276540756226,23.3604736328125,1259.2080034043743,2.014277671775555e-05
15760,1.2125822305679321,1.806475281715393,1.687986135482788,0.12478314340114594,2.357219696044922,23.225460052490234,1259.2055681613467,2.0096970765012896e-05
15770,1.2271229028701782,1.9191300868988037,1.5785562992095947,0.14056485891342163,2.599306344985962,23.046649932861328,1259.2032936818337,2.005125540504249e-05
15780,1.1762269735336304,1.8590974807739258,1.4008289575576782,0.14563633501529694,2.016413927078247,22.843936920166016,1259.2009356243448,2.000563075650111e-05
15790,1.2097820043563843,1.8070646524429321,1.665162205696106,0.14272184669971466,2.228667736053467,23.314786911010742,1259.1986454037335,1.996009693781008e-05
15800,1.3219131231307983,2.0921008586883545,1.553900957107544,0.12329497933387756,3.068222999572754,22.89276123046875,1259.196349470764,1.9914654067154996e-05
15810,1.1663298606872559,1.803096890449524,1.5681018829345703,0.11959537118673325,2.1651618480682373,23.475263595581055,1259.1941194109102,1.9869302262485378e-05
15820,1.2387903928756714,2.001558542251587,1.2420451641082764,0.16570821404457092,2.105720281600952,23.234922409057617,1259.1918319052775,1.982404164151439e-05
15830,1.1479830741882324,1.7628023624420166,1.6018223762512207,0.11828160285949707,2.155601739883423,23.14573860168457,1259.1895233288817,1.977887232171849e-05
15840,1.18063485622406,1.8904320001602173,1.5155221223831177,0.13190005719661713,2.772946357727051,23.312023162841797,1259.1871659182273,1.9733794420337214e-05
15850,1.2010446786880493,1.917517900466919,1.5077106952667236,0.12008790671825409,1.7244065999984741,23.254838943481445,1259.1848619162713,1.9688808054372775e-05
15860,1.2370421886444092,1.9283277988433838,1.5494540929794312,0.11671216785907745,2.265428066253662,23.03676986694336,1259.1825456356776,1.96439133405898e-05
15870,1.260740876197815,1.899596929550171,1.6397864818572998,0.13562960922718048,1.6965889930725098,22.763294219970703,1259.1802693493157,1.9599110395515042e-05
15880,1.1393359899520874,1.7880128622055054,1.5155446529388428,0.1306651532649994,2.5973055362701416,23.35781478881836,1259.1780331856517,1.9554399335437086e-05
15890,1.361907958984375,2.1099343299865723,1.474974513053894,0.13900360465049744,1.8653229475021362,23.058576583862305,1259.175720378165,1.950978027640598e-05
15900,1.1858482360839844,1.8498866558074951,1.4088128805160522,0.13984078168869019,1.7295801639556885,23.226350784301758,1259.173330263789,1.946525333423298e-05
15910,1.1954450607299805,1.7313443422317505,1.7818000316619873,0.12921346724033356,1.770973801612854,22.99692153930664,1259.1711309294947,1.94208186244903e-05
15920,1.2324063777923584,1.9771522283554077,1.3576250076293945,0.10822562873363495,2.189883232116699,23.2211856842041,1259.1688168921871,1.9376476262510697e-05
15930,1.2770178318023682,1.8418937921524048,1.7453110218048096,0.1580851972103119,1.6245243549346924,23.337350845336914,1259.1663610825549,1.9332226363387277e-05
15940,1.2730351686477661,1.9067344665527344,1.7183358669281006,0.14638715982437134,3.7108185291290283,23.191360473632812,1259.1639500410968,1.9288069041973123e-05
15950,1.2458397150039673,1.9411005973815918,1.4816100597381592,0.12187384068965912,2.6738858222961426,23.36013412475586,1259.161540209144,1.924400441288107e-05
15960,1.2937406301498413,1.966860294342041,1.5981868505477905,0.14825189113616943,1.940429449081421,23.26326560974121,1259.159325252173,1.9200032590483307e-05
15970,1.2627073526382446,1.9618855714797974,1.6066447496414185,0.1316724270582199,1.8189213275909424,23.06538963317871,1259.1569464538277,1.9156153688911177e-05
15980,1.2348424196243286,1.8520480394363403,1.701228380203247,0.13464640080928802,2.148730993270874,23.22392463684082,1259.1546301213489,1.9112367822054826e-05
15990,1.2184584140777588,1.882673978805542,1.5195083618164062,0.13005715608596802,1.8520376682281494,23.197540283203125,1259.1522481195534,1.906867510356296e-05
16000,1.2366758584976196,1.917586088180542,1.4131919145584106,0.15389157831668854,1.7032513618469238,23.093469619750977,1259.149912677984,1.902507564684246e-05
16010,1.228888750076294,1.9068782329559326,1.5309691429138184,0.1348802000284195,2.491244077682495,23.424530029296875,1259.1476449408947,1.8981569565058152e-05
16020,1.2559242248535156,1.9496673345565796,1.666508674621582,0.12742319703102112,2.3661587238311768,23.508358001708984,1259.145256596871,1.8938156971132545e-05
16030,1.0954314470291138,1.7390135526657104,1.3080964088439941,0.11679939925670624,1.6645463705062866,23.328866958618164,1259.142921154849,1.8894837977745434e-05
16040,1.1934208869934082,1.9169464111328125,1.363331913948059,0.1197563111782074,2.4789958000183105,23.09038543701172,1259.14052675048,1.8851612697333725e-05
16050,1.1729143857955933,1.8324930667877197,1.4112515449523926,0.14741230010986328,1.9390695095062256,23.387784957885742,1259.1381616346066,1.880848124209104e-05
16060,1.2397974729537964,1.925127387046814,1.464101791381836,0.1525959074497223,1.9338957071304321,22.91685676574707,1259.135815815938,1.8765443723967513e-05
16070,1.3114830255508423,1.9410120248794556,1.7952457666397095,0.13721483945846558,2.3381032943725586,23.218889236450195,1259.1335509554362,1.8722500254669416e-05
16080,1.1621633768081665,1.7312008142471313,1.6841822862625122,0.12479204684495926,2.8260607719421387,23.037141799926758,1259.1312215864803,1.8679650945658956e-05
16090,1.1731945276260376,1.8196227550506592,1.4251583814620972,0.16527998447418213,2.071537494659424,23.5217227935791,1259.1287432270067,1.8636895908153897e-05
16100,1.2571109533309937,1.8709484338760376,1.767833948135376,0.12641748785972595,1.8641202449798584,23.238449096679688,1259.1264686044985,1.8594235253127375e-05
16110,1.2202069759368896,1.8425209522247314,1.608934760093689,0.13949796557426453,2.6537349224090576,23.217041015625,1259.12409702934,1.855166909130748e-05
16120,1.2710469961166382,2.0534188747406006,1.0997763872146606,0.14760425686836243,1.9761639833450317,23.356216430664062,1259.1217225747305,1.8509197533177087e-05
16130,1.2656170129776,1.9380148649215698,1.576824426651001,0.12930940091609955,2.285536527633667,23.25506019592285,1259.119406647573,1.8466820688973525e-05
16140,1.1278959512710571,1.713988184928894,1.5628949403762817,0.12435800582170486,1.579162359237671,23.371034622192383,1259.1169641163797,1.8424538668688243e-05
16150,1.2747365236282349,1.9649678468704224,1.4999370574951172,0.1624917984008789,2.3755478858947754,23.167537689208984,1259.1145861770342,1.8382351582066616e-05
16160,1.224042534828186,1.8313850164413452,1.6959185600280762,0.1305522620677948,2.9373064041137695,23.08186912536621,1259.112357765933,1.8340259538607623e-05
16170,1.3534601926803589,2.1006457805633545,1.6224255561828613,0.13158152997493744,2.8316848278045654,23.033597946166992,1259.1100978219702,1.8298262647563475e-05
16180,1.1622980833053589,1.7756727933883667,1.4159220457077026,0.14050500094890594,1.9029123783111572,23.011850357055664,1259.1078247582304,1.8256361017939484e-05
16190,1.360277533531189,2.123206853866577,1.4631820917129517,0.17679601907730103,2.3052220344543457,22.910202026367188,1259.1054561476742,1.82145547584937e-05
16200,1.3301303386688232,2.0389010906219482,1.6558847427368164,0.14151518046855927,2.630051612854004,23.2497615814209,1259.103102438796,1.8172843977736583e-05
16210,1.2150583267211914,1.8648252487182617,1.4439998865127563,0.13684618473052979,2.344614267349243,22.87606430053711,1259.1008654716836,1.8131228783930843e-05
16220,1.0660665035247803,1.6264259815216064,1.4830012321472168,0.12406089156866074,2.866893768310547,23.121906280517578,1259.0985764311217,1.8089709285091028e-05
16230,1.248722791671753,1.9127765893936157,1.5403170585632324,0.14015942811965942,2.1955344676971436,23.138805389404297,1259.0962873632398,1.804828558898332e-05
16240,1.2334154844284058,1.9489333629608154,1.4969784021377563,0.10171952843666077,2.221696615219116,23.022743225097656,1259.0939746024571,1.8006957803125278e-05
16250,1.0307155847549438,1.6069282293319702,1.4212133884429932,0.12403729557991028,2.162372350692749,22.909908294677734,1259.0916616764503,1.7965726034785466e-05
16260,1.2132326364517212,1.8547885417938232,1.5164380073547363,0.1468733549118042,2.2260947227478027,23.497802734375,1259.0893249557796,1.7924590390983263e-05
16270,1.2791144847869873,1.9783457517623901,1.4410381317138672,0.13066725432872772,1.6492549180984497,22.9718017578125,1259.0869565063479,1.788355097848856e-05
16280,1.300478458404541,2.0279788970947266,1.5694115161895752,0.13473932445049286,2.006002187728882,22.96183967590332,1259.0846098697464,1.7842607903821417e-05
16290,1.3083574771881104,2.0540578365325928,1.5459835529327393,0.13532811403274536,2.217869520187378,23.19855499267578,1259.0821887516624,1.780176127325191e-05
16300,1.2820310592651367,1.9706470966339111,1.563775658607483,0.13527879118919373,2.029986619949341,23.479005813598633,1259.0799125457809,1.7761011192799764e-05
16310,1.2020549774169922,1.9094229936599731,1.2765312194824219,0.15076300501823425,2.4044623374938965,23.636547088623047,1259.0775688455358,1.7720357768234085e-05
16320,1.1848233938217163,1.8343833684921265,1.5152478218078613,0.13940319418907166,2.8663206100463867,22.946697235107422,1259.0752247904886,1.7679801105073142e-05
16330,1.3591134548187256,2.042027711868286,1.6102428436279297,0.14772477746009827,2.184615135192871,22.94609832763672,1259.0729411015393,1.7639341308584018e-05
16340,1.0948020219802856,1.7249352931976318,1.356008768081665,0.12825031578540802,1.905752182006836,23.38799476623535,1259.0706227957262,1.7598978483782375e-05
16350,1.1920114755630493,1.8426764011383057,1.5252461433410645,0.13658978044986725,2.7585949897766113,23.105178833007812,1259.068339206362,1.7558712735432214e-05
16360,1.313029170036316,1.981827974319458,1.616622805595398,0.14113079011440277,3.4741060733795166,23.297962188720703,1259.0659201785948,1.7518544168045525e-05
16370,1.2995548248291016,2.0269904136657715,1.5086719989776611,0.15777775645256042,3.4299538135528564,23.056259155273438,1259.0635491263135,1.747847288588209e-05
16380,1.254889726638794,1.881108045578003,1.625043272972107,0.14783887565135956,2.159379482269287,23.545270919799805,1259.0612372465616,1.7438498992949192e-05
16390,1.2520619630813599,1.9254097938537598,1.5594319105148315,0.1284879446029663,2.5096192359924316,23.282800674438477,1259.0588560379108,1.7398622593001278e-05
16400,1.314935326576233,2.0455641746520996,1.6108267307281494,0.14459456503391266,3.202759027481079,23.114015579223633,1259.0564830658673,1.7358843789539798e-05
16410,1.31374990940094,1.9890022277832031,1.5582070350646973,0.13139177858829498,1.8293901681900024,23.888338088989258,1259.0541838146505,1.7319162685812878e-05
16420,1.1299458742141724,1.7177157402038574,1.4818902015686035,0.15354232490062714,1.498172640800476,22.970075607299805,1259.0518820644295,1.7279579384815043e-05
16430,1.2211132049560547,1.875433325767517,1.5969905853271484,0.13089565932750702,2.1253819465637207,23.486061096191406,1259.0494407891854,1.724009398928698e-05
16440,1.2917650938034058,1.9186097383499146,1.7297918796539307,0.1331333965063095,1.9385114908218384,23.230607986450195,1259.0470832078972,1.7200706601715247e-05
16450,1.1990159749984741,1.8875194787979126,1.4122873544692993,0.14747482538223267,2.0673160552978516,23.03736114501953,1259.0447600859557,1.7161417324332007e-05
16460,1.1653820276260376,1.8374536037445068,1.387478232383728,0.12915287911891937,2.7732551097869873,22.965892791748047,1259.0423680632907,1.712222625911481e-05
16470,1.1808120012283325,1.851036548614502,1.4680439233779907,0.12532523274421692,2.09415602684021,23.199371337890625,1259.0400813983133,1.7083133507786243e-05
16480,1.1632651090621948,1.7978031635284424,1.5005309581756592,0.13566900789737701,1.6391233205795288,23.127002716064453,1259.0378666248664,1.704413917181375e-05
16490,1.2259063720703125,1.8930214643478394,1.5379338264465332,0.12463483959436417,2.197479248046875,23.24050521850586,1259.0355428046248,1.7005243352409334e-05
16500,1.2006051540374756,1.8761792182922363,1.4056366682052612,0.13922835886478424,1.976434350013733,23.357990264892578,1259.0332960081907,1.6966446150529244e-05
16510,1.3813527822494507,2.1019701957702637,1.6196708679199219,0.14950232207775116,1.9233416318893433,23.67816162109375,1259.0310356814036,1.6927747666873812e-05
16520,1.1890032291412354,1.8246515989303589,1.446661114692688,0.1264052838087082,4.419750213623047,23.320764541625977,1259.0286922024459,1.688914800188714e-05
16530,1.2693716287612915,1.9231235980987549,1.659428358078003,0.1307026743888855,3.6680493354797363,23.058765411376953,1259.0263869762243,1.68506472557568e-05
16540,1.2493089437484741,1.8902782201766968,1.5515414476394653,0.14460477232933044,2.3797528743743896,23.57503318786621,1259.0241476107883,1.6812245528413665e-05
16550,1.22698974609375,1.9108692407608032,1.4247227907180786,0.13922536373138428,2.1864962577819824,23.447521209716797,1259.0217477179888,1.677394291953156e-05
16560,1.2622040510177612,1.936052918434143,1.6064529418945312,0.1506149023771286,1.6994065046310425,22.9412899017334,1259.019472515382,1.6735739528527054e-05
16570,1.203115463256836,1.8679165840148926,1.4294238090515137,0.13335752487182617,1.9545422792434692,23.13167953491211,1259.0170747621273,1.669763545455921e-05
16580,1.2189100980758667,1.9367645978927612,1.4488064050674438,0.13711024820804596,2.947659730911255,23.433399200439453,1259.0146335442469,1.6659630796529273e-05
16590,1.230413556098938,1.8029834032058716,1.8452895879745483,0.13179883360862732,2.0715229511260986,23.084810256958008,1259.012274719829,1.6621725653080473e-05
16600,1.213044285774231,1.887089490890503,1.4521328210830688,0.14220929145812988,3.4478771686553955,23.33446502685547,1259.009965166579,1.6583920122597764e-05
16610,1.2408180236816406,1.9331084489822388,1.5523229837417603,0.12382176518440247,2.462245225906372,23.431581497192383,1259.0075791791198,1.6546214303207474e-05
16620,1.1694375276565552,1.8660614490509033,1.4147685766220093,0.13387498259544373,1.863431692123413,22.94093894958496,1259.0051481696619,1.6508608292777204e-05
16630,1.1845053434371948,1.8604527711868286,1.4022845029830933,0.13258147239685059,2.326392650604248,23.562671661376953,1259.0027763973935,1.647110218891547e-05
16640,1.286991834640503,2.0345003604888916,1.3331412076950073,0.14203232526779175,3.2061946392059326,23.163389205932617,1259.0004844502,1.643369608897145e-05
16650,1.2635785341262817,1.955132007598877,1.418582797050476,0.16774016618728638,1.9734708070755005,23.177547454833984,1258.9981674279409,1.639639009003481e-05
16660,1.118044376373291,1.7719788551330566,1.3774454593658447,0.11912952363491058,1.5845341682434082,23.161800384521484,1258.9959501986264,1.6359184288935336e-05
16670,1.1180082559585571,1.8219122886657715,1.1273527145385742,0.11560018360614777,2.1111695766448975,23.334131240844727,1258.9935823082867,1.632207878224277e-05
16680,1.2867121696472168,2.0630757808685303,1.2395967245101929,0.1520615667104721,4.175421714782715,23.352663040161133,1258.9912907157561,1.6285073666266552e-05
16690,1.1231552362442017,1.737173080444336,1.5427814722061157,0.1273864507675171,1.9465137720108032,23.186349868774414,1258.9889761553611,1.6248169037055553e-05
16700,1.2307087182998657,1.8894933462142944,1.64828360080719,0.1350681036710739,4.493959903717041,23.37872314453125,1258.986666683685,1.6211364990397783e-05
16710,1.255607008934021,1.9497984647750854,1.4672349691390991,0.13076648116111755,3.1498124599456787,23.115825653076172,1258.984328806868,1.6174661621820232e-05
16720,1.2030680179595947,1.8695875406265259,1.4731543064117432,0.14067186415195465,2.805175304412842,23.411319732666016,1258.9820452136676,1.6138059026588542e-05
16730,1.3050035238265991,2.018584966659546,1.6488523483276367,0.1314426064491272,2.017364025115967,23.430959701538086,1258.9796930174537,1.61015572997068e-05
16740,1.2109670639038086,1.9346225261688232,1.4017075300216675,0.1034371629357338,2.608903169631958,23.46878433227539,1258.9773479813232,1.6065156535917305e-05
16750,1.2344555854797363,1.8346120119094849,1.7541033029556274,0.14037063717842102,2.9169647693634033,23.349361419677734,1258.975002118334,1.602885682970026e-05
16760,1.2240811586380005,1.8544483184814453,1.6270848512649536,0.1445104330778122,2.703524589538574,23.524612426757812,1258.9727202582592,1.599265827527362e-05
16770,1.4010038375854492,2.073871374130249,1.7618385553359985,0.14820978045463562,2.3901824951171875,22.990337371826172,1258.9703262319078,1.5956560966592742e-05
16780,1.3083261251449585,2.055169105529785,1.3954418897628784,0.13985177874565125,2.2372491359710693,23.2545166015625,1258.9680724799825,1.5920564997350226e-05
16790,1.230262041091919,1.8725308179855347,1.6147829294204712,0.12637244164943695,1.6151052713394165,23.440692901611328,1258.9657115781497,1.5884670460975623e-05
16800,1.2221652269363403,1.833701729774475,1.6240118741989136,0.13964389264583588,2.133493661880493,23.92205047607422,1258.9634548231388,1.5848877450635237e-05
16810,1.1511032581329346,1.7597377300262451,1.650680422782898,0.1225457489490509,2.612584114074707,23.06255531311035,1258.961115592991,1.5813186059231816e-05
16820,1.2788417339324951,1.940477728843689,1.5928384065628052,0.1588868647813797,2.728562831878662,23.36667823791504,1258.9587781006715,1.577759637940439e-05
16830,1.2451558113098145,1.9851869344711304,1.396246314048767,0.12831981480121613,2.6622018814086914,23.861371994018555,1258.9563706426866,1.5742108503527956e-05
16840,1.227115511894226,1.833320140838623,1.7280796766281128,0.12073886394500732,2.198718309402466,23.502607345581055,1258.9539890153342,1.5706722523713285e-05
16850,1.3608081340789795,2.0471508502960205,1.7610245943069458,0.11815795302391052,1.7971439361572266,23.067989349365234,1258.9517319785782,1.5671438531806696e-05
16860,1.0954879522323608,1.763073444366455,1.3749730587005615,0.1088394746184349,2.1235339641571045,23.703125,1258.9494254602357,1.5636256619389747e-05
16870,1.1616618633270264,1.859139323234558,1.3738044500350952,0.13019271194934845,1.909125804901123,22.992767333984375,1258.9470743504974,1.5601176877779088e-05
16880,1.1567457914352417,1.733585238456726,1.6437451839447021,0.14390306174755096,2.949969530105591,23.59724235534668,1258.9447525846151,1.5566199398026146e-05
16890,1.2166045904159546,1.8361260890960693,1.6447983980178833,0.13087041676044464,1.6560184955596924,23.271039962768555,1258.9424502371055,1.553132427091693e-05
16900,1.2938698530197144,1.9956715106964111,1.6535394191741943,0.13193808495998383,1.8588426113128662,23.056493759155273,1258.9401100333387,1.5496551586971795e-05
16910,1.3041740655899048,2.0123512744903564,1.5958623886108398,0.13160836696624756,2.312554359436035,23.06385040283203,1258.9375669627123,1.54618814364452e-05
16920,1.2696305513381958,2.013418674468994,1.3760236501693726,0.13522017002105713,2.892526626586914,23.54320526123047,1258.9352155077854,1.5427313909325467e-05
16930,1.246747612953186,2.000784397125244,1.3226131200790405,0.14208251237869263,3.122596502304077,23.301292419433594,1258.9329032486407,1.539284909533455e-05
16940,1.146353840827942,1.7545843124389648,1.593954086303711,0.12100807577371597,2.1468393802642822,22.707046508789062,1258.9305147921789,1.5358487083927816e-05
16950,1.2565439939498901,1.9730323553085327,1.5248607397079468,0.12301257252693176,2.5478014945983887,23.332456588745117,1258.9281428347488,1.5324227964293775e-05
16960,1.323387622833252,1.9925627708435059,1.669249176979065,0.1582452654838562,3.339207172393799,23.171466827392578,1258.9257946255198,1.529007182535392e-05
16970,1.2016277313232422,1.8696397542953491,1.5170259475708008,0.1402917206287384,1.9207509756088257,23.612924575805664,1258.923535666804,1.5256018755762411e-05
16980,1.2673367261886597,1.9026484489440918,1.6658507585525513,0.14678405225276947,2.8127574920654297,23.30370330810547,1258.9212238565226,1.5222068843905915e-05
16990,1.1547800302505493,1.7294827699661255,1.7123019695281982,0.11624477058649063,2.7866456508636475,23.203224182128906,1258.9188857121658,1.5188222177903328e-05
17000,1.2104647159576416,1.8918261528015137,1.4192270040512085,0.15395410358905792,2.566588878631592,23.36174774169922,1258.916595951935,1.515447884560556e-05
17010,1.1859314441680908,1.902620553970337,1.337356448173523,0.12625566124916077,2.8333218097686768,23.369802474975586,1258.914281829431,1.5120838934595339e-05
17020,1.3692361116409302,1.9836688041687012,1.9296226501464844,0.11758438497781754,1.7056185007095337,23.33616065979004,1258.9119306792236,1.5087302532186948e-05
17030,1.234147071838379,1.9030779600143433,1.531575083732605,0.13989652693271637,2.1665897369384766,23.46330451965332,1258.9095817672,1.5053869725425989e-05
17040,1.254646897315979,1.8675593137741089,1.6271010637283325,0.13680656254291534,2.721216917037964,22.912200927734375,1258.9072465544766,1.50205406010892e-05
17050,1.2726311683654785,1.9800021648406982,1.502437949180603,0.13206832110881805,2.8933277130126953,22.98480224609375,1258.9049495677643,1.4987315245684197e-05
17060,1.1444264650344849,1.8032970428466797,1.4277386665344238,0.12777787446975708,3.0723094940185547,23.79816246032715,1258.9025493856882,1.495419374544923e-05
17070,1.160961627960205,1.792072057723999,1.5163697004318237,0.1298467218875885,1.9049313068389893,23.58110237121582,1258.9002603638448,1.4921176186353047e-05
17080,1.3123176097869873,2.054471969604492,1.6573224067687988,0.14857125282287598,2.7845852375030518,23.481395721435547,1258.8981947200468,1.4888262654094553e-05
17090,1.1807795763015747,1.8112577199935913,1.610353708267212,0.11410395801067352,2.6220366954803467,23.517303466796875,1258.89681994267,1.4855453234102681e-05
17100,1.2563868761062622,1.8980213403701782,1.68107271194458,0.142037034034729,2.9790239334106445,23.325111389160156,1258.8953528489374,1.4822748011536122e-05
17110,1.239917516708374,1.9288052320480347,1.4093390703201294,0.16573742032051086,1.806752324104309,23.101961135864258,1258.89396276131,1.4790147071283109e-05
17120,1.1944712400436401,1.8987927436828613,1.3983023166656494,0.11899112164974213,1.850579023361206,23.696516036987305,1258.8925902107776,1.4757650497961218e-05
17130,1.1563042402267456,1.8540877103805542,1.2012892961502075,0.13340497016906738,1.924871802330017,23.387516021728516,1258.891187557762,1.4725258375917137e-05
17140,1.2649072408676147,2.001816987991333,1.3887430429458618,0.1381765604019165,2.130208969116211,23.86288833618164,1258.8898618871376,1.469297078922642e-05
17150,1.22609281539917,1.8881264925003052,1.4832924604415894,0.16589459776878357,2.531527280807495,23.419189453125,1258.8885121991323,1.4660787821693331e-05
17160,1.1025842428207397,1.6895383596420288,1.4744620323181152,0.13338534533977509,3.070692539215088,23.36443328857422,1258.8871120540903,1.4628709556850565e-05
17170,1.374043583869934,2.117901563644409,1.4705314636230469,0.16976098716259003,1.8565497398376465,23.17046546936035,1258.8857784723768,1.4596736077959044e-05
17180,1.1647361516952515,1.7967698574066162,1.4911341667175293,0.11882978677749634,2.4377899169921875,23.368040084838867,1258.884363556388,1.4564867468007751e-05
17190,1.1802208423614502,1.7129663228988647,1.7968333959579468,0.12260337918996811,1.9029881954193115,23.213613510131836,1258.883028081121,1.4533103809713427e-05
17200,1.1172964572906494,1.7633507251739502,1.3851038217544556,0.12597787380218506,2.185840129852295,23.334686279296875,1258.8816443998226,1.4501445185520459e-05
17210,1.2151917219161987,1.8328670263290405,1.6895763874053955,0.13153527677059174,1.9786778688430786,23.5201473236084,1258.8802003253477,1.4469891677600564e-05
17220,1.1151388883590698,1.7180598974227905,1.4444186687469482,0.14568005502223969,2.58306622505188,23.289169311523438,1258.878803241604,1.4438443367852645e-05
17230,1.2881931066513062,1.9485982656478882,1.6458039283752441,0.14945083856582642,2.016139268875122,23.378376007080078,1258.8775193653748,1.4407100337902557e-05
17240,1.2136025428771973,1.9512243270874023,1.3104349374771118,0.13699202239513397,1.8270583152770996,23.267242431640625,1258.8761045309352,1.4375862669102903e-05
17250,1.2352427244186401,1.8338464498519897,1.672585368156433,0.13817934691905975,3.0440995693206787,23.121231079101562,1258.874716891867,1.4344730442532806e-05
17260,1.2218973636627197,1.8757795095443726,1.590307354927063,0.125984787940979,1.9943435192108154,23.435775756835938,1258.8733522450157,1.4313703738997691e-05
17270,1.1921709775924683,1.8108371496200562,1.591044306755066,0.13956837356090546,2.3599658012390137,23.285531997680664,1258.8719748242368,1.428278263902913e-05
17280,1.2340574264526367,1.8538787364959717,1.5521457195281982,0.14575326442718506,2.036292552947998,23.479001998901367,1258.8706086951713,1.4251967222884551e-05
17290,1.127212405204773,1.6770548820495605,1.5901110172271729,0.14895857870578766,2.5015382766723633,23.46493148803711,1258.8692828363887,1.4221257570547117e-05
17300,1.3277596235275269,2.0401840209960938,1.5733357667922974,0.14795377850532532,2.560971736907959,23.29825782775879,1258.8679863589716,1.4190653761725458e-05
17310,1.2637325525283813,1.9478986263275146,1.5952311754226685,0.13368920981884003,2.1984682083129883,23.08793067932129,1258.8665204178662,1.4160155875853464e-05
17320,1.1658687591552734,1.8135302066802979,1.5070656538009644,0.1345907598733902,2.200925350189209,23.29243278503418,1258.8651964458084,1.412976399209011e-05
17330,1.2492730617523193,1.928848385810852,1.6125562191009521,0.12742894887924194,2.0935745239257812,23.258785247802734,1258.863849748425,1.4099478189319254e-05
17340,1.2411059141159058,1.8840854167938232,1.5491141080856323,0.15406501293182373,1.9693742990493774,23.393396377563477,1258.8624018890614,1.4069298546149374e-05
17350,1.267818570137024,1.9826644659042358,1.4331001043319702,0.15073780715465546,2.378671407699585,23.50967025756836,1258.8610547219973,1.4039225140913446e-05
17360,1.2637659311294556,1.9338188171386719,1.7309832572937012,0.11550559848546982,4.030636310577393,23.352027893066406,1258.859647046344,1.4009258051668681e-05
17370,1.3403443098068237,2.0948636531829834,1.5241165161132812,0.1418510377407074,3.4957683086395264,23.171979904174805,1258.8582662793742,1.3979397356196328e-05
17380,1.2649502754211426,2.0515544414520264,1.0867611169815063,0.14271633327007294,2.7241644859313965,23.719837188720703,1258.8568600358565,1.3949643132001512e-05
17390,1.1000224351882935,1.6821612119674683,1.5231889486312866,0.1407727599143982,2.131247043609619,23.46636962890625,1258.8555399419458,1.3919995456312986e-05
17400,1.3781553506851196,2.1306233406066895,1.4924224615097046,0.13502122461795807,2.389918804168701,23.89687728881836,1258.854167138454,1.389045440608296e-05
17410,1.2496427297592163,1.949527382850647,1.5301997661590576,0.13190791010856628,2.315988063812256,23.859479904174805,1258.8527659067975,1.3861020057986893e-05
17420,1.2039265632629395,1.912744164466858,1.3630754947662354,0.11289617419242859,2.074357509613037,23.524147033691406,1258.8512971060766,1.3831692488423283e-05
17430,1.2690086364746094,1.9264835119247437,1.6441822052001953,0.1259421855211258,2.1637229919433594,23.771484375,1258.8498456126738,1.3802471773513479e-05
17440,1.1961801052093506,1.8394050598144531,1.5591808557510376,0.13103802502155304,2.5526933670043945,23.43523406982422,1258.8484828970952,1.3773357989101501e-05
17450,1.260684847831726,1.9962748289108276,1.4568753242492676,0.1274249255657196,2.4878463745117188,23.80537223815918,1258.8471995652203,1.3744351210753792e-05
17460,1.1918052434921265,1.8285412788391113,1.5516881942749023,0.13390560448169708,3.0371100902557373,23.409807205200195,1258.845803804658,1.3715451513759095e-05
17470,1.2455940246582031,1.929711937904358,1.5478034019470215,0.13632440567016602,2.7161295413970947,23.46724510192871,1258.844514680848,1.3686658973128183e-05
17480,1.2769724130630493,1.9867995977401733,1.5599013566970825,0.13506431877613068,2.357003927230835,23.60997772216797,1258.8431024981296,1.365797366359371e-05
17490,1.3776202201843262,2.1251637935638428,1.568253517150879,0.14631535112857819,2.534080743789673,23.615060806274414,1258.8418172286447,1.362939565961002e-05
17500,1.2610560655593872,1.9494049549102783,1.4227315187454224,0.13996024429798126,3.038818597793579,23.457763671875,1258.8403641492919,1.3600925035352913e-05
17510,1.2278279066085815,1.9214485883712769,1.4576352834701538,0.12269849330186844,3.932755947113037,23.464109420776367,1258.8389379762136,1.3572561864719496e-05
17520,1.3370425701141357,2.0424299240112305,1.6322582960128784,0.12451969087123871,2.0874390602111816,23.53921127319336,1258.8375347485626,1.3544306221327988e-05
17530,1.059195637702942,1.626111626625061,1.4400321245193481,0.13779929280281067,1.7635267972946167,23.281953811645508,1258.836099352418,1.3516158178517482e-05
17540,1.2267554998397827,1.896628737449646,1.4481327533721924,0.14293484389781952,1.7744113206863403,23.223520278930664,1258.8347154151254,1.3488117809347798e-05
17550,1.3020076751708984,1.979472279548645,1.579505443572998,0.167160302400589,2.3629226684570312,23.254053115844727,1258.8333281541181,1.3460185186599306e-05
17560,1.2874195575714111,2.013591766357422,1.5028507709503174,0.1411987692117691,2.5090301036834717,23.194982528686523,1258.8319297732855,1.3432360382772677e-05
17570,1.1612005233764648,1.7506966590881348,1.5737608671188354,0.14068995416164398,2.869095802307129,23.432252883911133,1258.8305297210609,1.3404643470088774e-05
17580,1.2179970741271973,1.8279786109924316,1.6318045854568481,0.15258489549160004,2.0464816093444824,23.246231079101562,1258.8290463652706,1.3377034520488386e-05
17590,1.3059897422790527,2.0412776470184326,1.4042649269104004,0.1596110612154007,1.796250581741333,23.181026458740234,1258.8276226441321,1.334953360563209e-05
17600,1.2209795713424683,1.8741035461425781,1.5929442644119263,0.13210012018680573,2.378544330596924,23.286291122436523,1258.8261914437628,1.3322140796900066e-05
17610,1.2150448560714722,1.8653241395950317,1.5591144561767578,0.13859815895557404,2.3143091201782227,23.26380729675293,1258.8248124000552,1.3294856165391872e-05
17620,1.095037579536438,1.7111444473266602,1.4050827026367188,0.11763304471969604,1.7641724348068237,23.307174682617188,1258.8233835583285,1.3267679781926311e-05
17630,1.297407627105713,1.9992797374725342,1.5084877014160156,0.1224340870976448,2.367988348007202,23.277212142944336,1258.8219613938948,1.3240611717041215e-05
17640,1.3026520013809204,2.0002002716064453,1.6171891689300537,0.14369210600852966,2.256983518600464,23.139175415039062,1258.8205718036259,1.3213652040993266e-05
17650,1.2386260032653809,1.8416234254837036,1.705814242362976,0.12342678010463715,2.705202579498291,23.667892456054688,1258.819205545598,1.3186800823757809e-05
17660,1.2422281503677368,1.8939262628555298,1.7163488864898682,0.12277889251708984,2.9532251358032227,23.83299446105957,1258.817798109722,1.3160058135028691e-05
17670,1.2332837581634521,1.9122370481491089,1.419793963432312,0.1399238407611847,1.8273415565490723,23.2410945892334,1258.8164486444612,1.3133424044218057e-05
17680,1.1356773376464844,1.8109838962554932,1.2516114711761475,0.11693152040243149,1.8953022956848145,23.703866958618164,1258.8151052454277,1.3106898620456199e-05
17690,1.2339069843292236,1.8322449922561646,1.6697582006454468,0.1588173806667328,2.300081729888916,23.657941818237305,1258.8137105335343,1.3080481932591335e-05
17700,1.2802770137786865,1.9685934782028198,1.5423263311386108,0.14630566537380219,2.4392223358154297,23.098581314086914,1258.8124500499514,1.3054174049189455e-05
17710,1.323964238166809,2.0020601749420166,1.6762897968292236,0.14148320257663727,1.9298893213272095,23.355484008789062,1258.8109866701454,1.302797503853416e-05
17720,1.2218552827835083,1.8974443674087524,1.4701578617095947,0.13693088293075562,1.8343093395233154,23.341533660888672,1258.8096430540077,1.3001884968626437e-05
17730,1.2610743045806885,1.8812482357025146,1.6456621885299683,0.157587468624115,2.834859609603882,23.714601516723633,1258.8081866156692,1.2975903907184545e-05
17740,1.1421188116073608,1.8361350297927856,1.1503283977508545,0.15332728624343872,2.2386929988861084,23.698591232299805,1258.8067735974587,1.2950031921643785e-05
17750,1.0637643337249756,1.719298005104065,1.2325892448425293,0.11328552663326263,2.148003578186035,23.554702758789062,1258.8053418888032,1.292426907915634e-05
17760,1.3657764196395874,2.020569324493408,1.691834807395935,0.14975178241729736,1.9126845598220825,23.45348358154297,1258.8039408321533,1.2898615446591111e-05
17770,1.1686221361160278,1.8800623416900635,1.155248761177063,0.13498610258102417,2.060579538345337,22.942922592163086,1258.8025528688217,1.287307109053356e-05
17780,1.3341236114501953,2.11409592628479,1.3753541707992554,0.13956990838050842,2.052581787109375,22.986621856689453,1258.8012449632797,1.284763607728548e-05
17790,1.221430778503418,1.842050313949585,1.5972739458084106,0.12793675065040588,3.0261316299438477,23.461688995361328,1258.7999125933086,1.2822310472864884e-05
17800,1.1572777032852173,1.7121715545654297,1.7258621454238892,0.12512437999248505,2.2819721698760986,24.026527404785156,1258.7985452147639,1.2797094343005807e-05
17810,1.274863362312317,1.9206806421279907,1.6512079238891602,0.14947551488876343,1.9937125444412231,23.691951751708984,1258.7971348115614,1.277198775315811e-05
17820,1.2564347982406616,1.8674997091293335,1.7188464403152466,0.14056836068630219,2.3381712436676025,23.554031372070312,1258.7956986319068,1.2746990768487376e-05
17830,1.2376716136932373,1.8780510425567627,1.5702927112579346,0.14900265634059906,2.2328381538391113,23.277536392211914,1258.794331083278,1.2722103453874671e-05
17840,1.3007266521453857,2.0510752201080322,1.4791617393493652,0.15713386237621307,2.3651552200317383,23.427343368530273,1258.7929355275246,1.2697325873916416e-05
17850,1.260695219039917,1.9224063158035278,1.5617693662643433,0.14643771946430206,3.2249417304992676,23.479419708251953,1258.7915424943599,1.267265809292423e-05
17860,1.196550965309143,1.8698045015335083,1.4763914346694946,0.1181403324007988,1.8399901390075684,23.146541595458984,1258.790150684096,1.2648100174924704e-05
17870,1.3602241277694702,2.1281704902648926,1.6034544706344604,0.14824660122394562,2.694366455078125,23.531003952026367,1258.7887310123244,1.2623652183659296e-05
17880,1.13179349899292,1.7829909324645996,1.4064866304397583,0.1383732408285141,2.947977304458618,23.50410270690918,1258.7872877242596,1.2599314182584152e-05
17890,1.2530641555786133,1.9256808757781982,1.501649260520935,0.1399528980255127,2.321521759033203,23.651447296142578,1258.7858694975043,1.2575086234869904e-05
17900,1.225860834121704,1.8565757274627686,1.5363044738769531,0.14897166192531586,2.290558338165283,23.55830192565918,1258.7844858081694,1.2550968403401558e-05
17910,1.1426854133605957,1.8453396558761597,1.3509759902954102,0.12117627263069153,2.279644250869751,23.234739303588867,1258.7830407394656,1.2526960750778311e-05
17920,1.1437292098999023,1.7426944971084595,1.551619291305542,0.12763503193855286,1.9204859733581543,23.435476303100586,1258.7816991580441,1.2503063339313356e-05
17930,1.3209929466247559,1.976937174797058,1.6793235540390015,0.14282363653182983,2.5439224243164062,23.21893882751465,1258.7803109156146,1.2479276231033771e-05
17940,1.2098212242126465,1.8608330488204956,1.596596121788025,0.1199522539973259,2.0148885250091553,23.502708435058594,1258.7789836258266,1.245559948768034e-05
17950,1.188582420349121,1.8124151229858398,1.5023146867752075,0.1545492708683014,2.3777120113372803,23.267438888549805,1258.777579875218,1.2432033170707367e-05
17960,1.1213561296463013,1.7574118375778198,1.4660263061523438,0.1196536272764206,2.5637855529785156,23.61539649963379,1258.776182972939,1.2408577341282562e-05
17970,1.2655662298202515,1.9579888582229614,1.5271632671356201,0.13713084161281586,3.2580268383026123,23.508405685424805,1258.7747952124485,1.2385232060286844e-05
17980,1.2604315280914307,1.9288780689239502,1.4931144714355469,0.1354718953371048,2.21960186958313,23.273128509521484,1258.7733968726,1.2361997388314196e-05
17990,1.2201077938079834,1.954695463180542,1.358081579208374,0.11657579243183136,3.804717779159546,23.110671997070312,1258.7720337082558,1.2338873385671515e-05
18000,1.1897730827331543,1.8143229484558105,1.607487440109253,0.12909747660160065,2.108259916305542,23.451337814331055,1258.7705932398644,1.2315860112378455e-05
18010,1.2271257638931274,1.9138455390930176,1.5568183660507202,0.1453101933002472,1.8785291910171509,23.557825088500977,1258.7692105344984,1.2292957628167248e-05
18020,1.1343615055084229,1.778738260269165,1.4997621774673462,0.11084415763616562,3.655951499938965,23.568164825439453,1258.767826983962,1.22701659924826e-05
18030,1.131367564201355,1.7379200458526611,1.4400273561477661,0.15152569115161896,1.5269452333450317,23.383752822875977,1258.7664170287226,1.224748526448145e-05
18040,1.1156833171844482,1.7141920328140259,1.4424725770950317,0.1499931812286377,2.070326089859009,23.71489906311035,1258.7650038447998,1.2224915503032916e-05
18050,1.2339931726455688,1.907341718673706,1.435921549797058,0.1575784832239151,1.4350557327270508,23.444477081298828,1258.7636208625768,1.2202456766718093e-05
18060,1.3103395700454712,1.976563811302185,1.7044634819030762,0.1293235421180725,2.754179000854492,23.57776641845703,1258.7622342974812,1.2180109113829871e-05
18070,1.267208218574524,1.8882118463516235,1.7113687992095947,0.13265810906887054,2.53330397605896,23.5611515045166,1258.7607507865862,1.2157872602372858e-05
18080,1.1445854902267456,1.7132484912872314,1.6072032451629639,0.1278562694787979,2.0393524169921875,23.506494522094727,1258.7592967582618,1.2135747290063155e-05
18090,1.294189453125,1.9852110147476196,1.497346043586731,0.14909541606903076,1.8099257946014404,23.71385955810547,1258.757934884971,1.2113733234328249e-05
18100,1.227419376373291,2.0938446521759033,1.0274680852890015,0.11738873273134232,2.0735621452331543,23.4676570892334,1258.756531283914,1.209183049230687e-05
18110,1.3495959043502808,2.0235061645507812,1.6655259132385254,0.15757757425308228,1.946260690689087,23.45836639404297,1258.755116850325,1.2070039120848802e-05
18120,1.229680061340332,1.9133225679397583,1.515405297279358,0.15714456140995026,3.9439144134521484,23.868165969848633,1258.7536359153348,1.2048359176514784e-05
18130,1.293351411819458,1.969179391860962,1.661420464515686,0.13199535012245178,1.9267995357513428,23.38303565979004,1258.7523239349841,1.202679071557634e-05
18140,1.3445088863372803,2.0526504516601562,1.5813037157058716,0.15020912885665894,2.2222788333892822,22.944225311279297,1258.7509668232478,1.200533379401559e-05
18150,1.230686902999878,1.8868154287338257,1.5437475442886353,0.14026868343353271,1.8310078382492065,23.894561767578125,1258.7495913547205,1.1983988467525193e-05
18160,1.3295471668243408,2.0343668460845947,1.519415259361267,0.16027143597602844,2.9823412895202637,23.411344528198242,1258.748215115574,1.1962754791508155e-05
18170,1.2499134540557861,1.9312323331832886,1.4275866746902466,0.1549483835697174,2.2141737937927246,23.86331558227539,1258.746845371707,1.1941632821077657e-05
18180,1.2976782321929932,2.050755262374878,1.391406536102295,0.14406216144561768,2.8330416679382324,23.344406127929688,1258.7454158028459,1.1920622611056975e-05
18190,1.163877010345459,1.8580718040466309,1.4981870651245117,0.11067695915699005,2.410090208053589,23.844446182250977,1258.7439701684793,1.1899724215979278e-05
18200,1.1102768182754517,1.7961878776550293,1.2223584651947021,0.12635362148284912,1.5617008209228516,23.883731842041016,1258.742582470197,1.1878937690087522e-05
18210,1.1906249523162842,1.888863205909729,1.432676911354065,0.12873810529708862,2.651028871536255,23.659696578979492,1258.7411758062299,1.1858263087334311e-05
18220,1.20063316822052,1.789941668510437,1.6129406690597534,0.153371661901474,1.600928783416748,23.638927459716797,1258.7397495766706,1.1837700461381728e-05
18230,1.2485233545303345,1.8265380859375,1.7102320194244385,0.1375723034143448,2.599881172180176,23.335487365722656,1258.738315539323,1.1817249865601234e-05
18240,1.1425398588180542,1.7290542125701904,1.5465437173843384,0.13407772779464722,3.3062634468078613,23.715959548950195,1258.7369082535322,1.1796911353073494e-05
18250,1.2188788652420044,1.8637343645095825,1.6329575777053833,0.13460755348205566,3.9137933254241943,23.903093338012695,1258.7356013131903,1.177668497658825e-05
18260,1.1710960865020752,1.7790149450302124,1.5955195426940918,0.12913915514945984,1.963823914527893,23.607152938842773,1258.7341732091274,1.1756570788644208e-05
18270,1.1735057830810547,1.9180530309677124,1.274229884147644,0.13476859033107758,1.9124424457550049,23.364307403564453,1258.7327189098016,1.1736568841448872e-05
18280,1.2173824310302734,1.8565728664398193,1.5531530380249023,0.13546495139598846,2.105311155319214,23.721630096435547,1258.7313676987733,1.1716679186918418e-05
18290,1.153201699256897,1.7451387643814087,1.6303623914718628,0.11758073419332504,3.102565050125122,23.245073318481445,1258.7299959245108,1.169690187667756e-05
18300,1.1877368688583374,1.8711202144622803,1.4055497646331787,0.12753470242023468,2.2793848514556885,24.008102416992188,1258.7286069692138,1.1677236962059421e-05
18310,1.1972730159759521,1.8157578706741333,1.5940258502960205,0.12654010951519012,2.074991226196289,23.552244186401367,1258.7271700659526,1.1657684494105387e-05
18320,1.3083771467208862,2.029773712158203,1.4878406524658203,0.14499132335186005,1.5422797203063965,23.57432746887207,1258.7258627571896,1.1638244523564987e-05
18330,1.150433897972107,1.7795560359954834,1.4504690170288086,0.11775752156972885,1.7097796201705933,23.443008422851562,1258.7244893375396,1.161891710089575e-05
18340,1.3362776041030884,2.035256862640381,1.5478746891021729,0.13230162858963013,1.9145153760910034,23.618690490722656,1258.723069631559,1.1599702276263103e-05
18350,1.262027621269226,1.8755741119384766,1.6789298057556152,0.1414414644241333,1.8582957983016968,23.505393981933594,1258.721577275556,1.158060009954019e-05
18360,1.1659013032913208,1.752573847770691,1.6290887594223022,0.13572953641414642,2.3321666717529297,23.800718307495117,1258.7201718138203,1.1561610620307784e-05
18370,1.2839655876159668,1.9840067625045776,1.5924495458602905,0.13252002000808716,2.0954461097717285,23.580955505371094,1258.7187529798634,1.1542733887854142e-05
18380,1.351664423942566,2.077204465866089,1.6242775917053223,0.1489001214504242,2.3125991821289062,23.48561668395996,1258.7173574415756,1.1523969951174896e-05
18390,1.1801486015319824,1.8457837104797363,1.4809168577194214,0.12019194662570953,2.173508405685425,23.54094123840332,1258.7159508595769,1.1505318858972884e-05
18400,1.2812303304672241,1.8963596820831299,1.8239904642105103,0.14002244174480438,1.777883768081665,23.453136444091797,1258.7144997790474,1.148678065965807e-05
18410,1.2166444063186646,1.8141651153564453,1.6967824697494507,0.12540148198604584,2.788545846939087,23.326494216918945,1258.7130785861027,1.1468355401347392e-05
18420,1.1845309734344482,1.7459195852279663,1.77553391456604,0.1361246109008789,2.157418966293335,23.597944259643555,1258.7116394488505,1.1450043131864632e-05
18430,1.2033143043518066,1.784658670425415,1.6324234008789062,0.14910641312599182,2.0083742141723633,22.927106857299805,1258.7101541245086,1.1431843898740326e-05
18440,1.2153462171554565,1.8303706645965576,1.729701280593872,0.12471990287303925,2.4091148376464844,23.530244827270508,1258.7087988108385,1.1413757749211602e-05
18450,1.258878469467163,1.8498435020446777,1.626857876777649,0.1621372103691101,2.0656206607818604,23.941017150878906,1258.7074487557757,1.1395784730222076e-05
18460,1.2515848875045776,1.887262225151062,1.5908124446868896,0.17709662020206451,2.3970539569854736,23.315170288085938,1258.7060551817256,1.1377924888421729e-05
18470,1.2358707189559937,1.9181843996047974,1.5510073900222778,0.13869278132915497,2.201648712158203,23.36079216003418,1258.7046535542142,1.1360178270166778e-05
18480,1.230517029762268,1.9223917722702026,1.4588278532028198,0.13230283558368683,2.540018320083618,23.9737491607666,1258.7032901378968,1.1342544921519567e-05
18490,1.2150169610977173,1.8273879289627075,1.6067118644714355,0.13336549699306488,2.4804646968841553,23.453943252563477,1258.7019192461441,1.1325024888248456e-05
18500,1.1960612535476685,1.871543049812317,1.4653383493423462,0.13160648941993713,2.462578535079956,23.79704475402832,1258.7005615256244,1.130761821582766e-05
18510,1.3519947528839111,2.103361129760742,1.5971628427505493,0.1374528408050537,1.8141640424728394,23.436750411987305,1258.6991062575014,1.1290324949437182e-05
18520,1.0756677389144897,1.6254045963287354,1.5391415357589722,0.13036489486694336,2.8294496536254883,23.734756469726562,1258.6976759700253,1.127314513396267e-05
18530,1.2482095956802368,1.8955971002578735,1.5525966882705688,0.17810668051242828,2.6939351558685303,23.596338272094727,1258.6963068158284,1.1256078813995285e-05
18540,1.1849119663238525,1.8183038234710693,1.4308183193206787,0.1368347555398941,1.8291646242141724,23.642118453979492,1258.6948707534527,1.1239126033831631e-05
18550,1.2321457862854004,1.9599583148956299,1.285966157913208,0.13677406311035156,2.7392778396606445,23.868316650390625,1258.6935086115743,1.1222286837473602e-05
18560,1.1962707042694092,1.8916895389556885,1.3898189067840576,0.12554052472114563,1.6335580348968506,23.42348861694336,1258.6921707318475,1.120556126862827e-05
18570,1.2232048511505127,1.8953105211257935,1.4061381816864014,0.13819079101085663,2.318751573562622,23.7559871673584,1258.6907397256696,1.1188949370707787e-05
18580,1.2109172344207764,1.8680757284164429,1.5439997911453247,0.13074882328510284,2.0988552570343018,23.75380516052246,1258.6893700843598,1.1172451186829277e-05
18590,1.2239582538604736,1.833749771118164,1.6574894189834595,0.1312587410211563,2.521535873413086,23.623741149902344,1258.6880333664765,1.1156066759814697e-05
18600,1.132925033569336,1.7745009660720825,1.3516292572021484,0.12615619599819183,2.354231357574463,23.712188720703125,1258.6866426559907,1.113979613219075e-05
18610,1.1613361835479736,1.8256893157958984,1.2900546789169312,0.13206225633621216,2.398134231567383,23.724672317504883,1258.6852106661674,1.1123639346188755e-05
18620,1.2592542171478271,2.002565383911133,1.4915097951889038,0.1289084255695343,1.9114420413970947,23.408405303955078,1258.6838106594876,1.1107596443744568e-05
18630,1.2874901294708252,2.005460739135742,1.4270210266113281,0.14102330803871155,2.7771236896514893,23.57479476928711,1258.6824293068105,1.1091667466498436e-05
18640,1.1855913400650024,1.8566746711730957,1.4531081914901733,0.1363108605146408,2.373307704925537,23.487947463989258,1258.680959281549,1.1075852455794918e-05
18650,1.2862217426300049,2.0030477046966553,1.4798754453659058,0.15449373424053192,2.2762033939361572,23.516633987426758,1258.6795723845175,1.1060151452682756e-05
18660,1.1520969867706299,1.8067587614059448,1.3936035633087158,0.13021281361579895,2.96150279045105,23.52665901184082,1258.678105219641,1.1044564497914793e-05
18670,1.2273130416870117,1.9225025177001953,1.4965975284576416,0.14896687865257263,1.9346016645431519,23.556713104248047,1258.6766980667849,1.1029091631947846e-05
18680,1.0869523286819458,1.7157318592071533,1.3667045831680298,0.14080485701560974,2.120724678039551,23.651851654052734,1258.6752931644871,1.1013732894942596e-05
18690,0.9908413290977478,1.6079825162887573,1.1702721118927002,0.11937522888183594,1.734695315361023,23.755159378051758,1258.6738951238858,1.0998488326763526e-05
18700,1.1474248170852661,1.8162498474121094,1.4147599935531616,0.12287507951259613,1.7346819639205933,23.778156280517578,1258.6724268884611,1.0983357966978745e-05
18710,1.202835202217102,1.8176079988479614,1.608202576637268,0.13639017939567566,4.050622463226318,23.715940475463867,1258.6710153786396,1.0968341854859972e-05
18720,1.162467360496521,1.8069729804992676,1.51412034034729,0.12886448204517365,2.2006688117980957,23.47451400756836,1258.6695998790683,1.0953440029382362e-05
18730,1.1352617740631104,1.7352337837219238,1.4666483402252197,0.13030670583248138,3.065183162689209,23.701261520385742,1258.6682548048627,1.0938652529224435e-05
18740,1.2474550008773804,1.88487708568573,1.6046278476715088,0.13472527265548706,2.6729588508605957,23.7321834564209,1258.6668022341255,1.0923979392767983e-05
18750,1.0642653703689575,1.6479969024658203,1.4674525260925293,0.12801094353199005,1.7360594272613525,23.481388092041016,1258.6653931959572,1.0909420658097956e-05
18760,1.3121258020401,2.035649061203003,1.462773084640503,0.14206118881702423,2.668320894241333,23.568998336791992,1258.6639853971492,1.089497636300236e-05
18770,1.2476493120193481,1.9321435689926147,1.5217478275299072,0.15005049109458923,1.8823589086532593,23.733585357666016,1258.6626267457061,1.088064654497219e-05
18780,1.1930912733078003,1.899572730064392,1.3874576091766357,0.14180147647857666,2.2463910579681396,23.661035537719727,1258.661223145886,1.0866431241201278e-05
18790,1.1193602085113525,1.720426321029663,1.4650121927261353,0.13853001594543457,2.6030797958374023,23.879364013671875,1258.6598984566515,1.0852330488586251e-05
18800,1.2130686044692993,1.8397959470748901,1.4901779890060425,0.14512288570404053,2.162778854370117,23.836376190185547,1258.6584048226089,1.0838344323726395e-05
18810,1.2725526094436646,1.9966779947280884,1.3682739734649658,0.1374315768480301,2.344716787338257,23.444904327392578,1258.6570347448696,1.08244727829236e-05
18820,1.259726643562317,1.9291841983795166,1.5710562467575073,0.13519252836704254,2.313901662826538,23.60179901123047,1258.6555962334871,1.0810715902182216e-05
18830,1.0646308660507202,1.6631401777267456,1.4117776155471802,0.12817321717739105,2.76908802986145,23.598430633544922,1258.6542278146958,1.0797073717209014e-05
18840,1.1445224285125732,1.785854458808899,1.5066661834716797,0.12107578665018082,2.726682662963867,23.526884078979492,1258.6527333516274,1.0783546263413034e-05
18850,1.1332941055297852,1.6521886587142944,1.6883201599121094,0.1357896476984024,2.7097342014312744,23.84693717956543,1258.651374697189,1.0770133575905555e-05
18860,1.0648730993270874,1.6216964721679688,1.5396697521209717,0.12447447329759598,4.006519794464111,23.577383041381836,1258.649965258923,1.0756835689499953e-05
18870,1.151368498802185,1.7547452449798584,1.4763126373291016,0.124845489859581,2.029707431793213,23.676570892333984,1258.6485688238579,1.074365263871164e-05
18880,1.2363717555999756,1.862167477607727,1.6513899564743042,0.1376059651374817,2.4351863861083984,23.469816207885742,1258.6471737246993,1.0730584457757972e-05
18890,1.2486923933029175,1.836499571800232,1.7310739755630493,0.12730640172958374,1.9516968727111816,23.6627197265625,1258.6457377685426,1.0717631180558141e-05
18900,1.3760672807693481,2.053741216659546,1.6906672716140747,0.1381828933954239,2.1788864135742188,23.57773208618164,1258.6443597988898,1.0704792840733102e-05
18910,1.1683977842330933,1.789353609085083,1.4077056646347046,0.12941928207874298,2.1383533477783203,23.740793228149414,1258.6429817053752,1.0692069471605491e-05
18920,1.223238468170166,1.7812764644622803,1.7315949201583862,0.1314343959093094,2.3040359020233154,23.447330474853516,1258.6415509567755,1.0679461106199526e-05
18930,1.1314425468444824,1.755946397781372,1.4853155612945557,0.14329677820205688,3.5137603282928467,23.899072647094727,1258.6401780986669,1.0666967777240928e-05
18940,1.1898025274276733,1.8484138250350952,1.4809545278549194,0.12292561680078506,1.9789774417877197,24.199766159057617,1258.6388696788176,1.0654589517156835e-05
18950,1.1979023218154907,1.845260739326477,1.4056668281555176,0.15801315009593964,1.8143677711486816,23.598379135131836,1258.6374798289887,1.0642326358075715e-05
18960,1.1015589237213135,1.7177964448928833,1.4238276481628418,0.1379319131374359,2.4234652519226074,23.59180450439453,1258.636062899333,1.0630178331827282e-05
18970,1.202261209487915,1.8724009990692139,1.5063514709472656,0.17020905017852783,2.924978017807007,23.557044982910156,1258.6346525541805,1.0618145469942425e-05
18980,1.1061968803405762,1.701500654220581,1.4449903964996338,0.15514492988586426,3.7962775230407715,23.907907485961914,1258.6332413723312,1.0606227803653106e-05
18990,1.2896637916564941,1.9189449548721313,1.6064133644104004,0.14157886803150177,3.020620107650757,23.736778259277344,1258.6317810435867,1.059442536389231e-05
19000,1.1355226039886475,1.8672685623168945,1.10129714012146,0.12408534437417984,1.9588521718978882,23.6093807220459,1258.630426737886,1.0582738181293923e-05
19010,1.1968804597854614,1.7825889587402344,1.6057125329971313,0.1445566564798355,1.8370176553726196,23.78636360168457,1258.6290037652645,1.0571166286192685e-05
19020,1.2352349758148193,1.9545087814331055,1.3361485004425049,0.14405660331249237,2.095240831375122,23.71268653869629,1258.6275892407643,1.05597097086241e-05
19030,1.3030853271484375,1.9596693515777588,1.7043569087982178,0.13459476828575134,2.5699820518493652,23.489946365356445,1258.6261773984543,1.0548368478324357e-05
19040,1.1620429754257202,1.779578447341919,1.4125453233718872,0.12079843878746033,1.5287224054336548,23.59868812561035,1258.624747851319,1.0537142624730258e-05
19050,1.3496774435043335,2.0225934982299805,1.573102355003357,0.16916915774345398,1.7619823217391968,23.73598861694336,1258.623336875004,1.0526032176979137e-05
19060,1.1112406253814697,1.7245757579803467,1.5085928440093994,0.11696616560220718,1.9151122570037842,23.664369583129883,1258.6219383643001,1.0515037163908778e-05
19070,1.2890135049819946,1.9987581968307495,1.5954183340072632,0.12682074308395386,2.4169275760650635,23.732250213623047,1258.6205737182283,1.0504157614057366e-05
19080,1.2806107997894287,1.9090224504470825,1.6397135257720947,0.15627028048038483,2.3357994556427,23.678958892822266,1258.6191758222653,1.0493393555663376e-05
19090,1.2768527269363403,1.8922815322875977,1.6508619785308838,0.16425581276416779,2.0902836322784424,23.810470581054688,1258.6177469901345,1.0482745016665526e-05
19100,1.2558252811431885,1.9266613721847534,1.4968253374099731,0.14437167346477509,1.9812915325164795,23.582569122314453,1258.6163387322276,1.04722120247027e-05
19110,1.204422116279602,1.912386417388916,1.346168041229248,0.11171816289424896,1.946396827697754,23.788951873779297,1258.6149425267545,1.046179460711387e-05
19120,1.23676598072052,1.8913164138793945,1.522518277168274,0.1481371819972992,2.21101975440979,24.022794723510742,1258.613555751333,1.0451492790938029e-05
19130,1.176663875579834,1.8043668270111084,1.4498568773269653,0.1232185885310173,2.1033596992492676,23.918739318847656,1258.6121550736748,1.0441306602914116e-05
19140,1.2583523988723755,1.9375085830688477,1.5350935459136963,0.14891712367534637,2.32346773147583,24.014257431030273,1258.6108358728993,1.0431236069480955e-05
19150,1.127518892288208,1.7322793006896973,1.5661218166351318,0.11065784096717834,1.868085265159607,23.7261962890625,1258.6094115862015,1.0421281216777182e-05
19160,1.366843342781067,2.1176464557647705,1.3578461408615112,0.1557244062423706,1.9793987274169922,23.628734588623047,1258.6080133136281,1.0411442070641179e-05
19170,1.20437753200531,1.8897186517715454,1.4698337316513062,0.1408519446849823,2.5116214752197266,23.422508239746094,1258.6065728034582,1.0401718656610991e-05
19180,1.2784212827682495,1.9069418907165527,1.6725897789001465,0.1359792798757553,1.5857800245285034,23.646635055541992,1258.6051536034781,1.0392110999924299e-05
19190,1.3066478967666626,2.0152499675750732,1.593387246131897,0.1344016045331955,2.474984884262085,23.88807487487793,1258.6038005526852,1.0382619125518309e-05
19200,1.2116003036499023,1.8231199979782104,1.649579644203186,0.13317783176898956,3.196073055267334,23.945287704467773,1258.6024551894602,1.0373243058029709e-05
19210,1.283154010772705,1.997185468673706,1.3125816583633423,0.14956168830394745,3.0567524433135986,24.086490631103516,1258.601055014173,1.036398282179462e-05
19220,1.259817123413086,1.8854124546051025,1.723962426185608,0.13896991312503815,2.2067949771881104,24.21565055847168,1258.5996378863501,1.0354838440848503e-05
19230,1.4201812744140625,2.195673942565918,1.6457064151763916,0.1364040970802307,2.864187479019165,23.879682540893555,1258.598287887234,1.03458099389261e-05
19240,1.2428399324417114,1.8718594312667847,1.5811024904251099,0.16316184401512146,5.110337257385254,23.98780632019043,1258.5968913112486,1.0336897339461406e-05
19250,1.1919540166854858,1.8165762424468994,1.600136160850525,0.11350264400243759,2.633394241333008,23.901185989379883,1258.595491343044,1.0328100665587574e-05
19260,1.3328603506088257,2.0784337520599365,1.4337979555130005,0.14126445353031158,2.9674160480499268,23.45355987548828,1258.5940712213544,1.0319419940136857e-05
19270,1.247881293296814,1.857338547706604,1.7039122581481934,0.13399815559387207,2.669893503189087,23.870342254638672,1258.5927048385174,1.031085518564057e-05
19280,1.1944541931152344,1.8398346900939941,1.5505937337875366,0.13300111889839172,2.167302131652832,23.871213912963867,1258.5912642271535,1.0302406424329017e-05
19290,1.1147490739822388,1.7184908390045166,1.4776772260665894,0.13459992408752441,2.060213088989258,24.044906616210938,1258.589904401742,1.029407367813143e-05
19300,1.1914201974868774,1.876937985420227,1.4175149202346802,0.1421438753604889,2.530986785888672,23.585649490356445,1258.5884997784538,1.0285856968675917e-05
19310,1.1602299213409424,1.7676416635513306,1.4292337894439697,0.14945240318775177,2.1343448162078857,23.53830909729004,1258.5871928303443,1.0277756317289407e-05
19320,1.190656304359436,1.8645986318588257,1.4232627153396606,0.12150151282548904,2.3754661083221436,23.990432739257812,1258.5857584339403,1.0269771744997607e-05
19330,1.1789851188659668,1.7694915533065796,1.5816361904144287,0.1342155635356903,1.8063044548034668,23.995765686035156,1258.5843394494516,1.0261903272524915e-05
19340,1.223585844039917,1.8919674158096313,1.5288877487182617,0.13470201194286346,3.027017593383789,23.733915328979492,1258.5829120282774,1.0254150920294388e-05
19350,1.2387604713439941,1.9653518199920654,1.3658696413040161,0.12417647987604141,2.40960955619812,23.965993881225586,1258.5815326241875,1.0246514708427702e-05
19360,1.2732101678848267,1.9603917598724365,1.4674246311187744,0.16333921253681183,2.8517749309539795,23.602813720703125,1258.580087971242,1.0238994656745064e-05
19370,1.133290410041809,1.748396635055542,1.4681508541107178,0.12998022139072418,2.194518566131592,23.83026695251465,1258.5787209031478,1.0231590784765199e-05
19380,1.1485952138900757,1.7656197547912598,1.4144893884658813,0.11941154301166534,2.601195812225342,23.491647720336914,1258.5771879343768,1.022430311170527e-05
19390,1.3348928689956665,2.0181260108947754,1.6513068675994873,0.1447010338306427,2.027484178543091,23.612890243530273,1258.5757888464723,1.0217131656480831e-05
19400,1.0945143699645996,1.7681128978729248,1.2451893091201782,0.13924448192119598,1.8744715452194214,23.61552619934082,1258.5743588943933,1.0210076437705812e-05
19410,1.1617932319641113,1.7796460390090942,1.5494258403778076,0.11889929324388504,1.7636059522628784,24.02652931213379,1258.5729041354623,1.0203137473692422e-05
19420,1.26755952835083,1.925225853919983,1.6097692251205444,0.14064981043338776,2.2535388469696045,24.437002182006836,1258.5715626458953,1.0196314782451136e-05
19430,1.212385654449463,1.9375731945037842,1.2853338718414307,0.11923526972532272,2.513737440109253,23.46068572998047,1258.5700708381949,1.0189608381690625e-05
19440,1.2026125192642212,1.8601150512695312,1.6038992404937744,0.12505698204040527,1.9810550212860107,23.426055908203125,1258.5686648010887,1.0183018288817737e-05
19450,1.2328232526779175,1.877488136291504,1.628329873085022,0.13097664713859558,3.0192723274230957,23.903409957885742,1258.5672451028886,1.017654452093742e-05
19460,1.2143172025680542,1.9167970418930054,1.3083527088165283,0.13252276182174683,1.7757922410964966,23.399675369262695,1258.5658768931855,1.017018709485271e-05
19470,1.1192198991775513,1.776212453842163,1.4208906888961792,0.12860122323036194,2.1966748237609863,23.360828399658203,1258.5645146143443,1.0163946027064654e-05
19480,1.2102434635162354,1.8715434074401855,1.534193515777588,0.12600253522396088,1.6560500860214233,23.777009963989258,1258.5630609737714,1.0157821333772305e-05
19490,1.2204442024230957,1.937335729598999,1.2578407526016235,0.13843940198421478,1.9827889204025269,23.993999481201172,1258.5616725654259,1.0151813030872642e-05
19500,1.3379944562911987,2.0386109352111816,1.6916875839233398,0.16687989234924316,2.335298538208008,23.34222412109375,1258.5602548150962,1.0145921133960554e-05
19510,1.3410680294036865,2.048129081726074,1.660206913948059,0.1634199619293213,2.5940568447113037,23.912174224853516,1258.5588401539685,1.0140145658328787e-05
19520,1.2577483654022217,1.9264672994613647,1.5257067680358887,0.15907736122608185,2.9368374347686768,23.841821670532227,1258.5573471040866,1.0134486618967916e-05
19530,1.115211844444275,1.7646008729934692,1.4333386421203613,0.12332978844642639,2.241870164871216,23.56847381591797,1258.556026131594,1.012894403056629e-05
19540,1.1503009796142578,1.8095998764038086,1.3195736408233643,0.1346859335899353,1.5609185695648193,24.095338821411133,1258.5545855001135,1.0123517907510021e-05
19550,1.256532907485962,1.8970249891281128,1.5990687608718872,0.14437004923820496,2.582007646560669,23.498291015625,1258.5532272521768,1.0118208263882904e-05
19560,1.1376206874847412,1.744332194328308,1.5116493701934814,0.12644053995609283,1.8565723896026611,23.500957489013672,1258.5517447318468,1.0113015113466415e-05
19570,1.3799726963043213,2.0435898303985596,1.695298671722412,0.15624216198921204,2.5634825229644775,23.941865921020508,1258.5503157717594,1.0107938469739682e-05
19580,1.229671835899353,1.8222723007202148,1.656958818435669,0.14773638546466827,2.045825242996216,23.5694637298584,1258.5490042600272,1.0102978345879405e-05
19590,1.2119907140731812,1.8695768117904663,1.54607355594635,0.13276329636573792,2.2908942699432373,24.11692237854004,1258.5476673285814,1.0098134754759875e-05
19600,1.1888712644577026,1.8203284740447998,1.5935598611831665,0.13669241964817047,2.216872453689575,23.588468551635742,1258.5462175469474,1.0093407708952894e-05
19610,1.220660924911499,1.8762098550796509,1.5658316612243652,0.12651602923870087,4.131162166595459,23.57268524169922,1258.5448652638906,1.008879722072778e-05
19620,1.1759817600250244,1.7696806192398071,1.687147855758667,0.1287073791027069,2.2784616947174072,23.389724731445312,1258.5434395917982,1.0084303302051316e-05
19630,1.207744836807251,1.9125914573669434,1.4179847240447998,0.12161516398191452,2.543248414993286,24.426816940307617,1258.5420967716484,1.0079925964587718e-05
19640,1.2953990697860718,1.8557615280151367,1.926451563835144,0.14195199310779572,2.030071973800659,23.94657325744629,1258.5406678391175,1.0075665219698608e-05
19650,1.1037572622299194,1.7310867309570312,1.482013463973999,0.13372047245502472,3.8498477935791016,23.454574584960938,1258.539181897118,1.0071521078443e-05
19660,1.1516762971878052,1.8097692728042603,1.433151125907898,0.12901991605758667,2.048628091812134,23.820043563842773,1258.5377339831712,1.0067493551577232e-05
19670,1.146898865699768,1.7956383228302002,1.3419666290283203,0.1355106234550476,2.1917614936828613,23.802820205688477,1258.536329868239,1.0063582649554983e-05
19680,1.2097257375717163,1.770613431930542,1.7832235097885132,0.1205059289932251,2.099557399749756,23.948448181152344,1258.5348219703455,1.0059788382527215e-05
19690,1.2124528884887695,1.8845198154449463,1.4051746129989624,0.13123498857021332,3.0933408737182617,23.533611297607422,1258.5334458214013,1.0056110760342167e-05
19700,1.3407151699066162,2.016880989074707,1.5853986740112305,0.14568361639976501,2.412208318710327,23.66232681274414,1258.531951004713,1.0052549792545301e-05
19710,1.1793829202651978,1.7816274166107178,1.5893524885177612,0.1183687150478363,2.4739508628845215,23.81120491027832,1258.5305882564799,1.004910548837933e-05
19720,1.3014012575149536,1.9825979471206665,1.545664668083191,0.13841623067855835,3.8344686031341553,23.76836585998535,1258.529157201962,1.0045777856784121e-05
19730,1.2067533731460571,1.8932570219039917,1.466870903968811,0.12419304996728897,2.5502798557281494,23.367874145507812,1258.527705136528,1.0042566906396738e-05
19740,1.0584564208984375,1.579950213432312,1.6187422275543213,0.12478572875261307,1.7907625436782837,24.252975463867188,1258.526263234195,1.0039472645551373e-05
19750,1.175345540046692,1.8524293899536133,1.3959791660308838,0.12769067287445068,2.058579683303833,23.740612030029297,1258.524819377201,1.0036495082279369e-05
19760,1.261924386024475,1.9468791484832764,1.5902951955795288,0.12263692170381546,1.6914652585983276,24.39180564880371,1258.5234178809642,1.0033634224309144e-05
19770,1.3258799314498901,2.0241177082061768,1.6256448030471802,0.142597958445549,1.7085163593292236,23.51169776916504,1258.522099664815,1.0030890079066225e-05
19780,1.3581202030181885,2.0309903621673584,1.6795196533203125,0.14601407945156097,2.1286754608154297,23.755733489990234,1258.5206812979804,1.002826265367319e-05
19790,1.2958711385726929,1.9613384008407593,1.6190013885498047,0.14850103855133057,1.9715309143066406,23.63063621520996,1258.5193617090924,1.0025751954949672e-05
19800,1.2143054008483887,1.9357012510299683,1.3452903032302856,0.13324488699436188,1.782759428024292,23.61924171447754,1258.5178802591656,1.0023357989412332e-05
19810,1.202812671661377,1.8410584926605225,1.518953561782837,0.12896588444709778,2.1381545066833496,24.063430786132812,1258.5164738284186,1.0021080763274831e-05
19820,1.1644269227981567,1.8047521114349365,1.53816819190979,0.13598614931106567,2.1035232543945312,24.065353393554688,1258.5151193281774,1.001892028244785e-05
19830,1.1574383974075317,1.7867717742919922,1.4596534967422485,0.13059329986572266,1.8281461000442505,24.027347564697266,1258.5136635001911,1.001687655253904e-05
19840,1.0925918817520142,1.734320044517517,1.3295681476593018,0.12210962176322937,3.044328212738037,23.607391357421875,1258.512308577791,1.0014949578853e-05
19850,1.1604801416397095,1.8391227722167969,1.2876677513122559,0.13724678754806519,3.1521122455596924,23.73581886291504,1258.5109830548947,1.0013139366391319e-05
19860,1.376291036605835,1.9970544576644897,1.8427304029464722,0.15062099695205688,2.2167301177978516,23.87625503540039,1258.509557484459,1.0011445919852492e-05
19870,1.303766131401062,1.998842477798462,1.5444129705429077,0.15322275459766388,2.7106893062591553,23.621904373168945,1258.50815148382,1.0009869243631953e-05
19880,1.1220444440841675,1.7473554611206055,1.3739954233169556,0.14359599351882935,2.053638458251953,23.85881996154785,1258.5067044453094,1.0008409341822062e-05
19890,1.3273802995681763,2.0180373191833496,1.6166603565216064,0.14844989776611328,2.1819067001342773,24.109827041625977,1258.5052718105094,1.0007066218212075e-05
19900,1.1165785789489746,1.7892276048660278,1.330285668373108,0.11643543094396591,1.9270946979522705,23.416507720947266,1258.5038611246034,1.000583987628814e-05
19910,1.1275252103805542,1.6715540885925293,1.5672607421875,0.13069669902324677,2.9704678058624268,23.85559844970703,1258.502501067921,1.0004730319233297e-05
19920,1.1221424341201782,1.7959860563278198,1.337095022201538,0.122907854616642,1.917880892753601,23.706893920898438,1258.5010990346793,1.0003737549927467e-05
19930,1.145900845527649,1.739457130432129,1.486007809638977,0.13072165846824646,2.206587314605713,23.700897216796875,1258.4997215662638,1.000286157094744e-05
19940,1.3442513942718506,1.936902642250061,1.7914880514144897,0.15169304609298706,1.8509080410003662,23.842397689819336,1258.4983358427105,1.0002102384566859e-05
19950,1.3548179864883423,1.9915196895599365,1.670525074005127,0.15966622531414032,2.4225449562072754,23.62556266784668,1258.4969748964147,1.0001459992756243e-05
19960,1.1532377004623413,1.7833062410354614,1.4483243227005005,0.13796459138393402,4.161700248718262,23.834035873413086,1258.4954662391451,1.0000934397182959e-05
19970,1.2297327518463135,1.948035478591919,1.242382287979126,0.13939614593982697,1.9159616231918335,23.766117095947266,1258.494125233581,1.000052559921121e-05
19980,1.1011133193969727,1.6651790142059326,1.555047631263733,0.1307184398174286,1.8017404079437256,23.722257614135742,1258.4926704646625,1.0000233599902064e-05
19990,1.1709891557693481,1.786147117614746,1.5108102560043335,0.13844212889671326,1.8420652151107788,23.989545822143555,1258.4912478757033,1.0000058400013411e-05
20000,1.1137402057647705,1.751245141029358,1.362365484237671,0.12080492079257965,3.2457449436187744,23.717437744140625,1258.4898387509181,1e-05
